model,scheme,row,de00,unc
"S-N + XGBoost, bagged",random 5-fold,0,3.1182,0.89979
"S-N + XGBoost, bagged",random 5-fold,1,0.9854,2.07632
"S-N + XGBoost, bagged",random 5-fold,2,3.0334,2.51346
"S-N + XGBoost, bagged",random 5-fold,3,1.3028,0.90753
"S-N + XGBoost, bagged",random 5-fold,4,1.5554,0.89611
"S-N + XGBoost, bagged",random 5-fold,5,2.5353,1.21459
"S-N + XGBoost, bagged",random 5-fold,6,1.7224,1.17074
"S-N + XGBoost, bagged",random 5-fold,7,1.2410,0.93630
"S-N + XGBoost, bagged",random 5-fold,8,1.6871,2.48390
"S-N + XGBoost, bagged",random 5-fold,9,1.4981,0.93227
"S-N + XGBoost, bagged",random 5-fold,10,1.3329,0.49198
"S-N + XGBoost, bagged",random 5-fold,11,1.3145,1.10947
"S-N + XGBoost, bagged",random 5-fold,12,1.9669,0.89758
"S-N + XGBoost, bagged",random 5-fold,13,2.4337,0.72573
"S-N + XGBoost, bagged",random 5-fold,14,2.7680,0.98032
"S-N + XGBoost, bagged",random 5-fold,15,1.2104,0.54939
"S-N + XGBoost, bagged",random 5-fold,16,1.1065,0.88018
"S-N + XGBoost, bagged",random 5-fold,17,1.8345,0.89440
"S-N + XGBoost, bagged",random 5-fold,18,1.2345,0.83031
"S-N + XGBoost, bagged",random 5-fold,19,3.3278,0.95063
"S-N + XGBoost, bagged",random 5-fold,20,3.4603,1.01226
"S-N + XGBoost, bagged",random 5-fold,21,1.2794,0.96313
"S-N + XGBoost, bagged",random 5-fold,22,3.2970,0.93284
"S-N + XGBoost, bagged",random 5-fold,23,1.2855,1.20142
"S-N + XGBoost, bagged",random 5-fold,24,1.1131,1.35692
"S-N + XGBoost, bagged",random 5-fold,25,1.2790,1.13670
"S-N + XGBoost, bagged",random 5-fold,26,0.8643,2.17927
"S-N + XGBoost, bagged",random 5-fold,27,2.6488,2.47744
"S-N + XGBoost, bagged",random 5-fold,28,0.6203,1.15897
"S-N + XGBoost, bagged",random 5-fold,29,0.7310,0.72445
"S-N + XGBoost, bagged",random 5-fold,30,1.0549,1.20205
"S-N + XGBoost, bagged",random 5-fold,31,3.6951,1.29626
"S-N + XGBoost, bagged",random 5-fold,32,2.3117,1.19319
"S-N + XGBoost, bagged",random 5-fold,33,1.9379,1.62899
"S-N + XGBoost, bagged",random 5-fold,34,0.9370,0.80283
"S-N + XGBoost, bagged",random 5-fold,35,2.5878,0.72943
"S-N + XGBoost, bagged",random 5-fold,36,0.8827,1.03793
"S-N + XGBoost, bagged",random 5-fold,37,1.3445,0.64763
"S-N + XGBoost, bagged",random 5-fold,38,1.5424,1.00543
"S-N + XGBoost, bagged",random 5-fold,39,2.8040,1.02416
"S-N + XGBoost, bagged",random 5-fold,40,1.9998,1.04613
"S-N + XGBoost, bagged",random 5-fold,41,0.7050,1.06614
"S-N + XGBoost, bagged",random 5-fold,42,0.7325,1.25073
"S-N + XGBoost, bagged",random 5-fold,43,0.2778,0.90148
"S-N + XGBoost, bagged",random 5-fold,44,2.3670,1.23734
"S-N + XGBoost, bagged",random 5-fold,45,1.5258,1.84102
"S-N + XGBoost, bagged",random 5-fold,46,0.8465,0.95061
"S-N + XGBoost, bagged",random 5-fold,47,1.0399,0.73487
"S-N + XGBoost, bagged",random 5-fold,48,1.0894,1.16109
"S-N + XGBoost, bagged",random 5-fold,49,0.9559,1.15531
"S-N + XGBoost, bagged",random 5-fold,50,1.5201,1.03483
"S-N + XGBoost, bagged",random 5-fold,51,1.3388,1.31052
"S-N + XGBoost, bagged",random 5-fold,52,3.2585,2.79704
"S-N + XGBoost, bagged",random 5-fold,53,1.7248,1.01761
"S-N + XGBoost, bagged",random 5-fold,54,1.2616,1.36177
"S-N + XGBoost, bagged",random 5-fold,55,1.4431,1.18512
"S-N + XGBoost, bagged",random 5-fold,56,2.1092,1.58363
"S-N + XGBoost, bagged",random 5-fold,57,0.5454,0.91002
"S-N + XGBoost, bagged",random 5-fold,58,2.0343,2.50746
"S-N + XGBoost, bagged",random 5-fold,59,0.5422,0.84332
"S-N + XGBoost, bagged",random 5-fold,60,1.9628,0.80778
"S-N + XGBoost, bagged",random 5-fold,61,0.9202,0.95639
"S-N + XGBoost, bagged",random 5-fold,62,1.1135,0.65759
"S-N + XGBoost, bagged",random 5-fold,63,2.7846,1.08457
"S-N + XGBoost, bagged",random 5-fold,64,2.1636,1.24643
"S-N + XGBoost, bagged",random 5-fold,65,0.6023,0.83734
"S-N + XGBoost, bagged",random 5-fold,66,0.5581,0.57991
"S-N + XGBoost, bagged",random 5-fold,67,1.3849,1.09040
"S-N + XGBoost, bagged",random 5-fold,68,1.0010,1.18625
"S-N + XGBoost, bagged",random 5-fold,69,1.2274,0.97683
"S-N + XGBoost, bagged",random 5-fold,70,2.0301,1.18227
"S-N + XGBoost, bagged",random 5-fold,71,1.2514,0.84373
"S-N + XGBoost, bagged",random 5-fold,72,0.5979,0.94884
"S-N + XGBoost, bagged",random 5-fold,73,0.8694,1.83770
"S-N + XGBoost, bagged",random 5-fold,74,1.3372,1.90347
"S-N + XGBoost, bagged",random 5-fold,75,1.1560,0.80581
"S-N + XGBoost, bagged",random 5-fold,76,2.1732,2.22659
"S-N + XGBoost, bagged",random 5-fold,77,3.9183,2.79710
"S-N + XGBoost, bagged",random 5-fold,78,0.6539,0.77013
"S-N + XGBoost, bagged",random 5-fold,79,0.6839,0.82573
"S-N + XGBoost, bagged",random 5-fold,80,1.4398,0.86484
"S-N + XGBoost, bagged",random 5-fold,81,0.4300,1.00996
"S-N + XGBoost, bagged",random 5-fold,82,1.2139,1.12674
"S-N + XGBoost, bagged",random 5-fold,83,2.8949,1.99607
"S-N + XGBoost, bagged",random 5-fold,84,1.1719,0.79706
"S-N + XGBoost, bagged",random 5-fold,85,1.8281,0.63240
"S-N + XGBoost, bagged",random 5-fold,86,0.4629,1.10027
"S-N + XGBoost, bagged",random 5-fold,87,0.6097,0.52010
"S-N + XGBoost, bagged",random 5-fold,88,2.0545,0.87222
"S-N + XGBoost, bagged",random 5-fold,89,2.0737,1.00638
"S-N + XGBoost, bagged",random 5-fold,90,0.7762,0.73340
"S-N + XGBoost, bagged",random 5-fold,91,0.2239,0.48637
"S-N + XGBoost, bagged",random 5-fold,92,0.6847,0.92967
"S-N + XGBoost, bagged",random 5-fold,93,0.2781,0.87210
"S-N + XGBoost, bagged",random 5-fold,94,1.3070,0.71936
"S-N + XGBoost, bagged",random 5-fold,95,1.6503,0.78597
"S-N + XGBoost, bagged",random 5-fold,96,0.9854,0.67282
"S-N + XGBoost, bagged",random 5-fold,97,0.1692,0.80942
"S-N + XGBoost, bagged",random 5-fold,98,0.4460,0.92800
"S-N + XGBoost, bagged",random 5-fold,99,0.4365,0.91987
"S-N + XGBoost, bagged",random 5-fold,100,1.4425,0.86224
"S-N + XGBoost, bagged",random 5-fold,101,0.5655,1.62368
"S-N + XGBoost, bagged",random 5-fold,102,1.3369,1.40741
"S-N + XGBoost, bagged",random 5-fold,103,0.3630,0.80563
"S-N + XGBoost, bagged",random 5-fold,104,0.8205,0.55035
"S-N + XGBoost, bagged",random 5-fold,105,0.7287,0.65836
"S-N + XGBoost, bagged",random 5-fold,106,1.4296,1.00902
"S-N + XGBoost, bagged",random 5-fold,107,1.0669,0.56868
"S-N + XGBoost, bagged",random 5-fold,108,0.4699,0.99906
"S-N + XGBoost, bagged",random 5-fold,109,1.7943,0.84305
"S-N + XGBoost, bagged",random 5-fold,110,1.3956,0.74407
"S-N + XGBoost, bagged",random 5-fold,111,0.1984,1.46908
"S-N + XGBoost, bagged",random 5-fold,112,0.6909,0.52778
"S-N + XGBoost, bagged",random 5-fold,113,4.1751,0.76081
"S-N + XGBoost, bagged",random 5-fold,114,0.9235,0.67325
"S-N + XGBoost, bagged",random 5-fold,115,0.2564,0.70920
"S-N + XGBoost, bagged",random 5-fold,116,0.5923,0.79825
"S-N + XGBoost, bagged",random 5-fold,117,1.2701,1.18102
"S-N + XGBoost, bagged",random 5-fold,118,1.1079,0.72475
"S-N + XGBoost, bagged",random 5-fold,119,1.1777,0.50430
"S-N + XGBoost, bagged",random 5-fold,120,0.8522,0.62097
"S-N + XGBoost, bagged",random 5-fold,121,0.6861,0.66954
"S-N + XGBoost, bagged",random 5-fold,122,0.3695,0.58220
"S-N + XGBoost, bagged",random 5-fold,123,0.5517,0.95285
"S-N + XGBoost, bagged",random 5-fold,124,0.5448,0.74834
"S-N + XGBoost, bagged",random 5-fold,125,0.6218,1.44020
"S-N + XGBoost, bagged",random 5-fold,126,1.2219,1.43908
"S-N + XGBoost, bagged",random 5-fold,127,0.9400,1.27153
"S-N + XGBoost, bagged",random 5-fold,128,0.5041,1.09709
"S-N + XGBoost, bagged",random 5-fold,129,0.1977,0.98751
"S-N + XGBoost, bagged",random 5-fold,130,0.8231,0.59991
"S-N + XGBoost, bagged",random 5-fold,131,1.5399,0.94575
"S-N + XGBoost, bagged",random 5-fold,132,0.5943,0.64873
"S-N + XGBoost, bagged",random 5-fold,133,1.6589,1.87052
"S-N + XGBoost, bagged",random 5-fold,134,2.4054,1.08989
"S-N + XGBoost, bagged",random 5-fold,135,0.1696,0.46821
"S-N + XGBoost, bagged",random 5-fold,136,0.3517,1.06799
"S-N + XGBoost, bagged",random 5-fold,137,0.4354,0.63395
"S-N + XGBoost, bagged",random 5-fold,138,1.2429,0.49357
"S-N + XGBoost, bagged",random 5-fold,139,0.3558,0.61158
"S-N + XGBoost, bagged",random 5-fold,140,0.2777,0.38408
"S-N + XGBoost, bagged",random 5-fold,141,0.7772,0.50328
"S-N + XGBoost, bagged",random 5-fold,142,0.6510,0.65163
"S-N + XGBoost, bagged",random 5-fold,143,0.7342,0.89923
"S-N + XGBoost, bagged",random 5-fold,144,0.6133,0.38931
"S-N + XGBoost, bagged",random 5-fold,145,0.3949,0.78100
"S-N + XGBoost, bagged",random 5-fold,146,1.5768,0.69924
"S-N + XGBoost, bagged",random 5-fold,147,1.2462,0.69340
"S-N + XGBoost, bagged",random 5-fold,148,4.6682,0.89398
"S-N + XGBoost, bagged",random 5-fold,149,4.0029,1.09648
"S-N + XGBoost, bagged",random 5-fold,150,1.3372,1.49131
"S-N + XGBoost, bagged",random 5-fold,151,5.0108,1.69899
"S-N + XGBoost, bagged",random 5-fold,152,3.4204,1.65126
"S-N + XGBoost, bagged",random 5-fold,153,0.9112,1.46615
"S-N + XGBoost, bagged",random 5-fold,154,0.8616,1.11435
"S-N + XGBoost, bagged",random 5-fold,155,1.0274,0.73466
"S-N + XGBoost, bagged",random 5-fold,156,2.3667,1.07939
"S-N + XGBoost, bagged",random 5-fold,157,1.0834,0.63867
"S-N + XGBoost, bagged",random 5-fold,158,3.1837,1.85961
"S-N + XGBoost, bagged",random 5-fold,159,1.0365,1.25475
"S-N + XGBoost, bagged",random 5-fold,160,0.6867,0.51395
"S-N + XGBoost, bagged",random 5-fold,161,0.6403,1.24041
"S-N + XGBoost, bagged",random 5-fold,162,0.3184,0.75837
"S-N + XGBoost, bagged",random 5-fold,163,0.8974,0.92205
"S-N + XGBoost, bagged",random 5-fold,164,0.3774,0.74049
"S-N + XGBoost, bagged",random 5-fold,165,0.4577,0.52937
"S-N + XGBoost, bagged",random 5-fold,166,1.1978,0.98129
"S-N + XGBoost, bagged",random 5-fold,167,0.5880,0.83857
"S-N + XGBoost, bagged",random 5-fold,168,1.9234,0.73142
"S-N + XGBoost, bagged",random 5-fold,169,0.3998,1.26553
"S-N + XGBoost, bagged",random 5-fold,170,1.5740,0.77178
"S-N + XGBoost, bagged",random 5-fold,171,1.0604,0.61436
"S-N + XGBoost, bagged",random 5-fold,172,1.7343,1.17855
"S-N + XGBoost, bagged",random 5-fold,173,3.4872,0.69688
"S-N + XGBoost, bagged",random 5-fold,174,5.9172,1.42380
"S-N + XGBoost, bagged",random 5-fold,175,0.6769,0.74459
"S-N + XGBoost, bagged",random 5-fold,176,1.0609,1.29586
"S-N + XGBoost, bagged",random 5-fold,177,0.9675,1.46630
"S-N + XGBoost, bagged",random 5-fold,178,0.7527,0.64867
"S-N + XGBoost, bagged",random 5-fold,179,0.2185,0.67042
"S-N + XGBoost, bagged",random 5-fold,180,0.3667,0.44554
"S-N + XGBoost, bagged",random 5-fold,181,1.4738,0.60302
"S-N + XGBoost, bagged",random 5-fold,182,0.7432,0.55917
"S-N + XGBoost, bagged",random 5-fold,183,1.2458,1.27268
"S-N + XGBoost, bagged",random 5-fold,184,1.1395,0.85099
"S-N + XGBoost, bagged",random 5-fold,185,1.1977,0.46166
"S-N + XGBoost, bagged",random 5-fold,186,0.6034,1.01550
"S-N + XGBoost, bagged",random 5-fold,187,0.2411,0.43764
"S-N + XGBoost, bagged",random 5-fold,188,1.2817,0.69863
"S-N + XGBoost, bagged",random 5-fold,189,0.8156,0.53092
"S-N + XGBoost, bagged",random 5-fold,190,0.7199,0.29257
"S-N + XGBoost, bagged",random 5-fold,191,1.4942,0.58600
"S-N + XGBoost, bagged",random 5-fold,192,0.6313,0.49262
"S-N + XGBoost, bagged",random 5-fold,193,0.8060,1.03520
"S-N + XGBoost, bagged",random 5-fold,194,0.6070,0.43996
"S-N + XGBoost, bagged",random 5-fold,195,0.5429,0.84856
"S-N + XGBoost, bagged",random 5-fold,196,1.2532,0.74399
"S-N + XGBoost, bagged",random 5-fold,197,0.9810,0.49712
"S-N + XGBoost, bagged",random 5-fold,198,4.5816,0.71321
"S-N + XGBoost, bagged",random 5-fold,199,4.2856,1.12262
"S-N + XGBoost, bagged",random 5-fold,200,2.1323,2.42245
"S-N + XGBoost, bagged",random 5-fold,201,1.6487,2.35001
"S-N + XGBoost, bagged",random 5-fold,202,0.4432,1.25553
"S-N + XGBoost, bagged",random 5-fold,203,1.6171,1.42020
"S-N + XGBoost, bagged",random 5-fold,204,1.6841,1.04807
"S-N + XGBoost, bagged",random 5-fold,205,1.8810,0.81968
"S-N + XGBoost, bagged",random 5-fold,206,1.4029,1.30063
"S-N + XGBoost, bagged",random 5-fold,207,1.7937,1.14257
"S-N + XGBoost, bagged",random 5-fold,208,2.4608,2.85780
"S-N + XGBoost, bagged",random 5-fold,209,2.1258,1.60553
"S-N + XGBoost, bagged",random 5-fold,210,0.5432,0.77211
"S-N + XGBoost, bagged",random 5-fold,211,0.7913,1.60960
"S-N + XGBoost, bagged",random 5-fold,212,0.5415,0.75417
"S-N + XGBoost, bagged",random 5-fold,213,1.8914,0.86848
"S-N + XGBoost, bagged",random 5-fold,214,1.7789,1.02901
"S-N + XGBoost, bagged",random 5-fold,215,0.3557,0.48083
"S-N + XGBoost, bagged",random 5-fold,216,0.8107,1.50828
"S-N + XGBoost, bagged",random 5-fold,217,1.4229,1.03850
"S-N + XGBoost, bagged",random 5-fold,218,0.9417,0.88142
"S-N + XGBoost, bagged",random 5-fold,219,1.1608,1.14913
"S-N + XGBoost, bagged",random 5-fold,220,0.9491,1.01421
"S-N + XGBoost, bagged",random 5-fold,221,0.4878,1.18825
"S-N + XGBoost, bagged",random 5-fold,222,0.4437,1.09559
"S-N + XGBoost, bagged",random 5-fold,223,5.5214,1.62090
"S-N + XGBoost, bagged",random 5-fold,224,6.8257,1.38965
"S-N + XGBoost, bagged",random 5-fold,225,0.5347,2.07534
"S-N + XGBoost, bagged",random 5-fold,226,0.6927,1.38811
"S-N + XGBoost, bagged",random 5-fold,227,2.2273,1.72240
"S-N + XGBoost, bagged",random 5-fold,228,2.3243,1.12273
"S-N + XGBoost, bagged",random 5-fold,229,2.1379,1.19132
"S-N + XGBoost, bagged",random 5-fold,230,2.3225,0.61570
"S-N + XGBoost, bagged",random 5-fold,231,0.9319,1.42426
"S-N + XGBoost, bagged",random 5-fold,232,1.3055,1.30447
"S-N + XGBoost, bagged",random 5-fold,233,2.9847,1.54015
"S-N + XGBoost, bagged",random 5-fold,234,0.7228,0.82400
"S-N + XGBoost, bagged",random 5-fold,235,1.0322,0.73092
"S-N + XGBoost, bagged",random 5-fold,236,1.3166,1.32850
"S-N + XGBoost, bagged",random 5-fold,237,0.5987,0.60521
"S-N + XGBoost, bagged",random 5-fold,238,0.7955,0.72006
"S-N + XGBoost, bagged",random 5-fold,239,1.4248,1.16500
"S-N + XGBoost, bagged",random 5-fold,240,0.7221,0.51125
"S-N + XGBoost, bagged",random 5-fold,241,0.5096,0.69141
"S-N + XGBoost, bagged",random 5-fold,242,1.4982,1.16450
"S-N + XGBoost, bagged",random 5-fold,243,1.1131,0.73328
"S-N + XGBoost, bagged",random 5-fold,244,0.2346,1.13852
"S-N + XGBoost, bagged",random 5-fold,245,1.2530,1.18747
"S-N + XGBoost, bagged",random 5-fold,246,0.9023,0.58300
"S-N + XGBoost, bagged",random 5-fold,247,1.0505,0.67386
"S-N + XGBoost, bagged",random 5-fold,248,5.9194,1.45730
"S-N + XGBoost, bagged",random 5-fold,249,6.0859,1.73686
"S-N + XGBoost, bagged",random 5-fold,250,0.3382,0.87650
"S-N + XGBoost, bagged",random 5-fold,251,1.1695,1.41595
"S-N + XGBoost, bagged",random 5-fold,252,0.8499,2.05335
"S-N + XGBoost, bagged",random 5-fold,253,0.6227,0.85874
"S-N + XGBoost, bagged",random 5-fold,254,0.6749,0.50625
"S-N + XGBoost, bagged",random 5-fold,255,1.0798,0.75709
"S-N + XGBoost, bagged",random 5-fold,256,0.5371,0.78923
"S-N + XGBoost, bagged",random 5-fold,257,0.1545,0.50569
"S-N + XGBoost, bagged",random 5-fold,258,1.6297,1.87668
"S-N + XGBoost, bagged",random 5-fold,259,0.1385,0.46803
"S-N + XGBoost, bagged",random 5-fold,260,0.6850,0.23166
"S-N + XGBoost, bagged",random 5-fold,261,0.6385,0.93884
"S-N + XGBoost, bagged",random 5-fold,262,1.0820,0.35872
"S-N + XGBoost, bagged",random 5-fold,263,0.6156,0.53516
"S-N + XGBoost, bagged",random 5-fold,264,1.2754,1.27405
"S-N + XGBoost, bagged",random 5-fold,265,1.0737,0.31895
"S-N + XGBoost, bagged",random 5-fold,266,1.4692,0.52340
"S-N + XGBoost, bagged",random 5-fold,267,1.7271,0.69994
"S-N + XGBoost, bagged",random 5-fold,268,0.9068,0.56652
"S-N + XGBoost, bagged",random 5-fold,269,1.3311,0.39973
"S-N + XGBoost, bagged",random 5-fold,270,2.3524,0.91534
"S-N + XGBoost, bagged",random 5-fold,271,0.7204,0.54349
"S-N + XGBoost, bagged",random 5-fold,272,1.7570,0.50435
"S-N + XGBoost, bagged",random 5-fold,273,0.8453,0.65958
"S-N + XGBoost, bagged",random 5-fold,274,1.0252,1.47787
"S-N + XGBoost, bagged",random 5-fold,275,1.0083,0.91062
"S-N + XGBoost, bagged",random 5-fold,276,0.8086,1.43759
"S-N + XGBoost, bagged",random 5-fold,277,2.7411,3.45852
"S-N + XGBoost, bagged",random 5-fold,278,0.1191,0.64183
"S-N + XGBoost, bagged",random 5-fold,279,0.6154,0.83326
"S-N + XGBoost, bagged",random 5-fold,280,1.1546,0.72338
"S-N + XGBoost, bagged",random 5-fold,281,0.5604,0.83425
"S-N + XGBoost, bagged",random 5-fold,282,1.2154,0.67134
"S-N + XGBoost, bagged",random 5-fold,283,1.6018,1.65755
"S-N + XGBoost, bagged",random 5-fold,284,0.5157,0.97466
"S-N + XGBoost, bagged",random 5-fold,285,1.2974,0.79836
"S-N + XGBoost, bagged",random 5-fold,286,1.3095,0.74178
"S-N + XGBoost, bagged",random 5-fold,287,0.7587,0.86175
"S-N + XGBoost, bagged",random 5-fold,288,3.0261,0.69703
"S-N + XGBoost, bagged",random 5-fold,289,0.8777,1.00875
"S-N + XGBoost, bagged",random 5-fold,290,2.2895,0.75140
"S-N + XGBoost, bagged",random 5-fold,291,0.1928,0.57567
"S-N + XGBoost, bagged",random 5-fold,292,0.6052,1.18964
"S-N + XGBoost, bagged",random 5-fold,293,1.2425,0.74997
"S-N + XGBoost, bagged",random 5-fold,294,0.9371,0.62818
"S-N + XGBoost, bagged",random 5-fold,295,1.7727,1.12911
"S-N + XGBoost, bagged",random 5-fold,296,0.2766,0.79368
"S-N + XGBoost, bagged",random 5-fold,297,0.2677,0.61731
"S-N + XGBoost, bagged",random 5-fold,298,1.1633,1.11113
"S-N + XGBoost, bagged",random 5-fold,299,1.3465,1.13191
"S-N + XGBoost, bagged",random 5-fold,300,1.3173,0.78992
"S-N + XGBoost, bagged",random 5-fold,301,0.7985,1.39335
"S-N + XGBoost, bagged",random 5-fold,302,0.7947,1.81317
"S-N + XGBoost, bagged",random 5-fold,303,0.5224,0.40885
"S-N + XGBoost, bagged",random 5-fold,304,0.1702,0.62544
"S-N + XGBoost, bagged",random 5-fold,305,1.3114,0.62380
"S-N + XGBoost, bagged",random 5-fold,306,1.2610,0.69470
"S-N + XGBoost, bagged",random 5-fold,307,0.3238,0.70799
"S-N + XGBoost, bagged",random 5-fold,308,2.0751,1.29230
"S-N + XGBoost, bagged",random 5-fold,309,0.3329,0.61257
"S-N + XGBoost, bagged",random 5-fold,310,0.2629,0.40077
"S-N + XGBoost, bagged",random 5-fold,311,0.1133,1.12319
"S-N + XGBoost, bagged",random 5-fold,312,0.3064,0.37946
"S-N + XGBoost, bagged",random 5-fold,313,3.0608,0.81111
"S-N + XGBoost, bagged",random 5-fold,314,1.5128,0.57611
"S-N + XGBoost, bagged",random 5-fold,315,0.8153,0.48026
"S-N + XGBoost, bagged",random 5-fold,316,0.4171,0.54083
"S-N + XGBoost, bagged",random 5-fold,317,1.5853,0.68616
"S-N + XGBoost, bagged",random 5-fold,318,0.2277,0.78988
"S-N + XGBoost, bagged",random 5-fold,319,1.2754,0.58470
"S-N + XGBoost, bagged",random 5-fold,320,1.4178,0.52426
"S-N + XGBoost, bagged",random 5-fold,321,0.5071,0.69866
"S-N + XGBoost, bagged",random 5-fold,322,1.0497,0.71605
"S-N + XGBoost, bagged",random 5-fold,323,1.0776,0.57004
"S-N + XGBoost, bagged",random 5-fold,324,1.6186,0.64328
"S-N + XGBoost, bagged",random 5-fold,325,1.1602,0.53398
"S-N + XGBoost, bagged",random 5-fold,326,1.0796,1.04303
"S-N + XGBoost, bagged",random 5-fold,327,3.9396,2.33153
"S-N + XGBoost, bagged",random 5-fold,328,1.2561,0.63130
"S-N + XGBoost, bagged",random 5-fold,329,0.9126,0.92124
"S-N + XGBoost, bagged",random 5-fold,330,3.2212,0.49988
"S-N + XGBoost, bagged",random 5-fold,331,1.5611,0.90979
"S-N + XGBoost, bagged",random 5-fold,332,1.1756,1.02149
"S-N + XGBoost, bagged",random 5-fold,333,2.1417,1.97562
"S-N + XGBoost, bagged",random 5-fold,334,1.0513,0.52351
"S-N + XGBoost, bagged",random 5-fold,335,0.7106,0.39071
"S-N + XGBoost, bagged",random 5-fold,336,1.2561,0.70790
"S-N + XGBoost, bagged",random 5-fold,337,0.3416,0.55890
"S-N + XGBoost, bagged",random 5-fold,338,0.7578,0.75340
"S-N + XGBoost, bagged",random 5-fold,339,0.9506,0.61658
"S-N + XGBoost, bagged",random 5-fold,340,0.6494,0.45805
"S-N + XGBoost, bagged",random 5-fold,341,0.8815,0.66759
"S-N + XGBoost, bagged",random 5-fold,342,1.7818,0.62789
"S-N + XGBoost, bagged",random 5-fold,343,0.7493,0.46970
"S-N + XGBoost, bagged",random 5-fold,344,0.6875,0.54238
"S-N + XGBoost, bagged",random 5-fold,345,1.7343,0.81485
"S-N + XGBoost, bagged",random 5-fold,346,0.3887,0.66202
"S-N + XGBoost, bagged",random 5-fold,347,0.9143,0.54944
"S-N + XGBoost, bagged",random 5-fold,348,2.0749,2.03287
"S-N + XGBoost, bagged",random 5-fold,349,1.7544,1.51557
"S-N + XGBoost, bagged",random 5-fold,350,2.6622,0.72569
"S-N + XGBoost, bagged",random 5-fold,351,1.7744,1.45923
"S-N + XGBoost, bagged",random 5-fold,352,1.1241,1.52065
"S-N + XGBoost, bagged",random 5-fold,353,0.9785,0.90468
"S-N + XGBoost, bagged",random 5-fold,354,0.2296,0.59823
"S-N + XGBoost, bagged",random 5-fold,355,0.9588,0.47497
"S-N + XGBoost, bagged",random 5-fold,356,1.8544,0.70458
"S-N + XGBoost, bagged",random 5-fold,357,0.5927,0.42188
"S-N + XGBoost, bagged",random 5-fold,358,3.1013,1.10814
"S-N + XGBoost, bagged",random 5-fold,359,1.0320,0.79553
"S-N + XGBoost, bagged",random 5-fold,360,0.1971,0.45889
"S-N + XGBoost, bagged",random 5-fold,361,0.6058,1.42731
"S-N + XGBoost, bagged",random 5-fold,362,0.7574,0.47989
"S-N + XGBoost, bagged",random 5-fold,363,1.5167,0.46481
"S-N + XGBoost, bagged",random 5-fold,364,1.2226,0.52352
"S-N + XGBoost, bagged",random 5-fold,365,0.8152,0.41092
"S-N + XGBoost, bagged",random 5-fold,366,1.0323,0.59339
"S-N + XGBoost, bagged",random 5-fold,367,1.5251,0.47009
"S-N + XGBoost, bagged",random 5-fold,368,0.9544,0.68508
"S-N + XGBoost, bagged",random 5-fold,369,0.6213,0.60930
"S-N + XGBoost, bagged",random 5-fold,370,1.1521,0.73010
"S-N + XGBoost, bagged",random 5-fold,371,0.8353,0.58901
"S-N + XGBoost, bagged",random 5-fold,372,0.6105,0.38695
"S-N + XGBoost, bagged",random 5-fold,373,2.3184,0.71287
"S-N + XGBoost, bagged",random 5-fold,374,1.1226,1.68603
"S-N + XGBoost, bagged",random 5-fold,375,2.1537,0.85764
"S-N + XGBoost, bagged",random 5-fold,376,0.9175,1.41016
"S-N + XGBoost, bagged",random 5-fold,377,1.5194,1.49845
"S-N + XGBoost, bagged",random 5-fold,378,2.0177,0.60791
"S-N + XGBoost, bagged",random 5-fold,379,0.9138,0.74004
"S-N + XGBoost, bagged",random 5-fold,380,0.6980,0.59461
"S-N + XGBoost, bagged",random 5-fold,381,0.9638,0.66428
"S-N + XGBoost, bagged",random 5-fold,382,1.4963,0.76676
"S-N + XGBoost, bagged",random 5-fold,383,0.5669,1.03067
"S-N + XGBoost, bagged",random 5-fold,384,1.2909,0.63028
"S-N + XGBoost, bagged",random 5-fold,385,0.3174,0.43722
"S-N + XGBoost, bagged",random 5-fold,386,0.7250,0.84149
"S-N + XGBoost, bagged",random 5-fold,387,0.4962,0.55508
"S-N + XGBoost, bagged",random 5-fold,388,1.0128,0.61865
"S-N + XGBoost, bagged",random 5-fold,389,1.1405,0.62125
"S-N + XGBoost, bagged",random 5-fold,390,0.3009,0.53808
"S-N + XGBoost, bagged",random 5-fold,391,1.2107,0.69462
"S-N + XGBoost, bagged",random 5-fold,392,1.3229,0.67239
"S-N + XGBoost, bagged",random 5-fold,393,0.7563,0.75796
"S-N + XGBoost, bagged",random 5-fold,394,1.1625,0.64412
"S-N + XGBoost, bagged",random 5-fold,395,1.8406,0.67666
"S-N + XGBoost, bagged",random 5-fold,396,0.9107,0.55906
"S-N + XGBoost, bagged",random 5-fold,397,1.7970,0.58961
"S-N + XGBoost, bagged",random 5-fold,398,0.9856,0.86116
"S-N + XGBoost, bagged",random 5-fold,399,3.8537,0.98455
"S-N + XGBoost, bagged",random 5-fold,400,2.1988,1.27802
"S-N + XGBoost, bagged",random 5-fold,401,2.8548,1.79825
"S-N + XGBoost, bagged",random 5-fold,402,7.2952,2.83300
"S-N + XGBoost, bagged",random 5-fold,403,2.1341,0.79624
"S-N + XGBoost, bagged",random 5-fold,404,1.9465,0.44142
"S-N + XGBoost, bagged",random 5-fold,405,3.1946,0.50811
"S-N + XGBoost, bagged",random 5-fold,406,1.8746,0.69593
"S-N + XGBoost, bagged",random 5-fold,407,3.6914,0.61461
"S-N + XGBoost, bagged",random 5-fold,408,1.4203,2.28952
"S-N + XGBoost, bagged",random 5-fold,409,1.5056,0.77183
"S-N + XGBoost, bagged",random 5-fold,410,0.9170,0.52392
"S-N + XGBoost, bagged",random 5-fold,411,0.9145,0.78495
"S-N + XGBoost, bagged",random 5-fold,412,0.7625,0.55679
"S-N + XGBoost, bagged",random 5-fold,413,1.1418,0.52807
"S-N + XGBoost, bagged",random 5-fold,414,2.0887,0.62445
"S-N + XGBoost, bagged",random 5-fold,415,1.1102,0.42444
"S-N + XGBoost, bagged",random 5-fold,416,0.8922,0.56471
"S-N + XGBoost, bagged",random 5-fold,417,0.5502,0.59275
"S-N + XGBoost, bagged",random 5-fold,418,0.9093,0.62257
"S-N + XGBoost, bagged",random 5-fold,419,1.8011,0.56804
"S-N + XGBoost, bagged",random 5-fold,420,2.5005,0.86820
"S-N + XGBoost, bagged",random 5-fold,421,0.4418,0.30696
"S-N + XGBoost, bagged",random 5-fold,422,1.0750,0.83230
"S-N + XGBoost, bagged",random 5-fold,423,1.1135,0.85651
"S-N + XGBoost, bagged",random 5-fold,424,2.9738,0.73254
"S-N + XGBoost, bagged",random 5-fold,425,2.1024,0.89776
"S-N + XGBoost, bagged",random 5-fold,426,0.7911,1.71355
"S-N + XGBoost, bagged",random 5-fold,427,1.0772,1.42710
"S-N + XGBoost, bagged",random 5-fold,428,1.1310,0.75481
"S-N + XGBoost, bagged",random 5-fold,429,0.4200,1.11076
"S-N + XGBoost, bagged",random 5-fold,430,0.5329,0.63969
"S-N + XGBoost, bagged",random 5-fold,431,0.9850,1.12464
"S-N + XGBoost, bagged",random 5-fold,432,0.6073,0.74523
"S-N + XGBoost, bagged",random 5-fold,433,0.8959,1.56178
"S-N + XGBoost, bagged",random 5-fold,434,0.5878,0.75522
"S-N + XGBoost, bagged",random 5-fold,435,0.3654,0.63594
"S-N + XGBoost, bagged",random 5-fold,436,0.6503,1.71393
"S-N + XGBoost, bagged",random 5-fold,437,0.7261,0.77538
"S-N + XGBoost, bagged",random 5-fold,438,1.7025,1.08988
"S-N + XGBoost, bagged",random 5-fold,439,1.9114,0.91443
"S-N + XGBoost, bagged",random 5-fold,440,0.8608,0.71598
"S-N + XGBoost, bagged",random 5-fold,441,1.1255,0.83697
"S-N + XGBoost, bagged",random 5-fold,442,2.3802,0.92207
"S-N + XGBoost, bagged",random 5-fold,443,1.5643,0.87287
"S-N + XGBoost, bagged",random 5-fold,444,2.1568,0.67304
"S-N + XGBoost, bagged",random 5-fold,445,0.8408,0.65879
"S-N + XGBoost, bagged",random 5-fold,446,1.5172,0.90243
"S-N + XGBoost, bagged",random 5-fold,447,0.9863,0.63646
"S-N + XGBoost, bagged",random 5-fold,448,0.5906,1.09160
"S-N + XGBoost, bagged",random 5-fold,449,1.7013,1.49572
"S-N + XGBoost, bagged",random 5-fold,450,0.6432,0.84999
"S-N + XGBoost, bagged",random 5-fold,451,1.4614,1.37284
"S-N + XGBoost, bagged",random 5-fold,452,5.0628,3.52589
"S-N + XGBoost, bagged",random 5-fold,453,1.5044,0.86645
"S-N + XGBoost, bagged",random 5-fold,454,0.3881,0.70947
"S-N + XGBoost, bagged",random 5-fold,455,0.3661,0.69498
"S-N + XGBoost, bagged",random 5-fold,456,2.0757,0.70144
"S-N + XGBoost, bagged",random 5-fold,457,2.2190,0.77667
"S-N + XGBoost, bagged",random 5-fold,458,0.4595,1.83352
"S-N + XGBoost, bagged",random 5-fold,459,0.5623,1.01897
"S-N + XGBoost, bagged",random 5-fold,460,1.6298,0.59175
"S-N + XGBoost, bagged",random 5-fold,461,1.1722,0.67050
"S-N + XGBoost, bagged",random 5-fold,462,0.5976,0.55977
"S-N + XGBoost, bagged",random 5-fold,463,3.4993,0.91850
"S-N + XGBoost, bagged",random 5-fold,464,1.4142,1.11989
"S-N + XGBoost, bagged",random 5-fold,465,1.9767,0.79467
"S-N + XGBoost, bagged",random 5-fold,466,0.6215,0.46651
"S-N + XGBoost, bagged",random 5-fold,467,0.6604,0.75555
"S-N + XGBoost, bagged",random 5-fold,468,0.8688,1.17907
"S-N + XGBoost, bagged",random 5-fold,469,1.5229,0.40024
"S-N + XGBoost, bagged",random 5-fold,470,1.7141,0.77312
"S-N + XGBoost, bagged",random 5-fold,471,1.9092,0.67271
"S-N + XGBoost, bagged",random 5-fold,472,1.1469,0.95719
"S-N + XGBoost, bagged",random 5-fold,473,1.6864,0.86881
"S-N + XGBoost, bagged",random 5-fold,474,1.9835,1.00094
"S-N + XGBoost, bagged",random 5-fold,475,2.6509,0.64517
"S-N + XGBoost, bagged",random 5-fold,476,2.1716,1.75796
"S-N + XGBoost, bagged",random 5-fold,477,3.9395,1.61460
"S-N + XGBoost, bagged",random 5-fold,478,2.1052,0.74505
"S-N + XGBoost, bagged",random 5-fold,479,1.4262,0.71713
"S-N + XGBoost, bagged",random 5-fold,480,1.6058,0.65917
"S-N + XGBoost, bagged",random 5-fold,481,1.8148,0.66374
"S-N + XGBoost, bagged",random 5-fold,482,1.5497,1.21015
"S-N + XGBoost, bagged",random 5-fold,483,2.3708,1.36921
"S-N + XGBoost, bagged",random 5-fold,484,1.4361,0.97062
"S-N + XGBoost, bagged",random 5-fold,485,1.3081,0.48933
"S-N + XGBoost, bagged",random 5-fold,486,0.8543,0.96494
"S-N + XGBoost, bagged",random 5-fold,487,0.3919,0.59996
"S-N + XGBoost, bagged",random 5-fold,488,2.0940,0.73089
"S-N + XGBoost, bagged",random 5-fold,489,1.4260,0.78433
"S-N + XGBoost, bagged",random 5-fold,490,1.9513,0.64965
"S-N + XGBoost, bagged",random 5-fold,491,1.8261,0.45184
"S-N + XGBoost, bagged",random 5-fold,492,0.6768,0.76090
"S-N + XGBoost, bagged",random 5-fold,493,1.6468,0.71135
"S-N + XGBoost, bagged",random 5-fold,494,2.1425,0.62965
"S-N + XGBoost, bagged",random 5-fold,495,1.4059,0.81309
"S-N + XGBoost, bagged",random 5-fold,496,1.9410,0.63107
"S-N + XGBoost, bagged",random 5-fold,497,2.0862,0.69086
"S-N + XGBoost, bagged",random 5-fold,498,0.5755,1.02052
"S-N + XGBoost, bagged",random 5-fold,499,2.3049,1.16900
"S-N + XGBoost, bagged",random 5-fold,500,2.4767,0.95939
"S-N + XGBoost, bagged",random 5-fold,501,2.0665,2.72363
"S-N + XGBoost, bagged",random 5-fold,502,8.9340,2.32763
"S-N + XGBoost, bagged",random 5-fold,503,1.0622,0.93534
"S-N + XGBoost, bagged",random 5-fold,504,0.6820,0.73170
"S-N + XGBoost, bagged",random 5-fold,505,1.1306,1.33999
"S-N + XGBoost, bagged",random 5-fold,506,0.7348,0.99175
"S-N + XGBoost, bagged",random 5-fold,507,4.1747,0.85033
"S-N + XGBoost, bagged",random 5-fold,508,7.4961,2.02899
"S-N + XGBoost, bagged",random 5-fold,509,1.4076,1.08528
"S-N + XGBoost, bagged",random 5-fold,510,2.6750,0.90348
"S-N + XGBoost, bagged",random 5-fold,511,1.2969,1.27811
"S-N + XGBoost, bagged",random 5-fold,512,1.2257,0.75558
"S-N + XGBoost, bagged",random 5-fold,513,2.3830,0.74270
"S-N + XGBoost, bagged",random 5-fold,514,3.4179,0.74787
"S-N + XGBoost, bagged",random 5-fold,515,1.6267,0.94486
"S-N + XGBoost, bagged",random 5-fold,516,2.0250,0.72922
"S-N + XGBoost, bagged",random 5-fold,517,1.5254,1.21207
"S-N + XGBoost, bagged",random 5-fold,518,0.8875,0.88921
"S-N + XGBoost, bagged",random 5-fold,519,1.2682,0.82141
"S-N + XGBoost, bagged",random 5-fold,520,2.2652,0.97720
"S-N + XGBoost, bagged",random 5-fold,521,2.8178,1.01872
"S-N + XGBoost, bagged",random 5-fold,522,3.5935,1.04796
"S-N + XGBoost, bagged",random 5-fold,523,0.5962,1.62338
"S-N + XGBoost, bagged",random 5-fold,524,2.1761,1.47730
"S-N + XGBoost, bagged",random 5-fold,525,1.6232,0.89570
"S-N + XGBoost, bagged",random 5-fold,526,0.9772,2.71960
"S-N + XGBoost, bagged",random 5-fold,527,5.7548,1.85074
"S-N + XGBoost, bagged",random 5-fold,528,1.2325,0.67706
"S-N + XGBoost, bagged",random 5-fold,529,0.3545,0.85535
"S-N + XGBoost, bagged",random 5-fold,530,2.0691,1.03049
"S-N + XGBoost, bagged",random 5-fold,531,0.8609,0.97813
"S-N + XGBoost, bagged",random 5-fold,532,5.1724,0.86440
"S-N + XGBoost, bagged",random 5-fold,533,5.8391,1.21631
"S-N + XGBoost, bagged",random 5-fold,534,0.4592,0.86333
"S-N + XGBoost, bagged",random 5-fold,535,1.1314,0.38138
"S-N + XGBoost, bagged",random 5-fold,536,0.5165,0.81086
"S-N + XGBoost, bagged",random 5-fold,537,2.2498,0.57724
"S-N + XGBoost, bagged",random 5-fold,538,0.4591,0.74240
"S-N + XGBoost, bagged",random 5-fold,539,4.2902,1.33212
"S-N + XGBoost, bagged",random 5-fold,540,0.4830,0.63210
"S-N + XGBoost, bagged",random 5-fold,541,3.4881,0.54513
"S-N + XGBoost, bagged",random 5-fold,542,0.6063,0.87723
"S-N + XGBoost, bagged",random 5-fold,543,1.0808,0.86195
"S-N + XGBoost, bagged",random 5-fold,544,0.5169,0.67694
"S-N + XGBoost, bagged",random 5-fold,545,1.9224,1.14149
"S-N + XGBoost, bagged",random 5-fold,546,0.5771,0.84845
"S-N + XGBoost, bagged",random 5-fold,547,3.7731,0.79573
"S-N + XGBoost, bagged",random 5-fold,548,1.9218,1.62247
"S-N + XGBoost, bagged",random 5-fold,549,2.4145,1.92616
"S-N + XGBoost, bagged",random 5-fold,550,2.3397,0.75047
"S-N + XGBoost, bagged",random 5-fold,551,0.5701,3.58986
"S-N + XGBoost, bagged",random 5-fold,552,8.1807,1.52274
"S-N + XGBoost, bagged",random 5-fold,553,1.1463,0.94204
"S-N + XGBoost, bagged",random 5-fold,554,0.9965,0.70473
"S-N + XGBoost, bagged",random 5-fold,555,2.3887,0.54176
"S-N + XGBoost, bagged",random 5-fold,556,0.6395,0.70663
"S-N + XGBoost, bagged",random 5-fold,557,6.0682,0.73452
"S-N + XGBoost, bagged",random 5-fold,558,5.7700,1.77156
"S-N + XGBoost, bagged",random 5-fold,559,0.9192,1.26015
"S-N + XGBoost, bagged",random 5-fold,560,0.9043,0.64135
"S-N + XGBoost, bagged",random 5-fold,561,1.0267,0.93621
"S-N + XGBoost, bagged",random 5-fold,562,0.6594,0.60402
"S-N + XGBoost, bagged",random 5-fold,563,0.4650,0.58496
"S-N + XGBoost, bagged",random 5-fold,564,5.0888,0.73920
"S-N + XGBoost, bagged",random 5-fold,565,0.9998,0.67154
"S-N + XGBoost, bagged",random 5-fold,566,3.7410,0.64894
"S-N + XGBoost, bagged",random 5-fold,567,0.4372,1.14776
"S-N + XGBoost, bagged",random 5-fold,568,0.6592,0.68525
"S-N + XGBoost, bagged",random 5-fold,569,1.2470,0.80362
"S-N + XGBoost, bagged",random 5-fold,570,1.9287,1.05452
"S-N + XGBoost, bagged",random 5-fold,571,1.0084,1.01085
"S-N + XGBoost, bagged",random 5-fold,572,4.6945,0.67726
"S-N + XGBoost, bagged",random 5-fold,573,1.0298,1.12330
"S-N + XGBoost, bagged",random 5-fold,574,0.5273,1.05174
"S-N + XGBoost, bagged",random 5-fold,575,2.2246,0.69758
"S-N + XGBoost, bagged",random 5-fold,576,0.9924,2.92788
"S-N + XGBoost, bagged",random 5-fold,577,8.7080,1.71481
"S-N + XGBoost, bagged",random 5-fold,578,1.4905,0.81859
"S-N + XGBoost, bagged",random 5-fold,579,0.8679,0.69023
"S-N + XGBoost, bagged",random 5-fold,580,2.3193,1.10657
"S-N + XGBoost, bagged",random 5-fold,581,2.4262,0.90101
"S-N + XGBoost, bagged",random 5-fold,582,4.4202,0.79887
"S-N + XGBoost, bagged",random 5-fold,583,8.5060,1.25568
"S-N + XGBoost, bagged",random 5-fold,584,3.7664,0.99837
"S-N + XGBoost, bagged",random 5-fold,585,1.9854,0.54892
"S-N + XGBoost, bagged",random 5-fold,586,0.7216,1.13503
"S-N + XGBoost, bagged",random 5-fold,587,0.9777,0.50128
"S-N + XGBoost, bagged",random 5-fold,588,3.7923,0.63647
"S-N + XGBoost, bagged",random 5-fold,589,3.9396,0.65519
"S-N + XGBoost, bagged",random 5-fold,590,0.5986,0.66908
"S-N + XGBoost, bagged",random 5-fold,591,2.1786,0.85383
"S-N + XGBoost, bagged",random 5-fold,592,0.6431,1.12290
"S-N + XGBoost, bagged",random 5-fold,593,0.9865,0.61445
"S-N + XGBoost, bagged",random 5-fold,594,1.4805,0.51395
"S-N + XGBoost, bagged",random 5-fold,595,0.8596,0.95762
"S-N + XGBoost, bagged",random 5-fold,596,1.8467,0.63562
"S-N + XGBoost, bagged",random 5-fold,597,3.3155,0.57307
"S-N + XGBoost, bagged",random 5-fold,598,0.6678,0.90843
"S-N + XGBoost, bagged",random 5-fold,599,0.9095,1.54816
"S-N + XGBoost, bagged",random 5-fold,600,1.9696,1.04523
"S-N + XGBoost, bagged",random 5-fold,601,1.8509,3.12581
"S-N + XGBoost, bagged",random 5-fold,602,8.8046,2.55888
"S-N + XGBoost, bagged",random 5-fold,603,1.7011,1.17306
"S-N + XGBoost, bagged",random 5-fold,604,0.7511,0.81403
"S-N + XGBoost, bagged",random 5-fold,605,2.5836,1.06116
"S-N + XGBoost, bagged",random 5-fold,606,0.9643,1.10509
"S-N + XGBoost, bagged",random 5-fold,607,4.4947,0.91014
"S-N + XGBoost, bagged",random 5-fold,608,6.7708,3.04635
"S-N + XGBoost, bagged",random 5-fold,609,3.8093,1.22833
"S-N + XGBoost, bagged",random 5-fold,610,0.4526,0.93102
"S-N + XGBoost, bagged",random 5-fold,611,0.4448,1.51228
"S-N + XGBoost, bagged",random 5-fold,612,0.3513,0.86937
"S-N + XGBoost, bagged",random 5-fold,613,4.0743,0.97196
"S-N + XGBoost, bagged",random 5-fold,614,3.9972,0.95643
"S-N + XGBoost, bagged",random 5-fold,615,0.8218,1.23760
"S-N + XGBoost, bagged",random 5-fold,616,1.8620,1.14362
"S-N + XGBoost, bagged",random 5-fold,617,0.6805,1.41013
"S-N + XGBoost, bagged",random 5-fold,618,0.1828,0.99324
"S-N + XGBoost, bagged",random 5-fold,619,0.8478,0.92917
"S-N + XGBoost, bagged",random 5-fold,620,1.4241,0.82347
"S-N + XGBoost, bagged",random 5-fold,621,0.7704,1.06899
"S-N + XGBoost, bagged",random 5-fold,622,1.8408,0.84619
"S-N + XGBoost, bagged",random 5-fold,623,1.5260,0.96005
"S-N + XGBoost, bagged",random 5-fold,624,1.5373,1.68634
S-N + GP,random 5-fold,0,2.1476,4.23735
S-N + GP,random 5-fold,1,0.4498,4.26733
S-N + GP,random 5-fold,2,1.4365,3.94600
S-N + GP,random 5-fold,3,1.1261,3.89685
S-N + GP,random 5-fold,4,1.4558,3.79664
S-N + GP,random 5-fold,5,1.1764,3.67232
S-N + GP,random 5-fold,6,2.4486,3.93118
S-N + GP,random 5-fold,7,0.8941,3.72106
S-N + GP,random 5-fold,8,1.4880,3.66577
S-N + GP,random 5-fold,9,0.7422,4.12920
S-N + GP,random 5-fold,10,1.2564,3.48471
S-N + GP,random 5-fold,11,2.3014,3.90523
S-N + GP,random 5-fold,12,2.1398,3.56732
S-N + GP,random 5-fold,13,1.1677,3.97652
S-N + GP,random 5-fold,14,2.8822,3.68363
S-N + GP,random 5-fold,15,0.9976,3.66059
S-N + GP,random 5-fold,16,2.7684,3.65869
S-N + GP,random 5-fold,17,2.3500,3.65740
S-N + GP,random 5-fold,18,1.8345,3.68970
S-N + GP,random 5-fold,19,4.0505,3.56881
S-N + GP,random 5-fold,20,8.7910,3.61053
S-N + GP,random 5-fold,21,1.2545,3.71780
S-N + GP,random 5-fold,22,2.4380,3.67522
S-N + GP,random 5-fold,23,0.7739,3.68955
S-N + GP,random 5-fold,24,0.8696,3.66097
S-N + GP,random 5-fold,25,0.9921,4.87444
S-N + GP,random 5-fold,26,1.7132,4.41276
S-N + GP,random 5-fold,27,0.7016,4.21608
S-N + GP,random 5-fold,28,0.9048,3.94422
S-N + GP,random 5-fold,29,1.0320,3.96460
S-N + GP,random 5-fold,30,0.3143,3.86188
S-N + GP,random 5-fold,31,4.1527,3.89141
S-N + GP,random 5-fold,32,3.0882,3.56544
S-N + GP,random 5-fold,33,0.7182,3.86393
S-N + GP,random 5-fold,34,0.5933,4.12853
S-N + GP,random 5-fold,35,2.2548,3.70305
S-N + GP,random 5-fold,36,1.6483,3.87694
S-N + GP,random 5-fold,37,1.0131,3.63895
S-N + GP,random 5-fold,38,1.3315,3.94522
S-N + GP,random 5-fold,39,2.6203,3.68988
S-N + GP,random 5-fold,40,1.5694,3.66644
S-N + GP,random 5-fold,41,0.2684,3.56406
S-N + GP,random 5-fold,42,0.4656,3.65406
S-N + GP,random 5-fold,43,1.4696,3.61932
S-N + GP,random 5-fold,44,2.4859,3.69756
S-N + GP,random 5-fold,45,8.6541,3.56706
S-N + GP,random 5-fold,46,0.2654,3.72236
S-N + GP,random 5-fold,47,0.6651,3.51646
S-N + GP,random 5-fold,48,0.3721,3.75840
S-N + GP,random 5-fold,49,0.6193,3.96985
S-N + GP,random 5-fold,50,0.8918,4.84060
S-N + GP,random 5-fold,51,1.2295,4.51173
S-N + GP,random 5-fold,52,0.5471,4.07516
S-N + GP,random 5-fold,53,1.3248,4.09228
S-N + GP,random 5-fold,54,0.9204,3.85187
S-N + GP,random 5-fold,55,0.6474,3.81531
S-N + GP,random 5-fold,56,3.6298,4.02193
S-N + GP,random 5-fold,57,1.7116,3.72552
S-N + GP,random 5-fold,58,0.8060,3.67754
S-N + GP,random 5-fold,59,0.4120,3.91737
S-N + GP,random 5-fold,60,1.4298,3.78605
S-N + GP,random 5-fold,61,1.7969,4.06282
S-N + GP,random 5-fold,62,1.3487,3.67580
S-N + GP,random 5-fold,63,2.1741,3.88864
S-N + GP,random 5-fold,64,1.7026,3.71098
S-N + GP,random 5-fold,65,0.4729,3.73447
S-N + GP,random 5-fold,66,1.4130,3.63232
S-N + GP,random 5-fold,67,0.9091,3.71141
S-N + GP,random 5-fold,68,1.4435,3.77915
S-N + GP,random 5-fold,69,1.6933,3.65371
S-N + GP,random 5-fold,70,8.8758,3.42706
S-N + GP,random 5-fold,71,0.5258,3.70201
S-N + GP,random 5-fold,72,0.6787,3.65988
S-N + GP,random 5-fold,73,1.0021,3.68789
S-N + GP,random 5-fold,74,0.3990,4.08881
S-N + GP,random 5-fold,75,1.3658,4.63795
S-N + GP,random 5-fold,76,0.6046,4.32467
S-N + GP,random 5-fold,77,1.6705,3.94385
S-N + GP,random 5-fold,78,0.6807,3.86934
S-N + GP,random 5-fold,79,0.4564,3.94136
S-N + GP,random 5-fold,80,1.0988,3.76275
S-N + GP,random 5-fold,81,1.5302,4.04122
S-N + GP,random 5-fold,82,0.6074,3.64732
S-N + GP,random 5-fold,83,0.8526,3.82542
S-N + GP,random 5-fold,84,0.5297,3.92235
S-N + GP,random 5-fold,85,1.6793,3.66887
S-N + GP,random 5-fold,86,2.1093,4.11707
S-N + GP,random 5-fold,87,0.8224,3.63983
S-N + GP,random 5-fold,88,1.0156,3.76692
S-N + GP,random 5-fold,89,1.9194,3.67518
S-N + GP,random 5-fold,90,0.6910,3.69139
S-N + GP,random 5-fold,91,1.2613,3.68272
S-N + GP,random 5-fold,92,2.3821,3.69828
S-N + GP,random 5-fold,93,1.5120,3.97546
S-N + GP,random 5-fold,94,1.7912,3.67273
S-N + GP,random 5-fold,95,6.8782,3.62245
S-N + GP,random 5-fold,96,0.3339,3.71852
S-N + GP,random 5-fold,97,1.0073,3.58125
S-N + GP,random 5-fold,98,1.1245,3.62893
S-N + GP,random 5-fold,99,1.5671,3.99217
S-N + GP,random 5-fold,100,0.6415,4.61249
S-N + GP,random 5-fold,101,1.8784,4.39967
S-N + GP,random 5-fold,102,1.2000,3.98294
S-N + GP,random 5-fold,103,1.1998,3.90838
S-N + GP,random 5-fold,104,0.5394,3.86689
S-N + GP,random 5-fold,105,0.5568,3.70598
S-N + GP,random 5-fold,106,1.9843,3.82943
S-N + GP,random 5-fold,107,0.8270,3.57653
S-N + GP,random 5-fold,108,1.0041,3.72420
S-N + GP,random 5-fold,109,1.2431,4.15943
S-N + GP,random 5-fold,110,1.0661,3.76163
S-N + GP,random 5-fold,111,0.7369,3.89419
S-N + GP,random 5-fold,112,1.0769,3.60970
S-N + GP,random 5-fold,113,3.4433,3.94661
S-N + GP,random 5-fold,114,1.2873,3.53094
S-N + GP,random 5-fold,115,0.2938,3.68971
S-N + GP,random 5-fold,116,1.1354,3.63597
S-N + GP,random 5-fold,117,2.9834,3.66102
S-N + GP,random 5-fold,118,0.9297,3.75715
S-N + GP,random 5-fold,119,1.6520,3.68010
S-N + GP,random 5-fold,120,5.9620,3.57568
S-N + GP,random 5-fold,121,0.9373,3.69464
S-N + GP,random 5-fold,122,0.8259,3.44258
S-N + GP,random 5-fold,123,1.8954,3.69995
S-N + GP,random 5-fold,124,1.6451,3.87894
S-N + GP,random 5-fold,125,1.2715,4.50049
S-N + GP,random 5-fold,126,2.9645,4.61208
S-N + GP,random 5-fold,127,1.1974,4.30510
S-N + GP,random 5-fold,128,0.5934,3.66047
S-N + GP,random 5-fold,129,0.9410,3.88142
S-N + GP,random 5-fold,130,0.1927,3.75171
S-N + GP,random 5-fold,131,1.1207,4.01871
S-N + GP,random 5-fold,132,0.4937,3.68868
S-N + GP,random 5-fold,133,2.1676,3.84092
S-N + GP,random 5-fold,134,1.6115,4.18902
S-N + GP,random 5-fold,135,0.8372,3.73441
S-N + GP,random 5-fold,136,0.6088,3.79749
S-N + GP,random 5-fold,137,0.7275,3.63702
S-N + GP,random 5-fold,138,0.7480,3.84992
S-N + GP,random 5-fold,139,1.0566,3.69842
S-N + GP,random 5-fold,140,0.5688,3.58073
S-N + GP,random 5-fold,141,1.1538,3.42364
S-N + GP,random 5-fold,142,2.9115,3.57565
S-N + GP,random 5-fold,143,0.9919,3.79834
S-N + GP,random 5-fold,144,0.7672,3.47644
S-N + GP,random 5-fold,145,4.8699,3.54613
S-N + GP,random 5-fold,146,2.0821,3.75918
S-N + GP,random 5-fold,147,1.6894,3.56210
S-N + GP,random 5-fold,148,6.1054,3.68429
S-N + GP,random 5-fold,149,5.6580,3.80488
S-N + GP,random 5-fold,150,2.6369,4.69248
S-N + GP,random 5-fold,151,6.7145,5.15975
S-N + GP,random 5-fold,152,4.2122,4.80835
S-N + GP,random 5-fold,153,1.0615,3.87455
S-N + GP,random 5-fold,154,1.2626,3.89090
S-N + GP,random 5-fold,155,0.3894,3.81465
S-N + GP,random 5-fold,156,0.7689,4.02645
S-N + GP,random 5-fold,157,0.4297,3.67958
S-N + GP,random 5-fold,158,1.6914,4.08175
S-N + GP,random 5-fold,159,1.1332,3.95188
S-N + GP,random 5-fold,160,0.5976,3.77882
S-N + GP,random 5-fold,161,1.2742,3.91145
S-N + GP,random 5-fold,162,1.0209,3.59220
S-N + GP,random 5-fold,163,0.4621,3.97350
S-N + GP,random 5-fold,164,0.8135,3.73591
S-N + GP,random 5-fold,165,0.3467,3.58963
S-N + GP,random 5-fold,166,0.6415,3.56466
S-N + GP,random 5-fold,167,2.0220,3.47498
S-N + GP,random 5-fold,168,1.4058,3.61522
S-N + GP,random 5-fold,169,0.4048,3.54857
S-N + GP,random 5-fold,170,6.1683,3.68855
S-N + GP,random 5-fold,171,1.9858,3.69247
S-N + GP,random 5-fold,172,1.0803,3.64223
S-N + GP,random 5-fold,173,6.8685,3.73471
S-N + GP,random 5-fold,174,6.4982,4.07037
S-N + GP,random 5-fold,175,0.9671,4.22730
S-N + GP,random 5-fold,176,1.7148,4.20967
S-N + GP,random 5-fold,177,0.8350,3.77232
S-N + GP,random 5-fold,178,0.7284,3.77328
S-N + GP,random 5-fold,179,0.6682,3.77804
S-N + GP,random 5-fold,180,0.2074,3.69349
S-N + GP,random 5-fold,181,1.0473,3.69444
S-N + GP,random 5-fold,182,0.6582,3.65502
S-N + GP,random 5-fold,183,1.0821,3.62772
S-N + GP,random 5-fold,184,0.7743,4.04916
S-N + GP,random 5-fold,185,0.5830,3.49389
S-N + GP,random 5-fold,186,0.6415,3.58675
S-N + GP,random 5-fold,187,0.4585,3.58619
S-N + GP,random 5-fold,188,0.9388,3.85550
S-N + GP,random 5-fold,189,0.6647,3.46781
S-N + GP,random 5-fold,190,0.7836,3.57147
S-N + GP,random 5-fold,191,1.3232,3.60308
S-N + GP,random 5-fold,192,2.8774,3.44973
S-N + GP,random 5-fold,193,0.7016,3.70466
S-N + GP,random 5-fold,194,1.0077,3.58852
S-N + GP,random 5-fold,195,5.3728,3.50557
S-N + GP,random 5-fold,196,1.7106,3.44141
S-N + GP,random 5-fold,197,1.3559,3.57316
S-N + GP,random 5-fold,198,6.3293,3.67856
S-N + GP,random 5-fold,199,4.3767,3.80689
S-N + GP,random 5-fold,200,2.6224,4.88670
S-N + GP,random 5-fold,201,0.9225,4.57998
S-N + GP,random 5-fold,202,0.8179,3.90022
S-N + GP,random 5-fold,203,1.3010,3.81495
S-N + GP,random 5-fold,204,0.5306,3.92002
S-N + GP,random 5-fold,205,1.9471,3.81911
S-N + GP,random 5-fold,206,2.6364,3.81368
S-N + GP,random 5-fold,207,0.5462,3.65076
S-N + GP,random 5-fold,208,0.9394,3.67644
S-N + GP,random 5-fold,209,0.7712,4.28138
S-N + GP,random 5-fold,210,0.3111,3.71219
S-N + GP,random 5-fold,211,0.9863,3.93758
S-N + GP,random 5-fold,212,0.5525,3.57910
S-N + GP,random 5-fold,213,0.8629,3.97100
S-N + GP,random 5-fold,214,1.5890,3.72370
S-N + GP,random 5-fold,215,0.5148,3.67760
S-N + GP,random 5-fold,216,1.0196,3.68330
S-N + GP,random 5-fold,217,1.9134,3.67441
S-N + GP,random 5-fold,218,0.8239,3.80549
S-N + GP,random 5-fold,219,1.4394,3.76512
S-N + GP,random 5-fold,220,6.4322,3.45067
S-N + GP,random 5-fold,221,0.5418,3.62585
S-N + GP,random 5-fold,222,0.5464,3.71442
S-N + GP,random 5-fold,223,6.4913,3.61115
S-N + GP,random 5-fold,224,7.7964,3.83558
S-N + GP,random 5-fold,225,1.5236,4.60754
S-N + GP,random 5-fold,226,1.2684,4.53529
S-N + GP,random 5-fold,227,0.7187,4.06953
S-N + GP,random 5-fold,228,2.7418,4.04313
S-N + GP,random 5-fold,229,2.0960,3.81370
S-N + GP,random 5-fold,230,2.5042,3.76268
S-N + GP,random 5-fold,231,2.2133,3.99135
S-N + GP,random 5-fold,232,1.0454,3.69351
S-N + GP,random 5-fold,233,0.4165,3.80191
S-N + GP,random 5-fold,234,0.2771,4.18612
S-N + GP,random 5-fold,235,0.6955,3.68306
S-N + GP,random 5-fold,236,1.2803,3.74923
S-N + GP,random 5-fold,237,0.6235,3.63292
S-N + GP,random 5-fold,238,0.5069,3.81210
S-N + GP,random 5-fold,239,1.3421,3.66284
S-N + GP,random 5-fold,240,0.4734,3.66673
S-N + GP,random 5-fold,241,0.6265,3.61969
S-N + GP,random 5-fold,242,0.8524,3.60282
S-N + GP,random 5-fold,243,1.9654,3.87287
S-N + GP,random 5-fold,244,0.7531,3.68806
S-N + GP,random 5-fold,245,6.2404,3.53967
S-N + GP,random 5-fold,246,0.2885,3.70874
S-N + GP,random 5-fold,247,0.6211,3.66527
S-N + GP,random 5-fold,248,8.0696,3.66808
S-N + GP,random 5-fold,249,8.2477,4.01614
S-N + GP,random 5-fold,250,2.8093,4.22804
S-N + GP,random 5-fold,251,1.8783,4.15666
S-N + GP,random 5-fold,252,2.0087,3.70990
S-N + GP,random 5-fold,253,1.4024,3.81704
S-N + GP,random 5-fold,254,0.4980,3.83435
S-N + GP,random 5-fold,255,1.7245,3.54415
S-N + GP,random 5-fold,256,1.1195,3.76878
S-N + GP,random 5-fold,257,0.5932,3.71099
S-N + GP,random 5-fold,258,1.0438,3.70256
S-N + GP,random 5-fold,259,0.5205,3.99540
S-N + GP,random 5-fold,260,0.6349,3.63682
S-N + GP,random 5-fold,261,1.6736,3.81646
S-N + GP,random 5-fold,262,0.6424,3.63988
S-N + GP,random 5-fold,263,0.5288,3.74996
S-N + GP,random 5-fold,264,1.4420,3.55650
S-N + GP,random 5-fold,265,0.8104,3.66602
S-N + GP,random 5-fold,266,0.9891,3.52879
S-N + GP,random 5-fold,267,3.9217,3.66668
S-N + GP,random 5-fold,268,1.8696,3.68988
S-N + GP,random 5-fold,269,1.1306,3.51126
S-N + GP,random 5-fold,270,8.3342,3.61110
S-N + GP,random 5-fold,271,0.6587,3.66328
S-N + GP,random 5-fold,272,1.7284,3.59573
S-N + GP,random 5-fold,273,1.4222,3.49054
S-N + GP,random 5-fold,274,3.6048,3.82850
S-N + GP,random 5-fold,275,2.3733,4.55626
S-N + GP,random 5-fold,276,1.0742,4.40617
S-N + GP,random 5-fold,277,0.6710,3.94760
S-N + GP,random 5-fold,278,0.8106,3.90291
S-N + GP,random 5-fold,279,0.4585,3.98321
S-N + GP,random 5-fold,280,0.3585,3.90650
S-N + GP,random 5-fold,281,1.0686,4.00723
S-N + GP,random 5-fold,282,0.5266,3.81147
S-N + GP,random 5-fold,283,1.2595,3.76947
S-N + GP,random 5-fold,284,0.3883,4.17298
S-N + GP,random 5-fold,285,0.9347,3.65240
S-N + GP,random 5-fold,286,1.8378,4.11422
S-N + GP,random 5-fold,287,0.5608,3.67873
S-N + GP,random 5-fold,288,2.0060,3.90076
S-N + GP,random 5-fold,289,1.3508,3.47524
S-N + GP,random 5-fold,290,2.3573,3.68997
S-N + GP,random 5-fold,291,1.4175,3.54209
S-N + GP,random 5-fold,292,2.2252,3.56450
S-N + GP,random 5-fold,293,1.7044,3.90479
S-N + GP,random 5-fold,294,0.6960,3.50019
S-N + GP,random 5-fold,295,7.5476,3.64364
S-N + GP,random 5-fold,296,0.3510,3.80633
S-N + GP,random 5-fold,297,0.5471,3.72410
S-N + GP,random 5-fold,298,1.2787,3.50786
S-N + GP,random 5-fold,299,2.1032,3.91844
S-N + GP,random 5-fold,300,2.2941,4.09421
S-N + GP,random 5-fold,301,2.2422,4.24736
S-N + GP,random 5-fold,302,1.7856,4.00160
S-N + GP,random 5-fold,303,0.8292,3.60452
S-N + GP,random 5-fold,304,1.0114,3.71706
S-N + GP,random 5-fold,305,0.8150,3.66564
S-N + GP,random 5-fold,306,0.6812,3.81774
S-N + GP,random 5-fold,307,0.6950,3.69072
S-N + GP,random 5-fold,308,0.8785,3.64716
S-N + GP,random 5-fold,309,1.1690,3.69977
S-N + GP,random 5-fold,310,0.8753,3.48920
S-N + GP,random 5-fold,311,1.4724,3.78977
S-N + GP,random 5-fold,312,1.0173,3.42947
S-N + GP,random 5-fold,313,0.9892,3.70449
S-N + GP,random 5-fold,314,1.6806,3.45056
S-N + GP,random 5-fold,315,1.3771,3.64638
S-N + GP,random 5-fold,316,1.5809,3.42130
S-N + GP,random 5-fold,317,3.0925,3.64414
S-N + GP,random 5-fold,318,1.6894,3.69572
S-N + GP,random 5-fold,319,1.2746,3.65246
S-N + GP,random 5-fold,320,6.1770,3.56036
S-N + GP,random 5-fold,321,0.6773,3.64796
S-N + GP,random 5-fold,322,1.6075,3.61372
S-N + GP,random 5-fold,323,0.9541,3.64253
S-N + GP,random 5-fold,324,2.7053,3.74263
S-N + GP,random 5-fold,325,1.8249,4.79681
S-N + GP,random 5-fold,326,1.9570,4.38988
S-N + GP,random 5-fold,327,0.9660,3.98636
S-N + GP,random 5-fold,328,1.8523,3.89650
S-N + GP,random 5-fold,329,0.8482,3.82112
S-N + GP,random 5-fold,330,3.6598,3.75312
S-N + GP,random 5-fold,331,1.2923,3.92205
S-N + GP,random 5-fold,332,0.7888,3.64745
S-N + GP,random 5-fold,333,0.6826,3.71115
S-N + GP,random 5-fold,334,0.9574,4.01190
S-N + GP,random 5-fold,335,0.5808,3.73407
S-N + GP,random 5-fold,336,1.5391,3.79231
S-N + GP,random 5-fold,337,0.5804,3.52031
S-N + GP,random 5-fold,338,0.1148,3.91462
S-N + GP,random 5-fold,339,1.7543,3.70170
S-N + GP,random 5-fold,340,1.0650,3.56670
S-N + GP,random 5-fold,341,0.3502,3.64134
S-N + GP,random 5-fold,342,2.4226,3.57996
S-N + GP,random 5-fold,343,2.3255,3.79902
S-N + GP,random 5-fold,344,0.5686,3.63204
S-N + GP,random 5-fold,345,8.8595,3.63154
S-N + GP,random 5-fold,346,0.3603,3.67612
S-N + GP,random 5-fold,347,1.0092,3.60913
S-N + GP,random 5-fold,348,1.6412,3.62577
S-N + GP,random 5-fold,349,2.1985,3.81189
S-N + GP,random 5-fold,350,4.2781,3.99416
S-N + GP,random 5-fold,351,3.5295,4.12310
S-N + GP,random 5-fold,352,2.3298,3.91451
S-N + GP,random 5-fold,353,0.4803,3.68813
S-N + GP,random 5-fold,354,0.9386,3.66869
S-N + GP,random 5-fold,355,1.4338,3.60815
S-N + GP,random 5-fold,356,1.4376,3.61873
S-N + GP,random 5-fold,357,0.7859,3.64314
S-N + GP,random 5-fold,358,1.7411,3.63029
S-N + GP,random 5-fold,359,1.2485,3.82130
S-N + GP,random 5-fold,360,0.9851,3.55933
S-N + GP,random 5-fold,361,1.5169,3.70856
S-N + GP,random 5-fold,362,1.3109,3.54789
S-N + GP,random 5-fold,363,1.2820,3.67298
S-N + GP,random 5-fold,364,1.8874,3.58559
S-N + GP,random 5-fold,365,0.7350,3.61236
S-N + GP,random 5-fold,366,1.6954,3.38186
S-N + GP,random 5-fold,367,3.2534,3.61270
S-N + GP,random 5-fold,368,1.7558,3.61928
S-N + GP,random 5-fold,369,1.3237,3.57299
S-N + GP,random 5-fold,370,5.8119,3.50722
S-N + GP,random 5-fold,371,1.0338,3.58526
S-N + GP,random 5-fold,372,1.3723,3.51927
S-N + GP,random 5-fold,373,1.9109,3.43468
S-N + GP,random 5-fold,374,3.0622,3.54262
S-N + GP,random 5-fold,375,1.9596,3.96577
S-N + GP,random 5-fold,376,1.6231,3.86982
S-N + GP,random 5-fold,377,0.4344,3.78878
S-N + GP,random 5-fold,378,1.6134,3.69484
S-N + GP,random 5-fold,379,0.6428,3.74321
S-N + GP,random 5-fold,380,0.3538,3.67073
S-N + GP,random 5-fold,381,1.0041,3.59559
S-N + GP,random 5-fold,382,1.3623,3.52807
S-N + GP,random 5-fold,383,1.3493,3.57468
S-N + GP,random 5-fold,384,0.6015,3.77852
S-N + GP,random 5-fold,385,1.0588,3.61553
S-N + GP,random 5-fold,386,1.0265,3.51207
S-N + GP,random 5-fold,387,0.9750,3.49440
S-N + GP,random 5-fold,388,0.4758,3.51119
S-N + GP,random 5-fold,389,1.2663,3.39845
S-N + GP,random 5-fold,390,0.4571,3.58563
S-N + GP,random 5-fold,391,0.8503,3.39067
S-N + GP,random 5-fold,392,3.8178,3.58558
S-N + GP,random 5-fold,393,1.6597,3.63619
S-N + GP,random 5-fold,394,1.9694,3.60089
S-N + GP,random 5-fold,395,6.9877,3.38425
S-N + GP,random 5-fold,396,0.8507,3.55533
S-N + GP,random 5-fold,397,1.9150,3.39472
S-N + GP,random 5-fold,398,2.1714,3.52064
S-N + GP,random 5-fold,399,1.9718,3.68630
S-N + GP,random 5-fold,400,2.6455,4.13604
S-N + GP,random 5-fold,401,3.7798,4.18606
S-N + GP,random 5-fold,402,3.0356,3.93499
S-N + GP,random 5-fold,403,2.2340,3.89160
S-N + GP,random 5-fold,404,1.5317,3.91579
S-N + GP,random 5-fold,405,1.6268,3.83608
S-N + GP,random 5-fold,406,2.2325,3.90192
S-N + GP,random 5-fold,407,2.0266,3.77392
S-N + GP,random 5-fold,408,2.1981,3.68645
S-N + GP,random 5-fold,409,1.0582,4.08116
S-N + GP,random 5-fold,410,0.8181,3.63527
S-N + GP,random 5-fold,411,1.7011,3.83790
S-N + GP,random 5-fold,412,1.2849,3.52401
S-N + GP,random 5-fold,413,0.8397,3.90357
S-N + GP,random 5-fold,414,2.3704,3.63080
S-N + GP,random 5-fold,415,1.0129,3.67891
S-N + GP,random 5-fold,416,1.4049,3.45069
S-N + GP,random 5-fold,417,2.8038,3.69987
S-N + GP,random 5-fold,418,1.4758,3.54102
S-N + GP,random 5-fold,419,2.3591,3.48925
S-N + GP,random 5-fold,420,7.2001,3.44570
S-N + GP,random 5-fold,421,1.2676,3.48222
S-N + GP,random 5-fold,422,1.5945,3.57650
S-N + GP,random 5-fold,423,0.7857,3.50122
S-N + GP,random 5-fold,424,1.1416,3.78837
S-N + GP,random 5-fold,425,1.1136,4.08475
S-N + GP,random 5-fold,426,3.7259,3.78836
S-N + GP,random 5-fold,427,1.9850,3.88963
S-N + GP,random 5-fold,428,1.9332,3.74698
S-N + GP,random 5-fold,429,0.5892,3.75423
S-N + GP,random 5-fold,430,0.6308,3.68982
S-N + GP,random 5-fold,431,1.6760,3.85813
S-N + GP,random 5-fold,432,0.6297,3.56449
S-N + GP,random 5-fold,433,2.6768,3.47834
S-N + GP,random 5-fold,434,1.0821,3.87427
S-N + GP,random 5-fold,435,0.6790,3.64466
S-N + GP,random 5-fold,436,0.8425,3.71307
S-N + GP,random 5-fold,437,0.6643,3.60790
S-N + GP,random 5-fold,438,2.0092,3.75101
S-N + GP,random 5-fold,439,1.7635,3.42800
S-N + GP,random 5-fold,440,0.5533,3.53649
S-N + GP,random 5-fold,441,1.1498,3.58774
S-N + GP,random 5-fold,442,4.1640,3.42147
S-N + GP,random 5-fold,443,1.3547,3.49630
S-N + GP,random 5-fold,444,1.9102,3.65786
S-N + GP,random 5-fold,445,7.3066,3.51319
S-N + GP,random 5-fold,446,1.6662,3.59587
S-N + GP,random 5-fold,447,1.6516,3.52352
S-N + GP,random 5-fold,448,1.5408,3.57793
S-N + GP,random 5-fold,449,2.1568,3.57630
S-N + GP,random 5-fold,450,1.0713,4.63921
S-N + GP,random 5-fold,451,2.4832,4.01499
S-N + GP,random 5-fold,452,2.1164,3.88095
S-N + GP,random 5-fold,453,1.9364,3.84857
S-N + GP,random 5-fold,454,0.8838,3.75473
S-N + GP,random 5-fold,455,0.6797,3.68799
S-N + GP,random 5-fold,456,2.0236,3.99895
S-N + GP,random 5-fold,457,1.3585,3.47576
S-N + GP,random 5-fold,458,1.5974,3.70327
S-N + GP,random 5-fold,459,0.4077,3.86985
S-N + GP,random 5-fold,460,1.6858,3.47771
S-N + GP,random 5-fold,461,1.4727,3.81862
S-N + GP,random 5-fold,462,0.8675,3.62668
S-N + GP,random 5-fold,463,4.9735,3.90287
S-N + GP,random 5-fold,464,1.6942,3.55870
S-N + GP,random 5-fold,465,1.9656,3.63208
S-N + GP,random 5-fold,466,1.3021,3.63354
S-N + GP,random 5-fold,467,3.0582,3.58665
S-N + GP,random 5-fold,468,1.5305,3.68723
S-N + GP,random 5-fold,469,1.4334,3.77780
S-N + GP,random 5-fold,470,6.8618,3.40308
S-N + GP,random 5-fold,471,2.3184,3.70473
S-N + GP,random 5-fold,472,1.6405,3.64185
S-N + GP,random 5-fold,473,1.8562,3.75760
S-N + GP,random 5-fold,474,0.7549,3.76533
S-N + GP,random 5-fold,475,1.7301,3.94452
S-N + GP,random 5-fold,476,0.8866,3.85369
S-N + GP,random 5-fold,477,0.8406,3.70638
S-N + GP,random 5-fold,478,1.5564,3.69709
S-N + GP,random 5-fold,479,0.6386,3.73809
S-N + GP,random 5-fold,480,0.4607,3.66578
S-N + GP,random 5-fold,481,1.9736,3.75506
S-N + GP,random 5-fold,482,0.7696,3.53303
S-N + GP,random 5-fold,483,2.2943,3.63806
S-N + GP,random 5-fold,484,0.5547,3.86964
S-N + GP,random 5-fold,485,1.2828,3.61575
S-N + GP,random 5-fold,486,0.6506,3.69093
S-N + GP,random 5-fold,487,0.8755,3.58803
S-N + GP,random 5-fold,488,0.7715,3.74824
S-N + GP,random 5-fold,489,0.9570,3.39244
S-N + GP,random 5-fold,490,1.2981,3.59608
S-N + GP,random 5-fold,491,0.6086,3.38335
S-N + GP,random 5-fold,492,2.3706,3.59527
S-N + GP,random 5-fold,493,1.7524,3.57470
S-N + GP,random 5-fold,494,1.9050,3.57556
S-N + GP,random 5-fold,495,6.7644,3.37867
S-N + GP,random 5-fold,496,1.4896,3.59607
S-N + GP,random 5-fold,497,1.5022,3.57319
S-N + GP,random 5-fold,498,1.5738,3.52557
S-N + GP,random 5-fold,499,0.7588,3.69975
S-N + GP,random 5-fold,500,2.9433,4.23009
S-N + GP,random 5-fold,501,3.9455,4.29894
S-N + GP,random 5-fold,502,9.2752,3.75311
S-N + GP,random 5-fold,503,1.3702,3.88577
S-N + GP,random 5-fold,504,0.8249,3.86973
S-N + GP,random 5-fold,505,0.8888,3.68330
S-N + GP,random 5-fold,506,0.7915,3.96809
S-N + GP,random 5-fold,507,4.2977,3.72138
S-N + GP,random 5-fold,508,10.0701,3.67818
S-N + GP,random 5-fold,509,1.0447,3.97124
S-N + GP,random 5-fold,510,2.2752,3.55531
S-N + GP,random 5-fold,511,0.7427,3.79813
S-N + GP,random 5-fold,512,2.4547,3.57512
S-N + GP,random 5-fold,513,0.8186,3.87496
S-N + GP,random 5-fold,514,4.0836,3.59710
S-N + GP,random 5-fold,515,1.5390,3.50098
S-N + GP,random 5-fold,516,3.4996,3.53937
S-N + GP,random 5-fold,517,2.1778,3.58317
S-N + GP,random 5-fold,518,0.4423,3.72165
S-N + GP,random 5-fold,519,0.6245,3.51930
S-N + GP,random 5-fold,520,6.0940,3.44099
S-N + GP,random 5-fold,521,1.7973,3.53447
S-N + GP,random 5-fold,522,3.2874,3.49905
S-N + GP,random 5-fold,523,1.1541,3.69712
S-N + GP,random 5-fold,524,1.2545,3.85151
S-N + GP,random 5-fold,525,2.6095,4.59379
S-N + GP,random 5-fold,526,2.7602,4.21463
S-N + GP,random 5-fold,527,6.0757,3.80889
S-N + GP,random 5-fold,528,0.4487,3.64628
S-N + GP,random 5-fold,529,1.6210,3.78077
S-N + GP,random 5-fold,530,2.4372,3.77627
S-N + GP,random 5-fold,531,1.8623,3.87954
S-N + GP,random 5-fold,532,5.3831,3.68473
S-N + GP,random 5-fold,533,7.7202,3.55565
S-N + GP,random 5-fold,534,0.4570,4.10646
S-N + GP,random 5-fold,535,0.6742,3.48964
S-N + GP,random 5-fold,536,1.5176,3.89824
S-N + GP,random 5-fold,537,2.3462,3.44216
S-N + GP,random 5-fold,538,0.8600,3.94679
S-N + GP,random 5-fold,539,4.7166,3.70591
S-N + GP,random 5-fold,540,1.1764,3.58699
S-N + GP,random 5-fold,541,5.4699,3.57066
S-N + GP,random 5-fold,542,1.0302,3.68737
S-N + GP,random 5-fold,543,1.1094,3.71881
S-N + GP,random 5-fold,544,1.3999,3.62567
S-N + GP,random 5-fold,545,8.8123,3.57299
S-N + GP,random 5-fold,546,0.6539,3.66468
S-N + GP,random 5-fold,547,3.5210,3.55879
S-N + GP,random 5-fold,548,4.1781,3.64433
S-N + GP,random 5-fold,549,1.7414,3.78493
S-N + GP,random 5-fold,550,3.4103,4.23948
S-N + GP,random 5-fold,551,0.9000,3.79644
S-N + GP,random 5-fold,552,9.0675,3.84731
S-N + GP,random 5-fold,553,0.8757,3.77495
S-N + GP,random 5-fold,554,0.6168,3.69369
S-N + GP,random 5-fold,555,2.7332,3.49615
S-N + GP,random 5-fold,556,1.0197,3.82119
S-N + GP,random 5-fold,557,6.5392,3.46050
S-N + GP,random 5-fold,558,8.1958,3.60653
S-N + GP,random 5-fold,559,1.2453,3.94973
S-N + GP,random 5-fold,560,1.1772,3.65640
S-N + GP,random 5-fold,561,1.7968,3.86516
S-N + GP,random 5-fold,562,0.7433,3.42056
S-N + GP,random 5-fold,563,0.7531,3.67377
S-N + GP,random 5-fold,564,6.2014,3.60164
S-N + GP,random 5-fold,565,0.8633,3.62520
S-N + GP,random 5-fold,566,4.9199,3.40779
S-N + GP,random 5-fold,567,2.1019,3.51076
S-N + GP,random 5-fold,568,1.4526,3.74345
S-N + GP,random 5-fold,569,0.4161,3.45259
S-N + GP,random 5-fold,570,7.3815,3.60385
S-N + GP,random 5-fold,571,0.9770,3.65620
S-N + GP,random 5-fold,572,4.6856,3.51425
S-N + GP,random 5-fold,573,1.2434,3.46332
S-N + GP,random 5-fold,574,1.9441,3.77443
S-N + GP,random 5-fold,575,1.7939,4.17227
S-N + GP,random 5-fold,576,0.7214,4.01721
S-N + GP,random 5-fold,577,9.7110,3.86019
S-N + GP,random 5-fold,578,1.3625,3.60157
S-N + GP,random 5-fold,579,1.0724,3.77267
S-N + GP,random 5-fold,580,1.7234,3.67176
S-N + GP,random 5-fold,581,0.7958,3.92308
S-N + GP,random 5-fold,582,4.1799,3.68392
S-N + GP,random 5-fold,583,10.6744,3.68662
S-N + GP,random 5-fold,584,3.4045,3.96562
S-N + GP,random 5-fold,585,1.3096,3.46875
S-N + GP,random 5-fold,586,1.0853,3.81316
S-N + GP,random 5-fold,587,2.2784,3.52926
S-N + GP,random 5-fold,588,1.9152,3.85087
S-N + GP,random 5-fold,589,4.4406,3.62557
S-N + GP,random 5-fold,590,0.3727,3.57682
S-N + GP,random 5-fold,591,2.9817,3.51569
S-N + GP,random 5-fold,592,1.5117,3.58266
S-N + GP,random 5-fold,593,0.9319,3.70403
S-N + GP,random 5-fold,594,0.3773,3.67264
S-N + GP,random 5-fold,595,6.2866,3.60926
S-N + GP,random 5-fold,596,0.9439,3.44650
S-N + GP,random 5-fold,597,4.0086,3.63730
S-N + GP,random 5-fold,598,0.8398,3.65622
S-N + GP,random 5-fold,599,1.0095,3.68083
S-N + GP,random 5-fold,600,1.9727,4.61013
S-N + GP,random 5-fold,601,0.4044,4.12858
S-N + GP,random 5-fold,602,9.3646,3.90623
S-N + GP,random 5-fold,603,0.7973,3.83059
S-N + GP,random 5-fold,604,0.8230,3.61699
S-N + GP,random 5-fold,605,1.8161,3.74070
S-N + GP,random 5-fold,606,1.3479,3.96599
S-N + GP,random 5-fold,607,4.4733,3.71936
S-N + GP,random 5-fold,608,10.0658,3.65055
S-N + GP,random 5-fold,609,2.3614,3.80443
S-N + GP,random 5-fold,610,0.9200,3.70698
S-N + GP,random 5-fold,611,1.3889,3.85517
S-N + GP,random 5-fold,612,2.3138,3.63720
S-N + GP,random 5-fold,613,0.7961,3.88005
S-N + GP,random 5-fold,614,4.0732,3.45819
S-N + GP,random 5-fold,615,0.4087,3.64134
S-N + GP,random 5-fold,616,3.9288,3.61743
S-N + GP,random 5-fold,617,1.8808,3.65422
S-N + GP,random 5-fold,618,1.4300,3.70896
S-N + GP,random 5-fold,619,0.8540,3.71331
S-N + GP,random 5-fold,620,6.4594,3.41317
S-N + GP,random 5-fold,621,1.4070,3.64683
S-N + GP,random 5-fold,622,1.4348,3.63197
S-N + GP,random 5-fold,623,1.8247,3.63704
S-N + GP,random 5-fold,624,1.3902,3.82185
"S-N + XGBoost, bagged",leave-one-yarn-out,0,3.5321,1.34023
"S-N + XGBoost, bagged",leave-one-yarn-out,1,2.6280,3.44594
"S-N + XGBoost, bagged",leave-one-yarn-out,2,1.9173,1.91199
"S-N + XGBoost, bagged",leave-one-yarn-out,3,1.2075,1.08834
"S-N + XGBoost, bagged",leave-one-yarn-out,4,2.1437,0.81110
"S-N + XGBoost, bagged",leave-one-yarn-out,5,1.3980,0.97361
"S-N + XGBoost, bagged",leave-one-yarn-out,6,2.6093,0.83917
"S-N + XGBoost, bagged",leave-one-yarn-out,7,1.0024,0.76842
"S-N + XGBoost, bagged",leave-one-yarn-out,8,2.7424,1.38314
"S-N + XGBoost, bagged",leave-one-yarn-out,9,1.0809,0.82246
"S-N + XGBoost, bagged",leave-one-yarn-out,10,1.6571,0.68721
"S-N + XGBoost, bagged",leave-one-yarn-out,11,3.4631,1.24374
"S-N + XGBoost, bagged",leave-one-yarn-out,12,2.7785,0.68039
"S-N + XGBoost, bagged",leave-one-yarn-out,13,2.9472,1.09757
"S-N + XGBoost, bagged",leave-one-yarn-out,14,3.5488,0.83803
"S-N + XGBoost, bagged",leave-one-yarn-out,15,1.8968,0.63294
"S-N + XGBoost, bagged",leave-one-yarn-out,16,2.0046,1.12220
"S-N + XGBoost, bagged",leave-one-yarn-out,17,3.0446,0.97516
"S-N + XGBoost, bagged",leave-one-yarn-out,18,1.7548,0.69189
"S-N + XGBoost, bagged",leave-one-yarn-out,19,4.9010,0.66240
"S-N + XGBoost, bagged",leave-one-yarn-out,20,9.4009,0.81271
"S-N + XGBoost, bagged",leave-one-yarn-out,21,1.6817,0.88673
"S-N + XGBoost, bagged",leave-one-yarn-out,22,4.9687,1.42252
"S-N + XGBoost, bagged",leave-one-yarn-out,23,0.7369,0.73428
"S-N + XGBoost, bagged",leave-one-yarn-out,24,1.5275,1.02175
"S-N + XGBoost, bagged",leave-one-yarn-out,25,2.7040,1.43858
"S-N + XGBoost, bagged",leave-one-yarn-out,26,2.3309,3.67139
"S-N + XGBoost, bagged",leave-one-yarn-out,27,1.5351,2.01147
"S-N + XGBoost, bagged",leave-one-yarn-out,28,0.7901,1.59862
"S-N + XGBoost, bagged",leave-one-yarn-out,29,1.0711,0.95440
"S-N + XGBoost, bagged",leave-one-yarn-out,30,0.5663,1.49789
"S-N + XGBoost, bagged",leave-one-yarn-out,31,4.5248,0.83018
"S-N + XGBoost, bagged",leave-one-yarn-out,32,1.9917,0.91890
"S-N + XGBoost, bagged",leave-one-yarn-out,33,2.7890,1.30739
"S-N + XGBoost, bagged",leave-one-yarn-out,34,1.0603,0.97640
"S-N + XGBoost, bagged",leave-one-yarn-out,35,2.4554,0.91506
"S-N + XGBoost, bagged",leave-one-yarn-out,36,2.9378,1.22608
"S-N + XGBoost, bagged",leave-one-yarn-out,37,1.7997,1.07022
"S-N + XGBoost, bagged",leave-one-yarn-out,38,1.7953,0.92425
"S-N + XGBoost, bagged",leave-one-yarn-out,39,2.7049,0.70306
"S-N + XGBoost, bagged",leave-one-yarn-out,40,2.3715,0.71855
"S-N + XGBoost, bagged",leave-one-yarn-out,41,0.9654,0.70665
"S-N + XGBoost, bagged",leave-one-yarn-out,42,1.3813,1.03689
"S-N + XGBoost, bagged",leave-one-yarn-out,43,0.8537,0.95783
"S-N + XGBoost, bagged",leave-one-yarn-out,44,3.1572,0.70580
"S-N + XGBoost, bagged",leave-one-yarn-out,45,8.4920,0.88392
"S-N + XGBoost, bagged",leave-one-yarn-out,46,0.8821,1.03043
"S-N + XGBoost, bagged",leave-one-yarn-out,47,1.1912,1.25710
"S-N + XGBoost, bagged",leave-one-yarn-out,48,0.8090,1.03439
"S-N + XGBoost, bagged",leave-one-yarn-out,49,0.2058,1.09053
"S-N + XGBoost, bagged",leave-one-yarn-out,50,0.9221,1.43902
"S-N + XGBoost, bagged",leave-one-yarn-out,51,0.9701,2.21547
"S-N + XGBoost, bagged",leave-one-yarn-out,52,3.0684,2.06508
"S-N + XGBoost, bagged",leave-one-yarn-out,53,1.5902,1.45772
"S-N + XGBoost, bagged",leave-one-yarn-out,54,1.9227,1.04195
"S-N + XGBoost, bagged",leave-one-yarn-out,55,0.5842,1.06464
"S-N + XGBoost, bagged",leave-one-yarn-out,56,4.2005,0.85949
"S-N + XGBoost, bagged",leave-one-yarn-out,57,1.0506,0.83836
"S-N + XGBoost, bagged",leave-one-yarn-out,58,2.5825,1.38646
"S-N + XGBoost, bagged",leave-one-yarn-out,59,0.5056,1.11260
"S-N + XGBoost, bagged",leave-one-yarn-out,60,2.0992,0.83072
"S-N + XGBoost, bagged",leave-one-yarn-out,61,2.6704,1.29161
"S-N + XGBoost, bagged",leave-one-yarn-out,62,2.1668,0.69493
"S-N + XGBoost, bagged",leave-one-yarn-out,63,2.9254,0.92203
"S-N + XGBoost, bagged",leave-one-yarn-out,64,1.8243,0.74853
"S-N + XGBoost, bagged",leave-one-yarn-out,65,0.6161,0.79392
"S-N + XGBoost, bagged",leave-one-yarn-out,66,1.2205,1.06701
"S-N + XGBoost, bagged",leave-one-yarn-out,67,0.7269,1.12826
"S-N + XGBoost, bagged",leave-one-yarn-out,68,0.9908,0.96781
"S-N + XGBoost, bagged",leave-one-yarn-out,69,2.7450,0.84550
"S-N + XGBoost, bagged",leave-one-yarn-out,70,8.5971,0.89852
"S-N + XGBoost, bagged",leave-one-yarn-out,71,1.0819,1.21293
"S-N + XGBoost, bagged",leave-one-yarn-out,72,1.7742,1.20266
"S-N + XGBoost, bagged",leave-one-yarn-out,73,1.0093,0.83313
"S-N + XGBoost, bagged",leave-one-yarn-out,74,0.7882,0.93548
"S-N + XGBoost, bagged",leave-one-yarn-out,75,1.5315,1.38373
"S-N + XGBoost, bagged",leave-one-yarn-out,76,1.6636,1.74405
"S-N + XGBoost, bagged",leave-one-yarn-out,77,3.1289,2.61433
"S-N + XGBoost, bagged",leave-one-yarn-out,78,1.0296,1.25675
"S-N + XGBoost, bagged",leave-one-yarn-out,79,1.1202,0.69309
"S-N + XGBoost, bagged",leave-one-yarn-out,80,0.4843,0.84559
"S-N + XGBoost, bagged",leave-one-yarn-out,81,2.2233,0.68948
"S-N + XGBoost, bagged",leave-one-yarn-out,82,0.6287,0.61981
"S-N + XGBoost, bagged",leave-one-yarn-out,83,2.7788,1.33461
"S-N + XGBoost, bagged",leave-one-yarn-out,84,0.6764,0.96616
"S-N + XGBoost, bagged",leave-one-yarn-out,85,1.3026,0.68163
"S-N + XGBoost, bagged",leave-one-yarn-out,86,2.4804,1.24480
"S-N + XGBoost, bagged",leave-one-yarn-out,87,1.6037,0.57271
"S-N + XGBoost, bagged",leave-one-yarn-out,88,3.2790,0.58755
"S-N + XGBoost, bagged",leave-one-yarn-out,89,2.1104,0.94489
"S-N + XGBoost, bagged",leave-one-yarn-out,90,0.6315,0.61720
"S-N + XGBoost, bagged",leave-one-yarn-out,91,0.7502,0.82189
"S-N + XGBoost, bagged",leave-one-yarn-out,92,2.4715,0.71851
"S-N + XGBoost, bagged",leave-one-yarn-out,93,1.1208,0.54495
"S-N + XGBoost, bagged",leave-one-yarn-out,94,2.2447,0.62872
"S-N + XGBoost, bagged",leave-one-yarn-out,95,7.0428,0.47442
"S-N + XGBoost, bagged",leave-one-yarn-out,96,1.3494,0.82921
"S-N + XGBoost, bagged",leave-one-yarn-out,97,0.9294,0.94590
"S-N + XGBoost, bagged",leave-one-yarn-out,98,1.6804,0.58713
"S-N + XGBoost, bagged",leave-one-yarn-out,99,0.8142,1.32757
"S-N + XGBoost, bagged",leave-one-yarn-out,100,3.5166,0.74175
"S-N + XGBoost, bagged",leave-one-yarn-out,101,3.5457,1.46206
"S-N + XGBoost, bagged",leave-one-yarn-out,102,4.3963,1.79373
"S-N + XGBoost, bagged",leave-one-yarn-out,103,1.7091,0.89188
"S-N + XGBoost, bagged",leave-one-yarn-out,104,1.7970,0.92098
"S-N + XGBoost, bagged",leave-one-yarn-out,105,0.4355,0.77280
"S-N + XGBoost, bagged",leave-one-yarn-out,106,2.6242,0.84290
"S-N + XGBoost, bagged",leave-one-yarn-out,107,0.8713,0.75093
"S-N + XGBoost, bagged",leave-one-yarn-out,108,2.9364,1.87116
"S-N + XGBoost, bagged",leave-one-yarn-out,109,1.9666,1.21271
"S-N + XGBoost, bagged",leave-one-yarn-out,110,1.1569,0.67563
"S-N + XGBoost, bagged",leave-one-yarn-out,111,2.0666,1.12346
"S-N + XGBoost, bagged",leave-one-yarn-out,112,1.2282,0.60554
"S-N + XGBoost, bagged",leave-one-yarn-out,113,5.2750,0.46356
"S-N + XGBoost, bagged",leave-one-yarn-out,114,2.2207,1.05982
"S-N + XGBoost, bagged",leave-one-yarn-out,115,0.5001,0.49239
"S-N + XGBoost, bagged",leave-one-yarn-out,116,0.6841,0.50539
"S-N + XGBoost, bagged",leave-one-yarn-out,117,3.1370,0.47978
"S-N + XGBoost, bagged",leave-one-yarn-out,118,1.3538,0.51454
"S-N + XGBoost, bagged",leave-one-yarn-out,119,1.6114,0.65394
"S-N + XGBoost, bagged",leave-one-yarn-out,120,5.9358,0.77887
"S-N + XGBoost, bagged",leave-one-yarn-out,121,2.2209,0.96554
"S-N + XGBoost, bagged",leave-one-yarn-out,122,1.4470,0.90601
"S-N + XGBoost, bagged",leave-one-yarn-out,123,1.8606,0.46474
"S-N + XGBoost, bagged",leave-one-yarn-out,124,1.3474,1.33753
"S-N + XGBoost, bagged",leave-one-yarn-out,125,1.8085,1.41164
"S-N + XGBoost, bagged",leave-one-yarn-out,126,1.9619,1.00746
"S-N + XGBoost, bagged",leave-one-yarn-out,127,3.7934,1.28447
"S-N + XGBoost, bagged",leave-one-yarn-out,128,1.0421,2.01839
"S-N + XGBoost, bagged",leave-one-yarn-out,129,0.9706,0.89360
"S-N + XGBoost, bagged",leave-one-yarn-out,130,1.5960,0.70766
"S-N + XGBoost, bagged",leave-one-yarn-out,131,1.1964,0.56249
"S-N + XGBoost, bagged",leave-one-yarn-out,132,0.5315,0.42497
"S-N + XGBoost, bagged",leave-one-yarn-out,133,4.3229,1.49388
"S-N + XGBoost, bagged",leave-one-yarn-out,134,1.8783,0.54735
"S-N + XGBoost, bagged",leave-one-yarn-out,135,0.2806,0.48664
"S-N + XGBoost, bagged",leave-one-yarn-out,136,2.0175,1.53853
"S-N + XGBoost, bagged",leave-one-yarn-out,137,0.8933,0.75887
"S-N + XGBoost, bagged",leave-one-yarn-out,138,0.5540,0.39166
"S-N + XGBoost, bagged",leave-one-yarn-out,139,2.0903,0.84284
"S-N + XGBoost, bagged",leave-one-yarn-out,140,0.4275,0.35577
"S-N + XGBoost, bagged",leave-one-yarn-out,141,0.6991,0.73360
"S-N + XGBoost, bagged",leave-one-yarn-out,142,3.4161,0.46258
"S-N + XGBoost, bagged",leave-one-yarn-out,143,1.1667,0.86312
"S-N + XGBoost, bagged",leave-one-yarn-out,144,0.4938,0.88714
"S-N + XGBoost, bagged",leave-one-yarn-out,145,4.7568,0.81947
"S-N + XGBoost, bagged",leave-one-yarn-out,146,3.3801,1.11054
"S-N + XGBoost, bagged",leave-one-yarn-out,147,1.8012,0.82843
"S-N + XGBoost, bagged",leave-one-yarn-out,148,5.5851,0.56857
"S-N + XGBoost, bagged",leave-one-yarn-out,149,4.9299,0.74556
"S-N + XGBoost, bagged",leave-one-yarn-out,150,2.8034,1.25192
"S-N + XGBoost, bagged",leave-one-yarn-out,151,5.5542,1.33963
"S-N + XGBoost, bagged",leave-one-yarn-out,152,4.4893,1.97965
"S-N + XGBoost, bagged",leave-one-yarn-out,153,3.4695,1.38354
"S-N + XGBoost, bagged",leave-one-yarn-out,154,3.3492,0.79888
"S-N + XGBoost, bagged",leave-one-yarn-out,155,2.5105,0.75548
"S-N + XGBoost, bagged",leave-one-yarn-out,156,3.0939,0.94728
"S-N + XGBoost, bagged",leave-one-yarn-out,157,0.9826,0.62936
"S-N + XGBoost, bagged",leave-one-yarn-out,158,4.5982,1.22213
"S-N + XGBoost, bagged",leave-one-yarn-out,159,1.4258,1.02558
"S-N + XGBoost, bagged",leave-one-yarn-out,160,0.5034,0.41560
"S-N + XGBoost, bagged",leave-one-yarn-out,161,2.4648,1.39564
"S-N + XGBoost, bagged",leave-one-yarn-out,162,1.1988,0.70894
"S-N + XGBoost, bagged",leave-one-yarn-out,163,0.6055,0.74690
"S-N + XGBoost, bagged",leave-one-yarn-out,164,1.5521,0.61709
"S-N + XGBoost, bagged",leave-one-yarn-out,165,0.6706,0.43016
"S-N + XGBoost, bagged",leave-one-yarn-out,166,0.9731,1.20030
"S-N + XGBoost, bagged",leave-one-yarn-out,167,2.4646,0.67175
"S-N + XGBoost, bagged",leave-one-yarn-out,168,2.4558,0.71810
"S-N + XGBoost, bagged",leave-one-yarn-out,169,0.3773,1.03377
"S-N + XGBoost, bagged",leave-one-yarn-out,170,5.4306,0.98126
"S-N + XGBoost, bagged",leave-one-yarn-out,171,2.5681,1.15940
"S-N + XGBoost, bagged",leave-one-yarn-out,172,3.3014,0.93119
"S-N + XGBoost, bagged",leave-one-yarn-out,173,5.9083,0.88444
"S-N + XGBoost, bagged",leave-one-yarn-out,174,5.9442,0.85422
"S-N + XGBoost, bagged",leave-one-yarn-out,175,1.1719,1.06705
"S-N + XGBoost, bagged",leave-one-yarn-out,176,1.1733,0.99817
"S-N + XGBoost, bagged",leave-one-yarn-out,177,0.8751,1.28250
"S-N + XGBoost, bagged",leave-one-yarn-out,178,1.4369,1.28311
"S-N + XGBoost, bagged",leave-one-yarn-out,179,0.7705,0.79504
"S-N + XGBoost, bagged",leave-one-yarn-out,180,0.3956,0.48087
"S-N + XGBoost, bagged",leave-one-yarn-out,181,1.5061,0.88075
"S-N + XGBoost, bagged",leave-one-yarn-out,182,1.1430,0.58142
"S-N + XGBoost, bagged",leave-one-yarn-out,183,3.8847,1.33122
"S-N + XGBoost, bagged",leave-one-yarn-out,184,0.6664,0.68805
"S-N + XGBoost, bagged",leave-one-yarn-out,185,0.9990,0.45222
"S-N + XGBoost, bagged",leave-one-yarn-out,186,2.5785,1.28665
"S-N + XGBoost, bagged",leave-one-yarn-out,187,0.8950,0.67114
"S-N + XGBoost, bagged",leave-one-yarn-out,188,0.7057,0.47835
"S-N + XGBoost, bagged",leave-one-yarn-out,189,2.4666,0.64982
"S-N + XGBoost, bagged",leave-one-yarn-out,190,0.5215,0.37046
"S-N + XGBoost, bagged",leave-one-yarn-out,191,1.1043,0.62128
"S-N + XGBoost, bagged",leave-one-yarn-out,192,3.3116,0.36982
"S-N + XGBoost, bagged",leave-one-yarn-out,193,1.3399,0.94098
"S-N + XGBoost, bagged",leave-one-yarn-out,194,0.4436,0.74278
"S-N + XGBoost, bagged",leave-one-yarn-out,195,4.9387,0.66533
"S-N + XGBoost, bagged",leave-one-yarn-out,196,2.6110,0.96993
"S-N + XGBoost, bagged",leave-one-yarn-out,197,2.1836,0.77877
"S-N + XGBoost, bagged",leave-one-yarn-out,198,5.5898,0.58607
"S-N + XGBoost, bagged",leave-one-yarn-out,199,5.4463,0.78208
"S-N + XGBoost, bagged",leave-one-yarn-out,200,3.4098,1.57007
"S-N + XGBoost, bagged",leave-one-yarn-out,201,2.0051,1.74180
"S-N + XGBoost, bagged",leave-one-yarn-out,202,2.8384,2.78235
"S-N + XGBoost, bagged",leave-one-yarn-out,203,3.8432,1.65435
"S-N + XGBoost, bagged",leave-one-yarn-out,204,4.5348,1.62225
"S-N + XGBoost, bagged",leave-one-yarn-out,205,5.3213,1.98333
"S-N + XGBoost, bagged",leave-one-yarn-out,206,5.3171,1.76851
"S-N + XGBoost, bagged",leave-one-yarn-out,207,2.9037,2.22084
"S-N + XGBoost, bagged",leave-one-yarn-out,208,4.8369,1.78501
"S-N + XGBoost, bagged",leave-one-yarn-out,209,2.0320,1.11187
"S-N + XGBoost, bagged",leave-one-yarn-out,210,0.2998,0.83828
"S-N + XGBoost, bagged",leave-one-yarn-out,211,2.4469,1.66824
"S-N + XGBoost, bagged",leave-one-yarn-out,212,0.4954,0.75898
"S-N + XGBoost, bagged",leave-one-yarn-out,213,1.3019,0.85760
"S-N + XGBoost, bagged",leave-one-yarn-out,214,1.0795,1.25655
"S-N + XGBoost, bagged",leave-one-yarn-out,215,0.4403,0.62842
"S-N + XGBoost, bagged",leave-one-yarn-out,216,0.8874,0.85152
"S-N + XGBoost, bagged",leave-one-yarn-out,217,2.7131,1.18253
"S-N + XGBoost, bagged",leave-one-yarn-out,218,1.0729,1.12425
"S-N + XGBoost, bagged",leave-one-yarn-out,219,1.3372,0.90315
"S-N + XGBoost, bagged",leave-one-yarn-out,220,6.8701,0.61538
"S-N + XGBoost, bagged",leave-one-yarn-out,221,1.1040,1.32109
"S-N + XGBoost, bagged",leave-one-yarn-out,222,1.0499,0.99907
"S-N + XGBoost, bagged",leave-one-yarn-out,223,6.4015,0.90713
"S-N + XGBoost, bagged",leave-one-yarn-out,224,6.9092,1.08290
"S-N + XGBoost, bagged",leave-one-yarn-out,225,1.3162,1.08458
"S-N + XGBoost, bagged",leave-one-yarn-out,226,1.4182,1.97300
"S-N + XGBoost, bagged",leave-one-yarn-out,227,2.9411,2.21497
"S-N + XGBoost, bagged",leave-one-yarn-out,228,6.1627,0.91531
"S-N + XGBoost, bagged",leave-one-yarn-out,229,7.3597,0.59948
"S-N + XGBoost, bagged",leave-one-yarn-out,230,5.3051,0.73608
"S-N + XGBoost, bagged",leave-one-yarn-out,231,3.0117,1.04492
"S-N + XGBoost, bagged",leave-one-yarn-out,232,3.7465,0.94988
"S-N + XGBoost, bagged",leave-one-yarn-out,233,2.0786,2.22409
"S-N + XGBoost, bagged",leave-one-yarn-out,234,1.8972,1.07958
"S-N + XGBoost, bagged",leave-one-yarn-out,235,0.6626,0.60375
"S-N + XGBoost, bagged",leave-one-yarn-out,236,3.0666,1.05735
"S-N + XGBoost, bagged",leave-one-yarn-out,237,0.6706,0.98243
"S-N + XGBoost, bagged",leave-one-yarn-out,238,0.3967,0.62255
"S-N + XGBoost, bagged",leave-one-yarn-out,239,0.9828,1.12590
"S-N + XGBoost, bagged",leave-one-yarn-out,240,0.6849,0.47116
"S-N + XGBoost, bagged",leave-one-yarn-out,241,0.7167,0.69924
"S-N + XGBoost, bagged",leave-one-yarn-out,242,1.6898,0.85012
"S-N + XGBoost, bagged",leave-one-yarn-out,243,1.0581,0.85659
"S-N + XGBoost, bagged",leave-one-yarn-out,244,0.4515,1.01849
"S-N + XGBoost, bagged",leave-one-yarn-out,245,5.8380,0.65329
"S-N + XGBoost, bagged",leave-one-yarn-out,246,1.8375,1.12802
"S-N + XGBoost, bagged",leave-one-yarn-out,247,1.2401,0.98207
"S-N + XGBoost, bagged",leave-one-yarn-out,248,7.3754,0.88639
"S-N + XGBoost, bagged",leave-one-yarn-out,249,6.7697,1.20119
"S-N + XGBoost, bagged",leave-one-yarn-out,250,1.7878,0.81509
"S-N + XGBoost, bagged",leave-one-yarn-out,251,1.6125,1.09380
"S-N + XGBoost, bagged",leave-one-yarn-out,252,1.4164,1.48841
"S-N + XGBoost, bagged",leave-one-yarn-out,253,1.5672,0.91807
"S-N + XGBoost, bagged",leave-one-yarn-out,254,1.2451,0.65432
"S-N + XGBoost, bagged",leave-one-yarn-out,255,1.4496,0.64911
"S-N + XGBoost, bagged",leave-one-yarn-out,256,0.9489,0.47684
"S-N + XGBoost, bagged",leave-one-yarn-out,257,1.1932,0.61216
"S-N + XGBoost, bagged",leave-one-yarn-out,258,2.0946,1.88363
"S-N + XGBoost, bagged",leave-one-yarn-out,259,0.8532,0.58012
"S-N + XGBoost, bagged",leave-one-yarn-out,260,1.5294,0.56754
"S-N + XGBoost, bagged",leave-one-yarn-out,261,2.5424,0.94372
"S-N + XGBoost, bagged",leave-one-yarn-out,262,1.2844,0.42779
"S-N + XGBoost, bagged",leave-one-yarn-out,263,0.8048,0.50781
"S-N + XGBoost, bagged",leave-one-yarn-out,264,2.5286,0.64787
"S-N + XGBoost, bagged",leave-one-yarn-out,265,1.2123,0.49334
"S-N + XGBoost, bagged",leave-one-yarn-out,266,0.4188,0.42118
"S-N + XGBoost, bagged",leave-one-yarn-out,267,3.4770,0.61980
"S-N + XGBoost, bagged",leave-one-yarn-out,268,1.6627,0.39555
"S-N + XGBoost, bagged",leave-one-yarn-out,269,0.7108,0.42247
"S-N + XGBoost, bagged",leave-one-yarn-out,270,9.1283,0.51397
"S-N + XGBoost, bagged",leave-one-yarn-out,271,1.0644,0.80349
"S-N + XGBoost, bagged",leave-one-yarn-out,272,3.1407,0.77614
"S-N + XGBoost, bagged",leave-one-yarn-out,273,1.2024,0.44735
"S-N + XGBoost, bagged",leave-one-yarn-out,274,1.1264,0.92098
"S-N + XGBoost, bagged",leave-one-yarn-out,275,3.8218,1.73758
"S-N + XGBoost, bagged",leave-one-yarn-out,276,3.8015,1.94977
"S-N + XGBoost, bagged",leave-one-yarn-out,277,2.9232,2.51896
"S-N + XGBoost, bagged",leave-one-yarn-out,278,3.4380,1.03718
"S-N + XGBoost, bagged",leave-one-yarn-out,279,3.1407,0.94603
"S-N + XGBoost, bagged",leave-one-yarn-out,280,3.6432,1.25617
"S-N + XGBoost, bagged",leave-one-yarn-out,281,3.9527,1.03967
"S-N + XGBoost, bagged",leave-one-yarn-out,282,3.6023,1.17940
"S-N + XGBoost, bagged",leave-one-yarn-out,283,6.0170,1.27288
"S-N + XGBoost, bagged",leave-one-yarn-out,284,4.3718,0.91933
"S-N + XGBoost, bagged",leave-one-yarn-out,285,3.7560,1.25804
"S-N + XGBoost, bagged",leave-one-yarn-out,286,4.6532,1.46035
"S-N + XGBoost, bagged",leave-one-yarn-out,287,1.1364,0.59501
"S-N + XGBoost, bagged",leave-one-yarn-out,288,1.6753,0.66447
"S-N + XGBoost, bagged",leave-one-yarn-out,289,1.6910,1.12254
"S-N + XGBoost, bagged",leave-one-yarn-out,290,2.2392,0.48549
"S-N + XGBoost, bagged",leave-one-yarn-out,291,1.4093,0.65123
"S-N + XGBoost, bagged",leave-one-yarn-out,292,2.5536,0.99428
"S-N + XGBoost, bagged",leave-one-yarn-out,293,1.5651,0.43465
"S-N + XGBoost, bagged",leave-one-yarn-out,294,0.6392,0.73365
"S-N + XGBoost, bagged",leave-one-yarn-out,295,7.3524,0.69027
"S-N + XGBoost, bagged",leave-one-yarn-out,296,0.9395,0.70278
"S-N + XGBoost, bagged",leave-one-yarn-out,297,0.9606,1.13627
"S-N + XGBoost, bagged",leave-one-yarn-out,298,1.3538,0.60150
"S-N + XGBoost, bagged",leave-one-yarn-out,299,0.8617,0.89541
"S-N + XGBoost, bagged",leave-one-yarn-out,300,3.2719,0.52743
"S-N + XGBoost, bagged",leave-one-yarn-out,301,2.1184,1.46276
"S-N + XGBoost, bagged",leave-one-yarn-out,302,1.0379,2.90475
"S-N + XGBoost, bagged",leave-one-yarn-out,303,1.5784,0.63001
"S-N + XGBoost, bagged",leave-one-yarn-out,304,1.0122,0.66925
"S-N + XGBoost, bagged",leave-one-yarn-out,305,1.6153,0.54880
"S-N + XGBoost, bagged",leave-one-yarn-out,306,2.0598,0.74758
"S-N + XGBoost, bagged",leave-one-yarn-out,307,0.5939,0.65426
"S-N + XGBoost, bagged",leave-one-yarn-out,308,3.2707,2.12288
"S-N + XGBoost, bagged",leave-one-yarn-out,309,1.4620,0.69508
"S-N + XGBoost, bagged",leave-one-yarn-out,310,1.0722,0.53101
"S-N + XGBoost, bagged",leave-one-yarn-out,311,1.0913,0.87750
"S-N + XGBoost, bagged",leave-one-yarn-out,312,1.4613,0.53812
"S-N + XGBoost, bagged",leave-one-yarn-out,313,1.3013,0.37585
"S-N + XGBoost, bagged",leave-one-yarn-out,314,2.2715,0.85045
"S-N + XGBoost, bagged",leave-one-yarn-out,315,0.7877,0.41785
"S-N + XGBoost, bagged",leave-one-yarn-out,316,1.0319,0.49137
"S-N + XGBoost, bagged",leave-one-yarn-out,317,3.9568,0.66219
"S-N + XGBoost, bagged",leave-one-yarn-out,318,1.2897,0.45372
"S-N + XGBoost, bagged",leave-one-yarn-out,319,1.0528,0.53064
"S-N + XGBoost, bagged",leave-one-yarn-out,320,7.1220,0.43045
"S-N + XGBoost, bagged",leave-one-yarn-out,321,1.3429,0.75973
"S-N + XGBoost, bagged",leave-one-yarn-out,322,2.1447,0.92380
"S-N + XGBoost, bagged",leave-one-yarn-out,323,1.3968,0.47821
"S-N + XGBoost, bagged",leave-one-yarn-out,324,1.7179,0.77716
"S-N + XGBoost, bagged",leave-one-yarn-out,325,2.1132,1.34619
"S-N + XGBoost, bagged",leave-one-yarn-out,326,2.0120,1.37415
"S-N + XGBoost, bagged",leave-one-yarn-out,327,0.5827,2.02789
"S-N + XGBoost, bagged",leave-one-yarn-out,328,1.7599,0.97769
"S-N + XGBoost, bagged",leave-one-yarn-out,329,1.0655,0.65821
"S-N + XGBoost, bagged",leave-one-yarn-out,330,3.4866,0.61215
"S-N + XGBoost, bagged",leave-one-yarn-out,331,1.8307,0.72605
"S-N + XGBoost, bagged",leave-one-yarn-out,332,1.0326,0.70961
"S-N + XGBoost, bagged",leave-one-yarn-out,333,3.0401,2.38296
"S-N + XGBoost, bagged",leave-one-yarn-out,334,0.6404,0.81156
"S-N + XGBoost, bagged",leave-one-yarn-out,335,0.8112,0.66436
"S-N + XGBoost, bagged",leave-one-yarn-out,336,1.9484,0.90450
"S-N + XGBoost, bagged",leave-one-yarn-out,337,1.2216,0.72704
"S-N + XGBoost, bagged",leave-one-yarn-out,338,0.6331,0.70314
"S-N + XGBoost, bagged",leave-one-yarn-out,339,2.1806,0.67684
"S-N + XGBoost, bagged",leave-one-yarn-out,340,0.5168,0.47796
"S-N + XGBoost, bagged",leave-one-yarn-out,341,0.6087,0.76264
"S-N + XGBoost, bagged",leave-one-yarn-out,342,2.3842,0.60533
"S-N + XGBoost, bagged",leave-one-yarn-out,343,2.0908,0.43271
"S-N + XGBoost, bagged",leave-one-yarn-out,344,0.4953,0.49288
"S-N + XGBoost, bagged",leave-one-yarn-out,345,8.9178,0.64756
"S-N + XGBoost, bagged",leave-one-yarn-out,346,1.3766,0.86932
"S-N + XGBoost, bagged",leave-one-yarn-out,347,1.8130,0.72448
"S-N + XGBoost, bagged",leave-one-yarn-out,348,1.3208,0.56121
"S-N + XGBoost, bagged",leave-one-yarn-out,349,1.1890,0.99569
"S-N + XGBoost, bagged",leave-one-yarn-out,350,6.6685,1.52274
"S-N + XGBoost, bagged",leave-one-yarn-out,351,6.1586,1.13873
"S-N + XGBoost, bagged",leave-one-yarn-out,352,4.8351,1.02949
"S-N + XGBoost, bagged",leave-one-yarn-out,353,3.1717,1.18892
"S-N + XGBoost, bagged",leave-one-yarn-out,354,2.8884,1.38412
"S-N + XGBoost, bagged",leave-one-yarn-out,355,3.3336,0.84871
"S-N + XGBoost, bagged",leave-one-yarn-out,356,3.8958,1.28989
"S-N + XGBoost, bagged",leave-one-yarn-out,357,2.5920,0.84621
"S-N + XGBoost, bagged",leave-one-yarn-out,358,5.7148,1.39716
"S-N + XGBoost, bagged",leave-one-yarn-out,359,3.0674,0.97871
"S-N + XGBoost, bagged",leave-one-yarn-out,360,2.7542,0.66076
"S-N + XGBoost, bagged",leave-one-yarn-out,361,3.3335,0.87913
"S-N + XGBoost, bagged",leave-one-yarn-out,362,2.9720,0.85363
"S-N + XGBoost, bagged",leave-one-yarn-out,363,3.3561,1.38439
"S-N + XGBoost, bagged",leave-one-yarn-out,364,4.8201,1.10954
"S-N + XGBoost, bagged",leave-one-yarn-out,365,0.4665,0.50426
"S-N + XGBoost, bagged",leave-one-yarn-out,366,0.3508,0.40831
"S-N + XGBoost, bagged",leave-one-yarn-out,367,4.1738,0.34084
"S-N + XGBoost, bagged",leave-one-yarn-out,368,1.8115,0.56987
"S-N + XGBoost, bagged",leave-one-yarn-out,369,0.5490,0.53724
"S-N + XGBoost, bagged",leave-one-yarn-out,370,6.0722,0.57389
"S-N + XGBoost, bagged",leave-one-yarn-out,371,2.1416,0.83181
"S-N + XGBoost, bagged",leave-one-yarn-out,372,3.1466,0.91590
"S-N + XGBoost, bagged",leave-one-yarn-out,373,0.5995,0.54653
"S-N + XGBoost, bagged",leave-one-yarn-out,374,1.2877,1.01035
"S-N + XGBoost, bagged",leave-one-yarn-out,375,4.6296,0.79425
"S-N + XGBoost, bagged",leave-one-yarn-out,376,3.1479,0.98834
"S-N + XGBoost, bagged",leave-one-yarn-out,377,4.1370,1.48930
"S-N + XGBoost, bagged",leave-one-yarn-out,378,2.9805,0.40660
"S-N + XGBoost, bagged",leave-one-yarn-out,379,1.3866,0.32270
"S-N + XGBoost, bagged",leave-one-yarn-out,380,1.2146,0.36936
"S-N + XGBoost, bagged",leave-one-yarn-out,381,1.9432,0.40082
"S-N + XGBoost, bagged",leave-one-yarn-out,382,2.2025,0.45869
"S-N + XGBoost, bagged",leave-one-yarn-out,383,1.3845,1.52145
"S-N + XGBoost, bagged",leave-one-yarn-out,384,2.4886,0.54880
"S-N + XGBoost, bagged",leave-one-yarn-out,385,0.9424,0.37340
"S-N + XGBoost, bagged",leave-one-yarn-out,386,1.1918,0.67031
"S-N + XGBoost, bagged",leave-one-yarn-out,387,1.0532,0.32070
"S-N + XGBoost, bagged",leave-one-yarn-out,388,1.8725,0.57609
"S-N + XGBoost, bagged",leave-one-yarn-out,389,0.9938,0.67610
"S-N + XGBoost, bagged",leave-one-yarn-out,390,1.0400,0.52653
"S-N + XGBoost, bagged",leave-one-yarn-out,391,1.2476,0.44557
"S-N + XGBoost, bagged",leave-one-yarn-out,392,4.1979,0.38358
"S-N + XGBoost, bagged",leave-one-yarn-out,393,1.7106,0.55448
"S-N + XGBoost, bagged",leave-one-yarn-out,394,2.0336,0.52241
"S-N + XGBoost, bagged",leave-one-yarn-out,395,7.7756,0.47860
"S-N + XGBoost, bagged",leave-one-yarn-out,396,2.1761,0.97201
"S-N + XGBoost, bagged",leave-one-yarn-out,397,3.9252,0.79863
"S-N + XGBoost, bagged",leave-one-yarn-out,398,2.9392,0.53286
"S-N + XGBoost, bagged",leave-one-yarn-out,399,2.9877,1.15296
"S-N + XGBoost, bagged",leave-one-yarn-out,400,2.9471,0.85100
"S-N + XGBoost, bagged",leave-one-yarn-out,401,2.8250,1.02518
"S-N + XGBoost, bagged",leave-one-yarn-out,402,6.3201,4.41685
"S-N + XGBoost, bagged",leave-one-yarn-out,403,2.3011,0.62591
"S-N + XGBoost, bagged",leave-one-yarn-out,404,2.0065,0.34349
"S-N + XGBoost, bagged",leave-one-yarn-out,405,3.9942,0.73876
"S-N + XGBoost, bagged",leave-one-yarn-out,406,2.4107,0.52771
"S-N + XGBoost, bagged",leave-one-yarn-out,407,5.2200,1.45943
"S-N + XGBoost, bagged",leave-one-yarn-out,408,4.1445,3.52397
"S-N + XGBoost, bagged",leave-one-yarn-out,409,1.5063,0.92593
"S-N + XGBoost, bagged",leave-one-yarn-out,410,0.9982,0.54121
"S-N + XGBoost, bagged",leave-one-yarn-out,411,1.1525,0.75958
"S-N + XGBoost, bagged",leave-one-yarn-out,412,0.6540,0.50959
"S-N + XGBoost, bagged",leave-one-yarn-out,413,0.9744,0.48530
"S-N + XGBoost, bagged",leave-one-yarn-out,414,2.6885,1.79300
"S-N + XGBoost, bagged",leave-one-yarn-out,415,1.3396,0.48413
"S-N + XGBoost, bagged",leave-one-yarn-out,416,2.0238,0.69368
"S-N + XGBoost, bagged",leave-one-yarn-out,417,3.1695,0.73713
"S-N + XGBoost, bagged",leave-one-yarn-out,418,1.4889,0.64744
"S-N + XGBoost, bagged",leave-one-yarn-out,419,2.6289,0.60817
"S-N + XGBoost, bagged",leave-one-yarn-out,420,8.3531,0.55427
"S-N + XGBoost, bagged",leave-one-yarn-out,421,1.5758,0.87127
"S-N + XGBoost, bagged",leave-one-yarn-out,422,2.6549,0.77750
"S-N + XGBoost, bagged",leave-one-yarn-out,423,1.8981,0.53746
"S-N + XGBoost, bagged",leave-one-yarn-out,424,2.6358,1.14787
"S-N + XGBoost, bagged",leave-one-yarn-out,425,4.5047,1.12823
"S-N + XGBoost, bagged",leave-one-yarn-out,426,5.7605,1.18690
"S-N + XGBoost, bagged",leave-one-yarn-out,427,5.9188,1.58456
"S-N + XGBoost, bagged",leave-one-yarn-out,428,3.8735,0.67540
"S-N + XGBoost, bagged",leave-one-yarn-out,429,3.4002,0.51702
"S-N + XGBoost, bagged",leave-one-yarn-out,430,3.1566,0.58236
"S-N + XGBoost, bagged",leave-one-yarn-out,431,3.2425,0.58617
"S-N + XGBoost, bagged",leave-one-yarn-out,432,3.2008,0.50597
"S-N + XGBoost, bagged",leave-one-yarn-out,433,4.3465,1.46388
"S-N + XGBoost, bagged",leave-one-yarn-out,434,3.9830,0.84531
"S-N + XGBoost, bagged",leave-one-yarn-out,435,4.1182,0.44596
"S-N + XGBoost, bagged",leave-one-yarn-out,436,3.6700,0.92916
"S-N + XGBoost, bagged",leave-one-yarn-out,437,3.9869,0.37607
"S-N + XGBoost, bagged",leave-one-yarn-out,438,4.4585,0.72621
"S-N + XGBoost, bagged",leave-one-yarn-out,439,4.2615,0.47392
"S-N + XGBoost, bagged",leave-one-yarn-out,440,4.7423,0.30019
"S-N + XGBoost, bagged",leave-one-yarn-out,441,4.4355,0.54148
"S-N + XGBoost, bagged",leave-one-yarn-out,442,7.4799,0.43390
"S-N + XGBoost, bagged",leave-one-yarn-out,443,2.4969,0.82147
"S-N + XGBoost, bagged",leave-one-yarn-out,444,2.1537,0.65039
"S-N + XGBoost, bagged",leave-one-yarn-out,445,7.1952,0.85678
"S-N + XGBoost, bagged",leave-one-yarn-out,446,1.8649,1.19477
"S-N + XGBoost, bagged",leave-one-yarn-out,447,2.8460,1.23794
"S-N + XGBoost, bagged",leave-one-yarn-out,448,1.7545,0.86461
"S-N + XGBoost, bagged",leave-one-yarn-out,449,1.6096,1.16333
"S-N + XGBoost, bagged",leave-one-yarn-out,450,0.2155,0.53297
"S-N + XGBoost, bagged",leave-one-yarn-out,451,2.1096,1.19870
"S-N + XGBoost, bagged",leave-one-yarn-out,452,3.6381,1.81067
"S-N + XGBoost, bagged",leave-one-yarn-out,453,1.2985,0.73890
"S-N + XGBoost, bagged",leave-one-yarn-out,454,0.4726,0.58649
"S-N + XGBoost, bagged",leave-one-yarn-out,455,1.2529,0.80545
"S-N + XGBoost, bagged",leave-one-yarn-out,456,2.9288,0.65589
"S-N + XGBoost, bagged",leave-one-yarn-out,457,2.7575,0.85774
"S-N + XGBoost, bagged",leave-one-yarn-out,458,0.7989,1.58888
"S-N + XGBoost, bagged",leave-one-yarn-out,459,1.1142,0.60118
"S-N + XGBoost, bagged",leave-one-yarn-out,460,0.9140,0.49524
"S-N + XGBoost, bagged",leave-one-yarn-out,461,1.0197,0.92803
"S-N + XGBoost, bagged",leave-one-yarn-out,462,1.0123,0.46480
"S-N + XGBoost, bagged",leave-one-yarn-out,463,5.0524,0.93199
"S-N + XGBoost, bagged",leave-one-yarn-out,464,1.8019,0.83670
"S-N + XGBoost, bagged",leave-one-yarn-out,465,3.0010,0.60454
"S-N + XGBoost, bagged",leave-one-yarn-out,466,1.0603,0.57484
"S-N + XGBoost, bagged",leave-one-yarn-out,467,1.5729,1.02522
"S-N + XGBoost, bagged",leave-one-yarn-out,468,1.9008,0.54273
"S-N + XGBoost, bagged",leave-one-yarn-out,469,2.0103,0.79245
"S-N + XGBoost, bagged",leave-one-yarn-out,470,6.9370,0.54577
"S-N + XGBoost, bagged",leave-one-yarn-out,471,2.2117,0.77764
"S-N + XGBoost, bagged",leave-one-yarn-out,472,0.7222,1.00488
"S-N + XGBoost, bagged",leave-one-yarn-out,473,2.4198,0.42316
"S-N + XGBoost, bagged",leave-one-yarn-out,474,1.5664,1.14779
"S-N + XGBoost, bagged",leave-one-yarn-out,475,1.9030,0.77420
"S-N + XGBoost, bagged",leave-one-yarn-out,476,1.5424,0.99043
"S-N + XGBoost, bagged",leave-one-yarn-out,477,3.2329,2.06060
"S-N + XGBoost, bagged",leave-one-yarn-out,478,1.8256,0.65076
"S-N + XGBoost, bagged",leave-one-yarn-out,479,1.8651,0.55443
"S-N + XGBoost, bagged",leave-one-yarn-out,480,2.3614,0.52112
"S-N + XGBoost, bagged",leave-one-yarn-out,481,1.7226,0.65629
"S-N + XGBoost, bagged",leave-one-yarn-out,482,2.3482,0.52471
"S-N + XGBoost, bagged",leave-one-yarn-out,483,3.2641,1.51547
"S-N + XGBoost, bagged",leave-one-yarn-out,484,1.1030,0.59303
"S-N + XGBoost, bagged",leave-one-yarn-out,485,1.3622,0.50267
"S-N + XGBoost, bagged",leave-one-yarn-out,486,1.6678,0.75878
"S-N + XGBoost, bagged",leave-one-yarn-out,487,1.3160,0.41766
"S-N + XGBoost, bagged",leave-one-yarn-out,488,1.8057,0.75338
"S-N + XGBoost, bagged",leave-one-yarn-out,489,1.4564,0.62802
"S-N + XGBoost, bagged",leave-one-yarn-out,490,2.7292,0.40184
"S-N + XGBoost, bagged",leave-one-yarn-out,491,2.1473,0.67055
"S-N + XGBoost, bagged",leave-one-yarn-out,492,1.6577,0.65451
"S-N + XGBoost, bagged",leave-one-yarn-out,493,2.3850,0.62769
"S-N + XGBoost, bagged",leave-one-yarn-out,494,3.2270,0.54861
"S-N + XGBoost, bagged",leave-one-yarn-out,495,7.7819,0.48247
"S-N + XGBoost, bagged",leave-one-yarn-out,496,2.7616,0.83957
"S-N + XGBoost, bagged",leave-one-yarn-out,497,4.5753,0.95284
"S-N + XGBoost, bagged",leave-one-yarn-out,498,2.1399,0.46943
"S-N + XGBoost, bagged",leave-one-yarn-out,499,2.3173,1.03857
"S-N + XGBoost, bagged",leave-one-yarn-out,500,8.5579,0.71038
"S-N + XGBoost, bagged",leave-one-yarn-out,501,8.8110,0.97823
"S-N + XGBoost, bagged",leave-one-yarn-out,502,10.4625,1.38625
"S-N + XGBoost, bagged",leave-one-yarn-out,503,6.8963,0.69900
"S-N + XGBoost, bagged",leave-one-yarn-out,504,5.9788,0.51906
"S-N + XGBoost, bagged",leave-one-yarn-out,505,6.1097,0.56873
"S-N + XGBoost, bagged",leave-one-yarn-out,506,7.0547,0.65537
"S-N + XGBoost, bagged",leave-one-yarn-out,507,5.2697,0.88468
"S-N + XGBoost, bagged",leave-one-yarn-out,508,12.3130,1.46659
"S-N + XGBoost, bagged",leave-one-yarn-out,509,8.5579,0.59172
"S-N + XGBoost, bagged",leave-one-yarn-out,510,9.5958,0.42989
"S-N + XGBoost, bagged",leave-one-yarn-out,511,7.4588,0.77418
"S-N + XGBoost, bagged",leave-one-yarn-out,512,6.5176,0.47939
"S-N + XGBoost, bagged",leave-one-yarn-out,513,10.1487,0.47554
"S-N + XGBoost, bagged",leave-one-yarn-out,514,9.2426,0.62886
"S-N + XGBoost, bagged",leave-one-yarn-out,515,8.0170,0.39911
"S-N + XGBoost, bagged",leave-one-yarn-out,516,7.1785,0.47161
"S-N + XGBoost, bagged",leave-one-yarn-out,517,7.6713,0.59629
"S-N + XGBoost, bagged",leave-one-yarn-out,518,6.7711,0.57981
"S-N + XGBoost, bagged",leave-one-yarn-out,519,7.7986,0.34514
"S-N + XGBoost, bagged",leave-one-yarn-out,520,13.8679,0.53729
"S-N + XGBoost, bagged",leave-one-yarn-out,521,1.3921,1.07632
"S-N + XGBoost, bagged",leave-one-yarn-out,522,1.8391,1.02555
"S-N + XGBoost, bagged",leave-one-yarn-out,523,1.0078,1.05173
"S-N + XGBoost, bagged",leave-one-yarn-out,524,1.7980,2.76845
"S-N + XGBoost, bagged",leave-one-yarn-out,525,2.1860,1.05395
"S-N + XGBoost, bagged",leave-one-yarn-out,526,0.7328,1.61945
"S-N + XGBoost, bagged",leave-one-yarn-out,527,5.9087,1.47072
"S-N + XGBoost, bagged",leave-one-yarn-out,528,1.6906,1.04861
"S-N + XGBoost, bagged",leave-one-yarn-out,529,1.0093,0.94184
"S-N + XGBoost, bagged",leave-one-yarn-out,530,4.0861,0.70096
"S-N + XGBoost, bagged",leave-one-yarn-out,531,1.9693,0.83965
"S-N + XGBoost, bagged",leave-one-yarn-out,532,6.4213,0.83928
"S-N + XGBoost, bagged",leave-one-yarn-out,533,5.8376,1.63330
"S-N + XGBoost, bagged",leave-one-yarn-out,534,1.0663,0.89624
"S-N + XGBoost, bagged",leave-one-yarn-out,535,1.5502,0.70129
"S-N + XGBoost, bagged",leave-one-yarn-out,536,1.0344,1.15589
"S-N + XGBoost, bagged",leave-one-yarn-out,537,2.1075,0.65259
"S-N + XGBoost, bagged",leave-one-yarn-out,538,0.9755,0.83204
"S-N + XGBoost, bagged",leave-one-yarn-out,539,2.5572,0.91243
"S-N + XGBoost, bagged",leave-one-yarn-out,540,1.4306,0.67381
"S-N + XGBoost, bagged",leave-one-yarn-out,541,3.3771,0.80483
"S-N + XGBoost, bagged",leave-one-yarn-out,542,1.3006,0.96192
"S-N + XGBoost, bagged",leave-one-yarn-out,543,1.0582,0.82644
"S-N + XGBoost, bagged",leave-one-yarn-out,544,1.2085,0.65412
"S-N + XGBoost, bagged",leave-one-yarn-out,545,1.4668,0.93476
"S-N + XGBoost, bagged",leave-one-yarn-out,546,1.9939,0.96377
"S-N + XGBoost, bagged",leave-one-yarn-out,547,1.6432,0.99233
"S-N + XGBoost, bagged",leave-one-yarn-out,548,2.4361,0.69550
"S-N + XGBoost, bagged",leave-one-yarn-out,549,1.0390,1.81754
"S-N + XGBoost, bagged",leave-one-yarn-out,550,5.4779,1.21253
"S-N + XGBoost, bagged",leave-one-yarn-out,551,3.6112,2.35114
"S-N + XGBoost, bagged",leave-one-yarn-out,552,8.4518,2.25750
"S-N + XGBoost, bagged",leave-one-yarn-out,553,3.7679,1.22055
"S-N + XGBoost, bagged",leave-one-yarn-out,554,2.9075,1.10133
"S-N + XGBoost, bagged",leave-one-yarn-out,555,4.3313,1.12427
"S-N + XGBoost, bagged",leave-one-yarn-out,556,4.6991,1.13546
"S-N + XGBoost, bagged",leave-one-yarn-out,557,8.7801,1.15271
"S-N + XGBoost, bagged",leave-one-yarn-out,558,5.7585,2.28106
"S-N + XGBoost, bagged",leave-one-yarn-out,559,2.4601,1.33734
"S-N + XGBoost, bagged",leave-one-yarn-out,560,3.0387,1.05486
"S-N + XGBoost, bagged",leave-one-yarn-out,561,2.9276,1.45626
"S-N + XGBoost, bagged",leave-one-yarn-out,562,3.0858,1.10651
"S-N + XGBoost, bagged",leave-one-yarn-out,563,2.0853,1.12478
"S-N + XGBoost, bagged",leave-one-yarn-out,564,3.1076,0.96817
"S-N + XGBoost, bagged",leave-one-yarn-out,565,4.2869,1.07311
"S-N + XGBoost, bagged",leave-one-yarn-out,566,6.3317,1.08601
"S-N + XGBoost, bagged",leave-one-yarn-out,567,3.2742,1.02836
"S-N + XGBoost, bagged",leave-one-yarn-out,568,3.3005,1.12286
"S-N + XGBoost, bagged",leave-one-yarn-out,569,4.7907,1.06081
"S-N + XGBoost, bagged",leave-one-yarn-out,570,2.7615,1.21458
"S-N + XGBoost, bagged",leave-one-yarn-out,571,2.2168,1.26863
"S-N + XGBoost, bagged",leave-one-yarn-out,572,1.6085,1.04885
"S-N + XGBoost, bagged",leave-one-yarn-out,573,1.7675,0.62541
"S-N + XGBoost, bagged",leave-one-yarn-out,574,0.4939,2.03738
"S-N + XGBoost, bagged",leave-one-yarn-out,575,1.4433,0.71482
"S-N + XGBoost, bagged",leave-one-yarn-out,576,2.0808,1.35069
"S-N + XGBoost, bagged",leave-one-yarn-out,577,8.6467,1.33267
"S-N + XGBoost, bagged",leave-one-yarn-out,578,2.2187,0.82184
"S-N + XGBoost, bagged",leave-one-yarn-out,579,2.0410,0.51296
"S-N + XGBoost, bagged",leave-one-yarn-out,580,3.3599,0.49352
"S-N + XGBoost, bagged",leave-one-yarn-out,581,3.4493,0.80729
"S-N + XGBoost, bagged",leave-one-yarn-out,582,4.2309,0.64997
"S-N + XGBoost, bagged",leave-one-yarn-out,583,8.2991,0.90846
"S-N + XGBoost, bagged",leave-one-yarn-out,584,4.0050,0.83057
"S-N + XGBoost, bagged",leave-one-yarn-out,585,3.3575,0.56845
"S-N + XGBoost, bagged",leave-one-yarn-out,586,1.4505,0.53115
"S-N + XGBoost, bagged",leave-one-yarn-out,587,1.0389,0.40348
"S-N + XGBoost, bagged",leave-one-yarn-out,588,3.8148,0.73826
"S-N + XGBoost, bagged",leave-one-yarn-out,589,4.4327,0.71808
"S-N + XGBoost, bagged",leave-one-yarn-out,590,2.2013,0.53760
"S-N + XGBoost, bagged",leave-one-yarn-out,591,1.6258,0.67640
"S-N + XGBoost, bagged",leave-one-yarn-out,592,1.5627,0.80804
"S-N + XGBoost, bagged",leave-one-yarn-out,593,1.6332,0.48966
"S-N + XGBoost, bagged",leave-one-yarn-out,594,2.6352,0.49886
"S-N + XGBoost, bagged",leave-one-yarn-out,595,1.5957,0.86862
"S-N + XGBoost, bagged",leave-one-yarn-out,596,3.0763,0.74110
"S-N + XGBoost, bagged",leave-one-yarn-out,597,3.9990,0.62488
"S-N + XGBoost, bagged",leave-one-yarn-out,598,1.9391,0.66888
"S-N + XGBoost, bagged",leave-one-yarn-out,599,0.9410,1.59666
"S-N + XGBoost, bagged",leave-one-yarn-out,600,2.2049,0.93422
"S-N + XGBoost, bagged",leave-one-yarn-out,601,3.0218,1.08191
"S-N + XGBoost, bagged",leave-one-yarn-out,602,8.9449,1.19527
"S-N + XGBoost, bagged",leave-one-yarn-out,603,2.1636,0.68159
"S-N + XGBoost, bagged",leave-one-yarn-out,604,1.8018,0.58681
"S-N + XGBoost, bagged",leave-one-yarn-out,605,3.7102,0.59605
"S-N + XGBoost, bagged",leave-one-yarn-out,606,2.2487,0.95131
"S-N + XGBoost, bagged",leave-one-yarn-out,607,3.8153,0.81808
"S-N + XGBoost, bagged",leave-one-yarn-out,608,6.7717,0.80287
"S-N + XGBoost, bagged",leave-one-yarn-out,609,4.9898,0.56748
"S-N + XGBoost, bagged",leave-one-yarn-out,610,2.1224,0.79877
"S-N + XGBoost, bagged",leave-one-yarn-out,611,0.6304,0.58963
"S-N + XGBoost, bagged",leave-one-yarn-out,612,1.1579,0.63192
"S-N + XGBoost, bagged",leave-one-yarn-out,613,5.3219,0.86104
"S-N + XGBoost, bagged",leave-one-yarn-out,614,5.2206,0.85622
"S-N + XGBoost, bagged",leave-one-yarn-out,615,2.7121,0.67509
"S-N + XGBoost, bagged",leave-one-yarn-out,616,1.1459,0.50714
"S-N + XGBoost, bagged",leave-one-yarn-out,617,1.6649,0.85518
"S-N + XGBoost, bagged",leave-one-yarn-out,618,1.1645,0.45838
"S-N + XGBoost, bagged",leave-one-yarn-out,619,2.6790,0.59769
"S-N + XGBoost, bagged",leave-one-yarn-out,620,1.3131,0.88404
"S-N + XGBoost, bagged",leave-one-yarn-out,621,2.8780,0.66985
"S-N + XGBoost, bagged",leave-one-yarn-out,622,3.4546,0.47036
"S-N + XGBoost, bagged",leave-one-yarn-out,623,0.6572,0.94841
"S-N + XGBoost, bagged",leave-one-yarn-out,624,1.0481,0.86066
S-N + GP,leave-one-yarn-out,0,3.1391,5.65117
S-N + GP,leave-one-yarn-out,1,1.6084,4.34005
S-N + GP,leave-one-yarn-out,2,1.8822,3.71006
S-N + GP,leave-one-yarn-out,3,2.2498,4.71109
S-N + GP,leave-one-yarn-out,4,1.4159,3.84905
S-N + GP,leave-one-yarn-out,5,0.9211,3.72542
S-N + GP,leave-one-yarn-out,6,2.8634,3.92991
S-N + GP,leave-one-yarn-out,7,1.0243,3.62848
S-N + GP,leave-one-yarn-out,8,1.6359,3.26007
S-N + GP,leave-one-yarn-out,9,1.2109,5.25051
S-N + GP,leave-one-yarn-out,10,1.2672,3.70709
S-N + GP,leave-one-yarn-out,11,8.6319,4.40778
S-N + GP,leave-one-yarn-out,12,2.2110,3.61703
S-N + GP,leave-one-yarn-out,13,1.2551,3.90022
S-N + GP,leave-one-yarn-out,14,2.7888,3.57550
S-N + GP,leave-one-yarn-out,15,0.9278,3.66719
S-N + GP,leave-one-yarn-out,16,2.6894,3.50722
S-N + GP,leave-one-yarn-out,17,2.8025,3.55607
S-N + GP,leave-one-yarn-out,18,1.7342,3.73881
S-N + GP,leave-one-yarn-out,19,4.3196,3.67722
S-N + GP,leave-one-yarn-out,20,9.4256,2.89267
S-N + GP,leave-one-yarn-out,21,0.8479,3.57114
S-N + GP,leave-one-yarn-out,22,1.8103,3.50153
S-N + GP,leave-one-yarn-out,23,0.8932,3.43760
S-N + GP,leave-one-yarn-out,24,1.0568,3.57321
S-N + GP,leave-one-yarn-out,25,2.7633,6.42114
S-N + GP,leave-one-yarn-out,26,2.9128,6.44304
S-N + GP,leave-one-yarn-out,27,0.6037,3.82320
S-N + GP,leave-one-yarn-out,28,1.4497,4.77401
S-N + GP,leave-one-yarn-out,29,1.0079,3.92124
S-N + GP,leave-one-yarn-out,30,0.1841,3.78160
S-N + GP,leave-one-yarn-out,31,4.1395,4.00737
S-N + GP,leave-one-yarn-out,32,2.9132,3.67095
S-N + GP,leave-one-yarn-out,33,0.7990,3.29250
S-N + GP,leave-one-yarn-out,34,1.7348,5.30105
S-N + GP,leave-one-yarn-out,35,2.2659,3.74123
S-N + GP,leave-one-yarn-out,36,6.6503,4.52391
S-N + GP,leave-one-yarn-out,37,1.1935,3.63813
S-N + GP,leave-one-yarn-out,38,1.0067,3.99196
S-N + GP,leave-one-yarn-out,39,2.5492,3.61743
S-N + GP,leave-one-yarn-out,40,1.6043,3.68978
S-N + GP,leave-one-yarn-out,41,1.2509,3.53556
S-N + GP,leave-one-yarn-out,42,0.6387,3.58390
S-N + GP,leave-one-yarn-out,43,1.5600,3.79261
S-N + GP,leave-one-yarn-out,44,2.4199,3.69922
S-N + GP,leave-one-yarn-out,45,8.6984,2.89499
S-N + GP,leave-one-yarn-out,46,0.4322,3.60959
S-N + GP,leave-one-yarn-out,47,0.7064,3.53138
S-N + GP,leave-one-yarn-out,48,0.3893,3.47647
S-N + GP,leave-one-yarn-out,49,0.4848,3.63389
S-N + GP,leave-one-yarn-out,50,1.1452,6.21813
S-N + GP,leave-one-yarn-out,51,1.8177,6.22048
S-N + GP,leave-one-yarn-out,52,1.3140,6.20617
S-N + GP,leave-one-yarn-out,53,2.2212,4.77206
S-N + GP,leave-one-yarn-out,54,1.0685,3.91726
S-N + GP,leave-one-yarn-out,55,0.5709,3.77824
S-N + GP,leave-one-yarn-out,56,3.4337,4.00211
S-N + GP,leave-one-yarn-out,57,1.7520,3.66797
S-N + GP,leave-one-yarn-out,58,0.7614,3.29246
S-N + GP,leave-one-yarn-out,59,0.7425,5.29903
S-N + GP,leave-one-yarn-out,60,1.4425,3.73943
S-N + GP,leave-one-yarn-out,61,6.5368,4.51783
S-N + GP,leave-one-yarn-out,62,1.4875,3.63064
S-N + GP,leave-one-yarn-out,63,1.6758,3.98605
S-N + GP,leave-one-yarn-out,64,1.6162,3.61319
S-N + GP,leave-one-yarn-out,65,0.3218,3.68804
S-N + GP,leave-one-yarn-out,66,1.6852,3.53456
S-N + GP,leave-one-yarn-out,67,0.6055,3.57909
S-N + GP,leave-one-yarn-out,68,1.4466,3.79030
S-N + GP,leave-one-yarn-out,69,1.7026,3.69706
S-N + GP,leave-one-yarn-out,70,8.8480,2.89495
S-N + GP,leave-one-yarn-out,71,0.5264,3.60686
S-N + GP,leave-one-yarn-out,72,0.7503,3.52941
S-N + GP,leave-one-yarn-out,73,0.9090,3.47471
S-N + GP,leave-one-yarn-out,74,0.4761,3.62963
S-N + GP,leave-one-yarn-out,75,1.3749,5.02271
S-N + GP,leave-one-yarn-out,76,0.7121,5.00855
S-N + GP,leave-one-yarn-out,77,1.2105,4.97202
S-N + GP,leave-one-yarn-out,78,1.2052,5.43607
S-N + GP,leave-one-yarn-out,79,0.7392,3.91198
S-N + GP,leave-one-yarn-out,80,0.6345,3.74714
S-N + GP,leave-one-yarn-out,81,2.1891,3.95784
S-N + GP,leave-one-yarn-out,82,0.5768,3.64168
S-N + GP,leave-one-yarn-out,83,0.4192,3.26154
S-N + GP,leave-one-yarn-out,84,1.1427,5.27111
S-N + GP,leave-one-yarn-out,85,1.2594,3.71943
S-N + GP,leave-one-yarn-out,86,6.1683,4.44619
S-N + GP,leave-one-yarn-out,87,1.6128,3.60483
S-N + GP,leave-one-yarn-out,88,1.4944,3.93452
S-N + GP,leave-one-yarn-out,89,1.5019,3.58597
S-N + GP,leave-one-yarn-out,90,0.6228,3.67166
S-N + GP,leave-one-yarn-out,91,1.3604,3.51913
S-N + GP,leave-one-yarn-out,92,2.3192,3.55504
S-N + GP,leave-one-yarn-out,93,0.9998,3.77005
S-N + GP,leave-one-yarn-out,94,1.9092,3.67822
S-N + GP,leave-one-yarn-out,95,6.9214,2.87260
S-N + GP,leave-one-yarn-out,96,0.4973,3.58270
S-N + GP,leave-one-yarn-out,97,1.1130,3.51216
S-N + GP,leave-one-yarn-out,98,1.3435,3.45593
S-N + GP,leave-one-yarn-out,99,1.1509,3.59473
S-N + GP,leave-one-yarn-out,100,1.3792,5.67098
S-N + GP,leave-one-yarn-out,101,3.2621,5.64543
S-N + GP,leave-one-yarn-out,102,2.6756,5.55700
S-N + GP,leave-one-yarn-out,103,2.1128,5.52747
S-N + GP,leave-one-yarn-out,104,1.5868,5.53857
S-N + GP,leave-one-yarn-out,105,0.5286,3.75966
S-N + GP,leave-one-yarn-out,106,2.4105,3.97347
S-N + GP,leave-one-yarn-out,107,0.6093,3.65092
S-N + GP,leave-one-yarn-out,108,0.9954,3.27253
S-N + GP,leave-one-yarn-out,109,2.8755,5.27795
S-N + GP,leave-one-yarn-out,110,0.8760,3.72571
S-N + GP,leave-one-yarn-out,111,4.6919,4.46595
S-N + GP,leave-one-yarn-out,112,1.2643,3.61648
S-N + GP,leave-one-yarn-out,113,3.1106,3.95237
S-N + GP,leave-one-yarn-out,114,1.3268,3.59633
S-N + GP,leave-one-yarn-out,115,0.3393,3.67724
S-N + GP,leave-one-yarn-out,116,1.4513,3.52139
S-N + GP,leave-one-yarn-out,117,3.0198,3.56476
S-N + GP,leave-one-yarn-out,118,0.8776,3.77039
S-N + GP,leave-one-yarn-out,119,1.7395,3.68452
S-N + GP,leave-one-yarn-out,120,5.7873,2.86999
S-N + GP,leave-one-yarn-out,121,0.6431,3.59133
S-N + GP,leave-one-yarn-out,122,0.7883,3.51815
S-N + GP,leave-one-yarn-out,123,1.5309,3.46173
S-N + GP,leave-one-yarn-out,124,1.6945,3.60672
S-N + GP,leave-one-yarn-out,125,2.7727,5.15060
S-N + GP,leave-one-yarn-out,126,3.7396,5.13378
S-N + GP,leave-one-yarn-out,127,2.3044,4.98535
S-N + GP,leave-one-yarn-out,128,1.9339,4.88795
S-N + GP,leave-one-yarn-out,129,1.7176,4.89140
S-N + GP,leave-one-yarn-out,130,1.4508,4.84672
S-N + GP,leave-one-yarn-out,131,1.3575,3.95133
S-N + GP,leave-one-yarn-out,132,0.4687,3.66264
S-N + GP,leave-one-yarn-out,133,2.0926,3.26299
S-N + GP,leave-one-yarn-out,134,2.6719,5.25144
S-N + GP,leave-one-yarn-out,135,0.6314,3.71145
S-N + GP,leave-one-yarn-out,136,4.5982,4.40716
S-N + GP,leave-one-yarn-out,137,1.0439,3.60228
S-N + GP,leave-one-yarn-out,138,0.6978,3.92649
S-N + GP,leave-one-yarn-out,139,0.9082,3.58622
S-N + GP,leave-one-yarn-out,140,0.7470,3.66744
S-N + GP,leave-one-yarn-out,141,1.6247,3.49525
S-N + GP,leave-one-yarn-out,142,3.1251,3.55495
S-N + GP,leave-one-yarn-out,143,0.9887,3.74635
S-N + GP,leave-one-yarn-out,144,0.7485,3.67303
S-N + GP,leave-one-yarn-out,145,4.7181,2.84997
S-N + GP,leave-one-yarn-out,146,2.3858,3.58131
S-N + GP,leave-one-yarn-out,147,1.8964,3.50959
S-N + GP,leave-one-yarn-out,148,6.3195,3.44953
S-N + GP,leave-one-yarn-out,149,6.3160,3.58927
S-N + GP,leave-one-yarn-out,150,2.9468,6.17697
S-N + GP,leave-one-yarn-out,151,9.1288,6.21639
S-N + GP,leave-one-yarn-out,152,7.1558,6.17008
S-N + GP,leave-one-yarn-out,153,4.7730,6.11948
S-N + GP,leave-one-yarn-out,154,4.4725,6.11865
S-N + GP,leave-one-yarn-out,155,4.4183,6.10382
S-N + GP,leave-one-yarn-out,156,4.6718,6.15159
S-N + GP,leave-one-yarn-out,157,0.3501,3.66731
S-N + GP,leave-one-yarn-out,158,2.1166,3.28715
S-N + GP,leave-one-yarn-out,159,3.5813,5.29493
S-N + GP,leave-one-yarn-out,160,0.4913,3.73762
S-N + GP,leave-one-yarn-out,161,5.0372,4.50909
S-N + GP,leave-one-yarn-out,162,1.0310,3.62887
S-N + GP,leave-one-yarn-out,163,0.4276,3.98207
S-N + GP,leave-one-yarn-out,164,0.8995,3.61393
S-N + GP,leave-one-yarn-out,165,0.3197,3.68708
S-N + GP,leave-one-yarn-out,166,1.2294,3.52921
S-N + GP,leave-one-yarn-out,167,1.9902,3.57887
S-N + GP,leave-one-yarn-out,168,1.3563,3.78729
S-N + GP,leave-one-yarn-out,169,0.4646,3.69566
S-N + GP,leave-one-yarn-out,170,6.0583,2.87896
S-N + GP,leave-one-yarn-out,171,2.0221,3.60588
S-N + GP,leave-one-yarn-out,172,1.2070,3.52831
S-N + GP,leave-one-yarn-out,173,7.7025,3.47284
S-N + GP,leave-one-yarn-out,174,7.3060,3.62689
S-N + GP,leave-one-yarn-out,175,1.6255,4.32928
S-N + GP,leave-one-yarn-out,176,2.6795,4.27733
S-N + GP,leave-one-yarn-out,177,1.6624,4.13233
S-N + GP,leave-one-yarn-out,178,2.0054,4.06406
S-N + GP,leave-one-yarn-out,179,1.5480,4.05997
S-N + GP,leave-one-yarn-out,180,1.5096,4.02041
S-N + GP,leave-one-yarn-out,181,1.9102,4.11792
S-N + GP,leave-one-yarn-out,182,1.5015,3.99014
S-N + GP,leave-one-yarn-out,183,1.3897,3.21725
S-N + GP,leave-one-yarn-out,184,1.7594,5.20580
S-N + GP,leave-one-yarn-out,185,0.6687,3.67386
S-N + GP,leave-one-yarn-out,186,5.4000,4.28556
S-N + GP,leave-one-yarn-out,187,0.6061,3.55916
S-N + GP,leave-one-yarn-out,188,0.8624,3.84668
S-N + GP,leave-one-yarn-out,189,1.3387,3.56337
S-N + GP,leave-one-yarn-out,190,0.6610,3.63751
S-N + GP,leave-one-yarn-out,191,1.7826,3.46183
S-N + GP,leave-one-yarn-out,192,3.1118,3.51814
S-N + GP,leave-one-yarn-out,193,0.8254,3.69375
S-N + GP,leave-one-yarn-out,194,1.0310,3.64035
S-N + GP,leave-one-yarn-out,195,5.3345,2.83865
S-N + GP,leave-one-yarn-out,196,1.6987,3.54140
S-N + GP,leave-one-yarn-out,197,1.5854,3.48066
S-N + GP,leave-one-yarn-out,198,6.8750,3.41812
S-N + GP,leave-one-yarn-out,199,6.0771,3.53156
S-N + GP,leave-one-yarn-out,200,6.6987,6.06480
S-N + GP,leave-one-yarn-out,201,4.6949,6.05681
S-N + GP,leave-one-yarn-out,202,5.1438,6.00604
S-N + GP,leave-one-yarn-out,203,5.3861,5.96050
S-N + GP,leave-one-yarn-out,204,5.4981,5.95576
S-N + GP,leave-one-yarn-out,205,7.1320,5.93263
S-N + GP,leave-one-yarn-out,206,5.7087,5.97482
S-N + GP,leave-one-yarn-out,207,6.4113,5.92026
S-N + GP,leave-one-yarn-out,208,5.8645,5.93743
S-N + GP,leave-one-yarn-out,209,1.9664,5.29978
S-N + GP,leave-one-yarn-out,210,0.4622,3.73851
S-N + GP,leave-one-yarn-out,211,5.2749,4.51678
S-N + GP,leave-one-yarn-out,212,1.3076,3.62247
S-N + GP,leave-one-yarn-out,213,0.7931,3.98158
S-N + GP,leave-one-yarn-out,214,1.2624,3.60933
S-N + GP,leave-one-yarn-out,215,0.4717,3.68669
S-N + GP,leave-one-yarn-out,216,1.3701,3.53689
S-N + GP,leave-one-yarn-out,217,1.9839,3.57398
S-N + GP,leave-one-yarn-out,218,0.7467,3.79015
S-N + GP,leave-one-yarn-out,219,1.1237,3.69560
S-N + GP,leave-one-yarn-out,220,6.6418,2.88510
S-N + GP,leave-one-yarn-out,221,0.7610,3.60444
S-N + GP,leave-one-yarn-out,222,0.3851,3.52795
S-N + GP,leave-one-yarn-out,223,6.4945,3.47394
S-N + GP,leave-one-yarn-out,224,7.8841,3.62762
S-N + GP,leave-one-yarn-out,225,1.9177,5.69707
S-N + GP,leave-one-yarn-out,226,2.6955,5.69128
S-N + GP,leave-one-yarn-out,227,3.2696,5.67674
S-N + GP,leave-one-yarn-out,228,5.7912,5.67505
S-N + GP,leave-one-yarn-out,229,8.4119,5.65713
S-N + GP,leave-one-yarn-out,230,6.9445,5.63000
S-N + GP,leave-one-yarn-out,231,3.6427,5.66470
S-N + GP,leave-one-yarn-out,232,4.7693,5.61256
S-N + GP,leave-one-yarn-out,233,2.0150,5.66160
S-N + GP,leave-one-yarn-out,234,1.8104,5.83740
S-N + GP,leave-one-yarn-out,235,0.4666,3.73983
S-N + GP,leave-one-yarn-out,236,5.9597,4.51984
S-N + GP,leave-one-yarn-out,237,0.6994,3.63166
S-N + GP,leave-one-yarn-out,238,0.1402,3.99122
S-N + GP,leave-one-yarn-out,239,1.2429,3.61388
S-N + GP,leave-one-yarn-out,240,0.6258,3.68826
S-N + GP,leave-one-yarn-out,241,1.3511,3.53618
S-N + GP,leave-one-yarn-out,242,1.0446,3.57972
S-N + GP,leave-one-yarn-out,243,1.2968,3.79105
S-N + GP,leave-one-yarn-out,244,0.8037,3.69744
S-N + GP,leave-one-yarn-out,245,5.8487,2.88533
S-N + GP,leave-one-yarn-out,246,0.2812,3.60934
S-N + GP,leave-one-yarn-out,247,0.6112,3.52985
S-N + GP,leave-one-yarn-out,248,8.3366,3.47512
S-N + GP,leave-one-yarn-out,249,7.6206,3.63009
S-N + GP,leave-one-yarn-out,250,3.7602,4.76932
S-N + GP,leave-one-yarn-out,251,2.9995,4.73319
S-N + GP,leave-one-yarn-out,252,3.5795,4.61955
S-N + GP,leave-one-yarn-out,253,2.0908,4.55790
S-N + GP,leave-one-yarn-out,254,1.6633,4.54666
S-N + GP,leave-one-yarn-out,255,2.9202,4.50332
S-N + GP,leave-one-yarn-out,256,2.1075,4.59277
S-N + GP,leave-one-yarn-out,257,2.2512,4.48392
S-N + GP,leave-one-yarn-out,258,1.9660,4.48523
S-N + GP,leave-one-yarn-out,259,0.8341,4.63009
S-N + GP,leave-one-yarn-out,260,1.0665,4.49603
S-N + GP,leave-one-yarn-out,261,7.4843,4.33753
S-N + GP,leave-one-yarn-out,262,0.9323,3.58311
S-N + GP,leave-one-yarn-out,263,0.7732,3.88781
S-N + GP,leave-one-yarn-out,264,1.4057,3.56570
S-N + GP,leave-one-yarn-out,265,1.1566,3.66271
S-N + GP,leave-one-yarn-out,266,1.1558,3.48135
S-N + GP,leave-one-yarn-out,267,3.9597,3.53866
S-N + GP,leave-one-yarn-out,268,2.0862,3.72018
S-N + GP,leave-one-yarn-out,269,0.5494,3.66599
S-N + GP,leave-one-yarn-out,270,8.7019,2.85051
S-N + GP,leave-one-yarn-out,271,0.8333,3.56426
S-N + GP,leave-one-yarn-out,272,1.6498,3.49617
S-N + GP,leave-one-yarn-out,273,1.6168,3.43155
S-N + GP,leave-one-yarn-out,274,3.0103,3.56007
S-N + GP,leave-one-yarn-out,275,2.6033,5.21707
S-N + GP,leave-one-yarn-out,276,2.2431,5.21494
S-N + GP,leave-one-yarn-out,277,2.0998,5.18830
S-N + GP,leave-one-yarn-out,278,0.9366,5.17068
S-N + GP,leave-one-yarn-out,279,0.9439,5.13334
S-N + GP,leave-one-yarn-out,280,1.0024,5.09407
S-N + GP,leave-one-yarn-out,281,2.4545,5.16769
S-N + GP,leave-one-yarn-out,282,1.9133,5.05566
S-N + GP,leave-one-yarn-out,283,1.8412,5.16981
S-N + GP,leave-one-yarn-out,284,1.9258,5.19580
S-N + GP,leave-one-yarn-out,285,2.3095,5.10586
S-N + GP,leave-one-yarn-out,286,3.1992,5.56147
S-N + GP,leave-one-yarn-out,287,0.7662,3.61614
S-N + GP,leave-one-yarn-out,288,1.8134,3.95146
S-N + GP,leave-one-yarn-out,289,1.3400,3.59868
S-N + GP,leave-one-yarn-out,290,2.4408,3.67761
S-N + GP,leave-one-yarn-out,291,1.6222,3.51514
S-N + GP,leave-one-yarn-out,292,2.2769,3.56676
S-N + GP,leave-one-yarn-out,293,1.0489,3.78103
S-N + GP,leave-one-yarn-out,294,0.5869,3.68387
S-N + GP,leave-one-yarn-out,295,7.5112,2.87747
S-N + GP,leave-one-yarn-out,296,0.3051,3.59308
S-N + GP,leave-one-yarn-out,297,0.7387,3.51868
S-N + GP,leave-one-yarn-out,298,1.3179,3.46029
S-N + GP,leave-one-yarn-out,299,1.7145,3.61103
S-N + GP,leave-one-yarn-out,300,7.3731,4.33583
S-N + GP,leave-one-yarn-out,301,6.0028,4.30372
S-N + GP,leave-one-yarn-out,302,6.0407,4.18353
S-N + GP,leave-one-yarn-out,303,6.1163,4.12887
S-N + GP,leave-one-yarn-out,304,5.2713,4.13194
S-N + GP,leave-one-yarn-out,305,5.0998,4.06304
S-N + GP,leave-one-yarn-out,306,4.4234,4.16405
S-N + GP,leave-one-yarn-out,307,4.9376,4.02349
S-N + GP,leave-one-yarn-out,308,7.6079,4.04181
S-N + GP,leave-one-yarn-out,309,5.1082,4.21860
S-N + GP,leave-one-yarn-out,310,5.0307,4.02380
S-N + GP,leave-one-yarn-out,311,5.4055,4.15987
S-N + GP,leave-one-yarn-out,312,6.5687,4.00541
S-N + GP,leave-one-yarn-out,313,0.9678,3.84943
S-N + GP,leave-one-yarn-out,314,1.4949,3.54573
S-N + GP,leave-one-yarn-out,315,1.0776,3.64171
S-N + GP,leave-one-yarn-out,316,2.0249,3.47769
S-N + GP,leave-one-yarn-out,317,3.3348,3.53008
S-N + GP,leave-one-yarn-out,318,1.5380,3.69781
S-N + GP,leave-one-yarn-out,319,1.1992,3.64590
S-N + GP,leave-one-yarn-out,320,7.1470,2.86535
S-N + GP,leave-one-yarn-out,321,1.0118,3.54197
S-N + GP,leave-one-yarn-out,322,1.3789,3.48045
S-N + GP,leave-one-yarn-out,323,1.2160,3.45423
S-N + GP,leave-one-yarn-out,324,3.1605,3.53550
S-N + GP,leave-one-yarn-out,325,1.7816,6.45772
S-N + GP,leave-one-yarn-out,326,2.7984,6.45146
S-N + GP,leave-one-yarn-out,327,2.0517,6.41103
S-N + GP,leave-one-yarn-out,328,3.9589,6.38411
S-N + GP,leave-one-yarn-out,329,2.1163,6.38035
S-N + GP,leave-one-yarn-out,330,1.8490,6.36247
S-N + GP,leave-one-yarn-out,331,0.8685,6.39237
S-N + GP,leave-one-yarn-out,332,1.1168,6.35471
S-N + GP,leave-one-yarn-out,333,0.7736,6.35796
S-N + GP,leave-one-yarn-out,334,1.0903,6.42666
S-N + GP,leave-one-yarn-out,335,0.4793,6.35898
S-N + GP,leave-one-yarn-out,336,2.6822,6.39166
S-N + GP,leave-one-yarn-out,337,1.0214,6.33710
S-N + GP,leave-one-yarn-out,338,0.5160,6.41158
S-N + GP,leave-one-yarn-out,339,1.8200,3.61148
S-N + GP,leave-one-yarn-out,340,1.0785,3.68689
S-N + GP,leave-one-yarn-out,341,1.4915,3.52760
S-N + GP,leave-one-yarn-out,342,2.4605,3.57767
S-N + GP,leave-one-yarn-out,343,2.4419,3.78690
S-N + GP,leave-one-yarn-out,344,0.4225,3.69538
S-N + GP,leave-one-yarn-out,345,8.8717,2.86518
S-N + GP,leave-one-yarn-out,346,0.3898,3.60730
S-N + GP,leave-one-yarn-out,347,0.9469,3.52825
S-N + GP,leave-one-yarn-out,348,1.8169,3.47280
S-N + GP,leave-one-yarn-out,349,1.9353,3.62697
S-N + GP,leave-one-yarn-out,350,6.2413,3.94528
S-N + GP,leave-one-yarn-out,351,5.3325,3.88214
S-N + GP,leave-one-yarn-out,352,4.3399,3.76505
S-N + GP,leave-one-yarn-out,353,2.3298,3.72390
S-N + GP,leave-one-yarn-out,354,2.7902,3.71408
S-N + GP,leave-one-yarn-out,355,3.1317,3.66798
S-N + GP,leave-one-yarn-out,356,3.1433,3.76998
S-N + GP,leave-one-yarn-out,357,2.6120,3.64372
S-N + GP,leave-one-yarn-out,358,4.4491,3.64098
S-N + GP,leave-one-yarn-out,359,2.7425,3.79705
S-N + GP,leave-one-yarn-out,360,2.4426,3.64337
S-N + GP,leave-one-yarn-out,361,3.5037,3.73636
S-N + GP,leave-one-yarn-out,362,3.0248,3.60345
S-N + GP,leave-one-yarn-out,363,2.6415,3.73310
S-N + GP,leave-one-yarn-out,364,3.5552,3.62509
S-N + GP,leave-one-yarn-out,365,0.8123,3.62036
S-N + GP,leave-one-yarn-out,366,2.0613,3.45372
S-N + GP,leave-one-yarn-out,367,3.9822,3.50393
S-N + GP,leave-one-yarn-out,368,1.9171,3.66111
S-N + GP,leave-one-yarn-out,369,1.4348,3.61839
S-N + GP,leave-one-yarn-out,370,6.2965,2.84950
S-N + GP,leave-one-yarn-out,371,0.8038,3.51203
S-N + GP,leave-one-yarn-out,372,1.6336,3.45863
S-N + GP,leave-one-yarn-out,373,1.6421,3.39600
S-N + GP,leave-one-yarn-out,374,3.3558,3.48958
S-N + GP,leave-one-yarn-out,375,2.6063,4.04222
S-N + GP,leave-one-yarn-out,376,1.8053,4.00161
S-N + GP,leave-one-yarn-out,377,1.3411,3.89087
S-N + GP,leave-one-yarn-out,378,1.9659,3.84534
S-N + GP,leave-one-yarn-out,379,0.8271,3.83704
S-N + GP,leave-one-yarn-out,380,0.5233,3.79563
S-N + GP,leave-one-yarn-out,381,1.4835,3.88945
S-N + GP,leave-one-yarn-out,382,1.5046,3.77409
S-N + GP,leave-one-yarn-out,383,1.2695,3.77348
S-N + GP,leave-one-yarn-out,384,0.9778,3.91124
S-N + GP,leave-one-yarn-out,385,1.2746,3.77920
S-N + GP,leave-one-yarn-out,386,0.7688,3.85696
S-N + GP,leave-one-yarn-out,387,1.1677,3.73912
S-N + GP,leave-one-yarn-out,388,0.7875,3.85559
S-N + GP,leave-one-yarn-out,389,0.8625,3.75863
S-N + GP,leave-one-yarn-out,390,1.0539,3.75474
S-N + GP,leave-one-yarn-out,391,1.8885,3.43326
S-N + GP,leave-one-yarn-out,392,4.0580,3.49106
S-N + GP,leave-one-yarn-out,393,1.9598,3.63939
S-N + GP,leave-one-yarn-out,394,2.3261,3.63314
S-N + GP,leave-one-yarn-out,395,7.9637,2.82487
S-N + GP,leave-one-yarn-out,396,0.9907,3.50095
S-N + GP,leave-one-yarn-out,397,2.2455,3.44726
S-N + GP,leave-one-yarn-out,398,2.4774,3.38152
S-N + GP,leave-one-yarn-out,399,1.5751,3.47529
S-N + GP,leave-one-yarn-out,400,4.8642,4.05777
S-N + GP,leave-one-yarn-out,401,4.7686,3.99294
S-N + GP,leave-one-yarn-out,402,4.4999,3.85240
S-N + GP,leave-one-yarn-out,403,2.4790,3.79056
S-N + GP,leave-one-yarn-out,404,2.8359,3.78345
S-N + GP,leave-one-yarn-out,405,3.5760,3.70652
S-N + GP,leave-one-yarn-out,406,4.5997,3.84124
S-N + GP,leave-one-yarn-out,407,4.1179,3.66248
S-N + GP,leave-one-yarn-out,408,4.8111,3.70207
S-N + GP,leave-one-yarn-out,409,3.9603,3.89583
S-N + GP,leave-one-yarn-out,410,5.6644,3.67445
S-N + GP,leave-one-yarn-out,411,2.9201,3.81400
S-N + GP,leave-one-yarn-out,412,4.6737,3.63694
S-N + GP,leave-one-yarn-out,413,4.1178,3.81436
S-N + GP,leave-one-yarn-out,414,4.6662,3.63361
S-N + GP,leave-one-yarn-out,415,5.1949,3.63064
S-N + GP,leave-one-yarn-out,416,6.6265,3.63557
S-N + GP,leave-one-yarn-out,417,3.3057,3.52929
S-N + GP,leave-one-yarn-out,418,2.1175,3.70836
S-N + GP,leave-one-yarn-out,419,2.6940,3.65112
S-N + GP,leave-one-yarn-out,420,8.4476,2.81353
S-N + GP,leave-one-yarn-out,421,1.3528,3.56102
S-N + GP,leave-one-yarn-out,422,1.0908,3.51272
S-N + GP,leave-one-yarn-out,423,0.9197,3.42842
S-N + GP,leave-one-yarn-out,424,0.6048,3.55396
S-N + GP,leave-one-yarn-out,425,4.8230,3.94852
S-N + GP,leave-one-yarn-out,426,6.3570,3.90430
S-N + GP,leave-one-yarn-out,427,5.9930,3.80380
S-N + GP,leave-one-yarn-out,428,4.8301,3.76378
S-N + GP,leave-one-yarn-out,429,3.4321,3.75758
S-N + GP,leave-one-yarn-out,430,3.4043,3.71664
S-N + GP,leave-one-yarn-out,431,3.7693,3.80171
S-N + GP,leave-one-yarn-out,432,3.1058,3.69350
S-N + GP,leave-one-yarn-out,433,5.6870,3.69445
S-N + GP,leave-one-yarn-out,434,4.2017,3.82767
S-N + GP,leave-one-yarn-out,435,3.7050,3.69240
S-N + GP,leave-one-yarn-out,436,3.6803,3.77563
S-N + GP,leave-one-yarn-out,437,3.5467,3.66369
S-N + GP,leave-one-yarn-out,438,4.3871,3.77169
S-N + GP,leave-one-yarn-out,439,3.7896,3.67699
S-N + GP,leave-one-yarn-out,440,4.0750,3.67050
S-N + GP,leave-one-yarn-out,441,3.7199,3.64893
S-N + GP,leave-one-yarn-out,442,6.6993,3.67128
S-N + GP,leave-one-yarn-out,443,1.6986,3.67621
S-N + GP,leave-one-yarn-out,444,2.1722,3.63072
S-N + GP,leave-one-yarn-out,445,7.2523,2.82961
S-N + GP,leave-one-yarn-out,446,1.5275,3.52788
S-N + GP,leave-one-yarn-out,447,1.5513,3.47051
S-N + GP,leave-one-yarn-out,448,2.0631,3.40987
S-N + GP,leave-one-yarn-out,449,1.2338,3.50738
S-N + GP,leave-one-yarn-out,450,1.7742,4.67133
S-N + GP,leave-one-yarn-out,451,4.7675,4.62668
S-N + GP,leave-one-yarn-out,452,3.9789,4.51603
S-N + GP,leave-one-yarn-out,453,2.6949,4.47492
S-N + GP,leave-one-yarn-out,454,1.1665,4.47215
S-N + GP,leave-one-yarn-out,455,0.8087,4.41480
S-N + GP,leave-one-yarn-out,456,2.8014,4.50645
S-N + GP,leave-one-yarn-out,457,1.4236,4.38885
S-N + GP,leave-one-yarn-out,458,3.3753,4.40313
S-N + GP,leave-one-yarn-out,459,3.4721,4.53277
S-N + GP,leave-one-yarn-out,460,1.4345,4.38415
S-N + GP,leave-one-yarn-out,461,0.8155,4.51530
S-N + GP,leave-one-yarn-out,462,0.6719,4.36545
S-N + GP,leave-one-yarn-out,463,7.1573,4.47158
S-N + GP,leave-one-yarn-out,464,1.4657,4.36798
S-N + GP,leave-one-yarn-out,465,2.3539,4.36137
S-N + GP,leave-one-yarn-out,466,2.2736,4.35067
S-N + GP,leave-one-yarn-out,467,3.5250,4.36117
S-N + GP,leave-one-yarn-out,468,0.8963,4.45677
S-N + GP,leave-one-yarn-out,469,1.4517,3.65663
S-N + GP,leave-one-yarn-out,470,6.9722,2.86733
S-N + GP,leave-one-yarn-out,471,1.8668,3.55507
S-N + GP,leave-one-yarn-out,472,1.7670,3.49126
S-N + GP,leave-one-yarn-out,473,1.9172,3.43144
S-N + GP,leave-one-yarn-out,474,0.7691,3.59269
S-N + GP,leave-one-yarn-out,475,1.9137,4.07338
S-N + GP,leave-one-yarn-out,476,0.9269,4.00424
S-N + GP,leave-one-yarn-out,477,1.2447,3.89598
S-N + GP,leave-one-yarn-out,478,1.4628,3.86251
S-N + GP,leave-one-yarn-out,479,1.1160,3.85001
S-N + GP,leave-one-yarn-out,480,0.5970,3.80420
S-N + GP,leave-one-yarn-out,481,1.7362,3.92014
S-N + GP,leave-one-yarn-out,482,1.3380,3.77993
S-N + GP,leave-one-yarn-out,483,1.7979,3.78823
S-N + GP,leave-one-yarn-out,484,0.7418,3.92523
S-N + GP,leave-one-yarn-out,485,1.7008,3.78493
S-N + GP,leave-one-yarn-out,486,1.0503,3.87051
S-N + GP,leave-one-yarn-out,487,0.4965,3.75367
S-N + GP,leave-one-yarn-out,488,0.5621,3.86963
S-N + GP,leave-one-yarn-out,489,1.2996,3.76304
S-N + GP,leave-one-yarn-out,490,1.8954,3.75928
S-N + GP,leave-one-yarn-out,491,0.8617,3.74650
S-N + GP,leave-one-yarn-out,492,1.6324,3.75703
S-N + GP,leave-one-yarn-out,493,1.4914,3.81494
S-N + GP,leave-one-yarn-out,494,2.4666,3.79286
S-N + GP,leave-one-yarn-out,495,7.2599,2.86186
S-N + GP,leave-one-yarn-out,496,1.3038,3.50060
S-N + GP,leave-one-yarn-out,497,1.7241,3.44686
S-N + GP,leave-one-yarn-out,498,1.8761,3.38228
S-N + GP,leave-one-yarn-out,499,0.6572,3.47662
S-N + GP,leave-one-yarn-out,500,8.4775,3.11911
S-N + GP,leave-one-yarn-out,501,8.5990,3.07796
S-N + GP,leave-one-yarn-out,502,11.1849,3.00101
S-N + GP,leave-one-yarn-out,503,6.0746,2.98041
S-N + GP,leave-one-yarn-out,504,5.4881,2.97192
S-N + GP,leave-one-yarn-out,505,6.1848,2.93241
S-N + GP,leave-one-yarn-out,506,8.3278,3.01238
S-N + GP,leave-one-yarn-out,507,5.9458,2.91037
S-N + GP,leave-one-yarn-out,508,12.2080,2.92941
S-N + GP,leave-one-yarn-out,509,9.1411,3.02633
S-N + GP,leave-one-yarn-out,510,10.0452,2.91868
S-N + GP,leave-one-yarn-out,511,6.7819,2.98969
S-N + GP,leave-one-yarn-out,512,6.4191,2.90112
S-N + GP,leave-one-yarn-out,513,11.2023,2.98475
S-N + GP,leave-one-yarn-out,514,9.4406,2.89744
S-N + GP,leave-one-yarn-out,515,8.5018,2.89621
S-N + GP,leave-one-yarn-out,516,6.8097,2.89423
S-N + GP,leave-one-yarn-out,517,7.5920,2.89455
S-N + GP,leave-one-yarn-out,518,6.2513,2.94480
S-N + GP,leave-one-yarn-out,519,7.8544,2.91188
S-N + GP,leave-one-yarn-out,520,13.3530,2.89605
S-N + GP,leave-one-yarn-out,521,0.9027,3.57229
S-N + GP,leave-one-yarn-out,522,2.1203,3.50347
S-N + GP,leave-one-yarn-out,523,1.2298,3.44657
S-N + GP,leave-one-yarn-out,524,1.2809,3.58270
S-N + GP,leave-one-yarn-out,525,1.1390,4.93382
S-N + GP,leave-one-yarn-out,526,2.1276,4.90583
S-N + GP,leave-one-yarn-out,527,5.2812,4.75173
S-N + GP,leave-one-yarn-out,528,0.8396,4.64648
S-N + GP,leave-one-yarn-out,529,1.5162,4.62986
S-N + GP,leave-one-yarn-out,530,1.8305,4.56987
S-N + GP,leave-one-yarn-out,531,2.3993,4.67538
S-N + GP,leave-one-yarn-out,532,4.6713,4.54203
S-N + GP,leave-one-yarn-out,533,8.0334,4.55634
S-N + GP,leave-one-yarn-out,534,0.3923,4.77575
S-N + GP,leave-one-yarn-out,535,0.9113,4.54211
S-N + GP,leave-one-yarn-out,536,0.6253,4.66937
S-N + GP,leave-one-yarn-out,537,3.0404,4.47652
S-N + GP,leave-one-yarn-out,538,1.1225,4.68638
S-N + GP,leave-one-yarn-out,539,4.7932,4.51524
S-N + GP,leave-one-yarn-out,540,1.3369,4.50494
S-N + GP,leave-one-yarn-out,541,4.4038,4.47153
S-N + GP,leave-one-yarn-out,542,0.5264,4.49882
S-N + GP,leave-one-yarn-out,543,0.9195,4.58577
S-N + GP,leave-one-yarn-out,544,1.0200,4.50036
S-N + GP,leave-one-yarn-out,545,7.9207,4.45847
S-N + GP,leave-one-yarn-out,546,0.7632,4.54501
S-N + GP,leave-one-yarn-out,547,3.0760,3.51941
S-N + GP,leave-one-yarn-out,548,2.8302,3.44322
S-N + GP,leave-one-yarn-out,549,0.8255,3.57693
S-N + GP,leave-one-yarn-out,550,2.4113,4.07743
S-N + GP,leave-one-yarn-out,551,1.0124,4.01120
S-N + GP,leave-one-yarn-out,552,7.9453,3.87628
S-N + GP,leave-one-yarn-out,553,1.2130,3.82788
S-N + GP,leave-one-yarn-out,554,1.5853,3.81615
S-N + GP,leave-one-yarn-out,555,3.3332,3.76009
S-N + GP,leave-one-yarn-out,556,1.8824,3.87199
S-N + GP,leave-one-yarn-out,557,6.0241,3.72988
S-N + GP,leave-one-yarn-out,558,7.1833,3.74211
S-N + GP,leave-one-yarn-out,559,1.7648,3.91428
S-N + GP,leave-one-yarn-out,560,2.5398,3.73666
S-N + GP,leave-one-yarn-out,561,0.8725,3.84073
S-N + GP,leave-one-yarn-out,562,0.6213,3.69850
S-N + GP,leave-one-yarn-out,563,1.7054,3.84495
S-N + GP,leave-one-yarn-out,564,6.1625,3.70829
S-N + GP,leave-one-yarn-out,565,2.0770,3.70513
S-N + GP,leave-one-yarn-out,566,3.7048,3.69693
S-N + GP,leave-one-yarn-out,567,3.0746,3.70120
S-N + GP,leave-one-yarn-out,568,1.3831,3.77118
S-N + GP,leave-one-yarn-out,569,1.7228,3.71302
S-N + GP,leave-one-yarn-out,570,7.4035,3.68508
S-N + GP,leave-one-yarn-out,571,1.4805,3.72981
S-N + GP,leave-one-yarn-out,572,5.0228,3.70527
S-N + GP,leave-one-yarn-out,573,1.6361,3.40535
S-N + GP,leave-one-yarn-out,574,1.5017,3.51028
S-N + GP,leave-one-yarn-out,575,1.7987,4.19128
S-N + GP,leave-one-yarn-out,576,1.7557,4.09257
S-N + GP,leave-one-yarn-out,577,9.0260,3.95414
S-N + GP,leave-one-yarn-out,578,2.1448,3.91805
S-N + GP,leave-one-yarn-out,579,1.6537,3.88668
S-N + GP,leave-one-yarn-out,580,2.5064,3.83562
S-N + GP,leave-one-yarn-out,581,1.7979,3.94940
S-N + GP,leave-one-yarn-out,582,2.8776,3.80848
S-N + GP,leave-one-yarn-out,583,8.8174,3.81786
S-N + GP,leave-one-yarn-out,584,3.8051,3.97483
S-N + GP,leave-one-yarn-out,585,3.2228,3.80783
S-N + GP,leave-one-yarn-out,586,0.9254,3.90823
S-N + GP,leave-one-yarn-out,587,0.9030,3.77107
S-N + GP,leave-one-yarn-out,588,2.9056,3.90057
S-N + GP,leave-one-yarn-out,589,5.0175,3.78801
S-N + GP,leave-one-yarn-out,590,2.0249,3.78099
S-N + GP,leave-one-yarn-out,591,2.0647,3.76055
S-N + GP,leave-one-yarn-out,592,1.3405,3.78030
S-N + GP,leave-one-yarn-out,593,0.9563,3.84852
S-N + GP,leave-one-yarn-out,594,1.1170,3.80810
S-N + GP,leave-one-yarn-out,595,6.7139,3.75906
S-N + GP,leave-one-yarn-out,596,2.6979,3.79378
S-N + GP,leave-one-yarn-out,597,4.2784,3.76792
S-N + GP,leave-one-yarn-out,598,1.0681,3.82414
S-N + GP,leave-one-yarn-out,599,1.3613,3.53251
S-N + GP,leave-one-yarn-out,600,3.3201,4.67113
S-N + GP,leave-one-yarn-out,601,2.5607,4.64734
S-N + GP,leave-one-yarn-out,602,9.9895,4.54731
S-N + GP,leave-one-yarn-out,603,2.5947,4.50425
S-N + GP,leave-one-yarn-out,604,2.6590,4.47444
S-N + GP,leave-one-yarn-out,605,1.1793,4.42557
S-N + GP,leave-one-yarn-out,606,2.8578,4.51195
S-N + GP,leave-one-yarn-out,607,5.7655,4.39817
S-N + GP,leave-one-yarn-out,608,6.6636,4.41680
S-N + GP,leave-one-yarn-out,609,4.1317,4.55171
S-N + GP,leave-one-yarn-out,610,2.5564,4.39129
S-N + GP,leave-one-yarn-out,611,3.5882,4.51058
S-N + GP,leave-one-yarn-out,612,4.1746,4.36002
S-N + GP,leave-one-yarn-out,613,3.7488,4.49077
S-N + GP,leave-one-yarn-out,614,3.0440,4.37445
S-N + GP,leave-one-yarn-out,615,2.3258,4.36636
S-N + GP,leave-one-yarn-out,616,4.7247,4.35349
S-N + GP,leave-one-yarn-out,617,2.9974,4.36431
S-N + GP,leave-one-yarn-out,618,3.9235,4.43633
S-N + GP,leave-one-yarn-out,619,3.0228,4.36956
S-N + GP,leave-one-yarn-out,620,3.6803,4.35447
S-N + GP,leave-one-yarn-out,621,3.0300,4.38549
S-N + GP,leave-one-yarn-out,622,3.0972,4.36041
S-N + GP,leave-one-yarn-out,623,3.6000,4.38701
S-N + GP,leave-one-yarn-out,624,3.6517,4.51870
"S-N + XGBoost, bagged",leave-one-loom-out,0,2.8068,0.98309
"S-N + XGBoost, bagged",leave-one-loom-out,1,3.0193,1.46994
"S-N + XGBoost, bagged",leave-one-loom-out,2,4.9028,2.51889
"S-N + XGBoost, bagged",leave-one-loom-out,3,5.0037,0.83000
"S-N + XGBoost, bagged",leave-one-loom-out,4,5.6387,0.62209
"S-N + XGBoost, bagged",leave-one-loom-out,5,8.7302,1.00622
"S-N + XGBoost, bagged",leave-one-loom-out,6,5.1745,0.71086
"S-N + XGBoost, bagged",leave-one-loom-out,7,7.0731,1.33423
"S-N + XGBoost, bagged",leave-one-loom-out,8,6.0228,2.42443
"S-N + XGBoost, bagged",leave-one-loom-out,9,4.6626,1.00366
"S-N + XGBoost, bagged",leave-one-loom-out,10,8.2765,0.52767
"S-N + XGBoost, bagged",leave-one-loom-out,11,6.2256,0.94168
"S-N + XGBoost, bagged",leave-one-loom-out,12,8.1638,0.50466
"S-N + XGBoost, bagged",leave-one-loom-out,13,7.1324,0.69886
"S-N + XGBoost, bagged",leave-one-loom-out,14,10.2420,1.19259
"S-N + XGBoost, bagged",leave-one-loom-out,15,7.0517,0.54976
"S-N + XGBoost, bagged",leave-one-loom-out,16,6.6885,0.68993
"S-N + XGBoost, bagged",leave-one-loom-out,17,9.0896,0.89181
"S-N + XGBoost, bagged",leave-one-loom-out,18,6.6874,0.73575
"S-N + XGBoost, bagged",leave-one-loom-out,19,8.7574,0.51393
"S-N + XGBoost, bagged",leave-one-loom-out,20,3.5294,0.65873
"S-N + XGBoost, bagged",leave-one-loom-out,21,5.4722,0.72318
"S-N + XGBoost, bagged",leave-one-loom-out,22,6.3332,0.63366
"S-N + XGBoost, bagged",leave-one-loom-out,23,4.8677,0.96926
"S-N + XGBoost, bagged",leave-one-loom-out,24,3.2364,1.49323
"S-N + XGBoost, bagged",leave-one-loom-out,25,3.6006,2.09781
"S-N + XGBoost, bagged",leave-one-loom-out,26,1.7572,2.96488
"S-N + XGBoost, bagged",leave-one-loom-out,27,2.8355,3.46103
"S-N + XGBoost, bagged",leave-one-loom-out,28,4.8697,1.23655
"S-N + XGBoost, bagged",leave-one-loom-out,29,6.8156,0.89812
"S-N + XGBoost, bagged",leave-one-loom-out,30,8.3276,1.09231
"S-N + XGBoost, bagged",leave-one-loom-out,31,13.4768,0.76696
"S-N + XGBoost, bagged",leave-one-loom-out,32,7.5908,1.23815
"S-N + XGBoost, bagged",leave-one-loom-out,33,5.5428,2.89651
"S-N + XGBoost, bagged",leave-one-loom-out,34,5.7322,1.15879
"S-N + XGBoost, bagged",leave-one-loom-out,35,10.7022,0.66414
"S-N + XGBoost, bagged",leave-one-loom-out,36,5.0303,1.01246
"S-N + XGBoost, bagged",leave-one-loom-out,37,6.5736,0.67857
"S-N + XGBoost, bagged",leave-one-loom-out,38,9.2999,0.67169
"S-N + XGBoost, bagged",leave-one-loom-out,39,10.6250,1.21565
"S-N + XGBoost, bagged",leave-one-loom-out,40,7.6143,0.63453
"S-N + XGBoost, bagged",leave-one-loom-out,41,5.4169,0.86069
"S-N + XGBoost, bagged",leave-one-loom-out,42,7.7048,1.07720
"S-N + XGBoost, bagged",leave-one-loom-out,43,4.7945,0.73849
"S-N + XGBoost, bagged",leave-one-loom-out,44,8.7551,0.80472
"S-N + XGBoost, bagged",leave-one-loom-out,45,1.7940,0.93708
"S-N + XGBoost, bagged",leave-one-loom-out,46,6.0669,0.75303
"S-N + XGBoost, bagged",leave-one-loom-out,47,6.7308,0.64833
"S-N + XGBoost, bagged",leave-one-loom-out,48,5.4690,2.42564
"S-N + XGBoost, bagged",leave-one-loom-out,49,2.7414,3.11598
"S-N + XGBoost, bagged",leave-one-loom-out,50,1.9642,2.14340
"S-N + XGBoost, bagged",leave-one-loom-out,51,1.8827,3.13777
"S-N + XGBoost, bagged",leave-one-loom-out,52,2.8809,3.66010
"S-N + XGBoost, bagged",leave-one-loom-out,53,5.0252,1.57917
"S-N + XGBoost, bagged",leave-one-loom-out,54,6.7107,0.97718
"S-N + XGBoost, bagged",leave-one-loom-out,55,8.0833,1.06995
"S-N + XGBoost, bagged",leave-one-loom-out,56,10.0961,0.71787
"S-N + XGBoost, bagged",leave-one-loom-out,57,6.2754,1.14485
"S-N + XGBoost, bagged",leave-one-loom-out,58,4.8709,2.63371
"S-N + XGBoost, bagged",leave-one-loom-out,59,4.8142,1.25575
"S-N + XGBoost, bagged",leave-one-loom-out,60,8.1186,0.60450
"S-N + XGBoost, bagged",leave-one-loom-out,61,3.5295,1.28384
"S-N + XGBoost, bagged",leave-one-loom-out,62,5.7999,0.55266
"S-N + XGBoost, bagged",leave-one-loom-out,63,8.8172,0.78314
"S-N + XGBoost, bagged",leave-one-loom-out,64,7.6647,1.31709
"S-N + XGBoost, bagged",leave-one-loom-out,65,6.3305,0.71819
"S-N + XGBoost, bagged",leave-one-loom-out,66,4.7036,0.99208
"S-N + XGBoost, bagged",leave-one-loom-out,67,6.7726,0.95818
"S-N + XGBoost, bagged",leave-one-loom-out,68,4.7451,0.96457
"S-N + XGBoost, bagged",leave-one-loom-out,69,6.6736,0.83848
"S-N + XGBoost, bagged",leave-one-loom-out,70,2.6848,1.05872
"S-N + XGBoost, bagged",leave-one-loom-out,71,5.2583,0.76912
"S-N + XGBoost, bagged",leave-one-loom-out,72,4.9951,0.61976
"S-N + XGBoost, bagged",leave-one-loom-out,73,4.9847,3.25185
"S-N + XGBoost, bagged",leave-one-loom-out,74,2.7320,4.03639
"S-N + XGBoost, bagged",leave-one-loom-out,75,1.8194,1.65001
"S-N + XGBoost, bagged",leave-one-loom-out,76,3.5250,1.74323
"S-N + XGBoost, bagged",leave-one-loom-out,77,4.8968,2.96696
"S-N + XGBoost, bagged",leave-one-loom-out,78,0.9469,0.81122
"S-N + XGBoost, bagged",leave-one-loom-out,79,1.0397,0.68837
"S-N + XGBoost, bagged",leave-one-loom-out,80,1.7553,0.95813
"S-N + XGBoost, bagged",leave-one-loom-out,81,2.4822,1.06446
"S-N + XGBoost, bagged",leave-one-loom-out,82,1.3854,1.37422
"S-N + XGBoost, bagged",leave-one-loom-out,83,2.1409,1.99085
"S-N + XGBoost, bagged",leave-one-loom-out,84,5.3385,0.90552
"S-N + XGBoost, bagged",leave-one-loom-out,85,3.0993,0.64209
"S-N + XGBoost, bagged",leave-one-loom-out,86,0.9188,0.87436
"S-N + XGBoost, bagged",leave-one-loom-out,87,1.2133,0.65113
"S-N + XGBoost, bagged",leave-one-loom-out,88,5.6082,1.46493
"S-N + XGBoost, bagged",leave-one-loom-out,89,1.8679,1.23594
"S-N + XGBoost, bagged",leave-one-loom-out,90,1.3333,0.80869
"S-N + XGBoost, bagged",leave-one-loom-out,91,1.6832,0.79697
"S-N + XGBoost, bagged",leave-one-loom-out,92,1.5041,0.71843
"S-N + XGBoost, bagged",leave-one-loom-out,93,1.1527,0.82637
"S-N + XGBoost, bagged",leave-one-loom-out,94,1.9113,0.79765
"S-N + XGBoost, bagged",leave-one-loom-out,95,1.4892,0.85968
"S-N + XGBoost, bagged",leave-one-loom-out,96,3.1452,0.72548
"S-N + XGBoost, bagged",leave-one-loom-out,97,2.0049,1.09686
"S-N + XGBoost, bagged",leave-one-loom-out,98,1.9582,1.72849
"S-N + XGBoost, bagged",leave-one-loom-out,99,1.5521,1.13413
"S-N + XGBoost, bagged",leave-one-loom-out,100,3.8554,0.91206
"S-N + XGBoost, bagged",leave-one-loom-out,101,4.1044,1.18722
"S-N + XGBoost, bagged",leave-one-loom-out,102,4.8058,1.61607
"S-N + XGBoost, bagged",leave-one-loom-out,103,1.8631,0.86044
"S-N + XGBoost, bagged",leave-one-loom-out,104,2.0583,0.63113
"S-N + XGBoost, bagged",leave-one-loom-out,105,0.9447,0.68681
"S-N + XGBoost, bagged",leave-one-loom-out,106,2.7802,1.00505
"S-N + XGBoost, bagged",leave-one-loom-out,107,1.4167,0.91978
"S-N + XGBoost, bagged",leave-one-loom-out,108,1.2991,1.66418
"S-N + XGBoost, bagged",leave-one-loom-out,109,5.2176,0.99064
"S-N + XGBoost, bagged",leave-one-loom-out,110,2.1892,0.53704
"S-N + XGBoost, bagged",leave-one-loom-out,111,1.8377,0.93427
"S-N + XGBoost, bagged",leave-one-loom-out,112,1.6468,0.62062
"S-N + XGBoost, bagged",leave-one-loom-out,113,6.5078,1.04546
"S-N + XGBoost, bagged",leave-one-loom-out,114,0.7801,0.91763
"S-N + XGBoost, bagged",leave-one-loom-out,115,1.6264,0.73040
"S-N + XGBoost, bagged",leave-one-loom-out,116,2.2336,0.66407
"S-N + XGBoost, bagged",leave-one-loom-out,117,1.7218,0.56010
"S-N + XGBoost, bagged",leave-one-loom-out,118,2.3540,0.92225
"S-N + XGBoost, bagged",leave-one-loom-out,119,0.4785,0.59440
"S-N + XGBoost, bagged",leave-one-loom-out,120,2.1152,0.71170
"S-N + XGBoost, bagged",leave-one-loom-out,121,3.2548,0.90924
"S-N + XGBoost, bagged",leave-one-loom-out,122,2.3843,0.88087
"S-N + XGBoost, bagged",leave-one-loom-out,123,1.5515,1.50150
"S-N + XGBoost, bagged",leave-one-loom-out,124,3.6688,1.34476
"S-N + XGBoost, bagged",leave-one-loom-out,125,1.7267,1.00427
"S-N + XGBoost, bagged",leave-one-loom-out,126,2.9361,1.68274
"S-N + XGBoost, bagged",leave-one-loom-out,127,1.9870,1.62280
"S-N + XGBoost, bagged",leave-one-loom-out,128,1.3973,1.34736
"S-N + XGBoost, bagged",leave-one-loom-out,129,1.3186,0.68105
"S-N + XGBoost, bagged",leave-one-loom-out,130,1.5100,0.86212
"S-N + XGBoost, bagged",leave-one-loom-out,131,1.8457,0.92084
"S-N + XGBoost, bagged",leave-one-loom-out,132,1.4927,0.84830
"S-N + XGBoost, bagged",leave-one-loom-out,133,2.2818,2.12979
"S-N + XGBoost, bagged",leave-one-loom-out,134,3.0795,1.81179
"S-N + XGBoost, bagged",leave-one-loom-out,135,1.4926,0.79309
"S-N + XGBoost, bagged",leave-one-loom-out,136,1.6207,1.45498
"S-N + XGBoost, bagged",leave-one-loom-out,137,1.3001,0.74537
"S-N + XGBoost, bagged",leave-one-loom-out,138,3.3517,1.13290
"S-N + XGBoost, bagged",leave-one-loom-out,139,1.1744,0.88360
"S-N + XGBoost, bagged",leave-one-loom-out,140,1.4922,0.78488
"S-N + XGBoost, bagged",leave-one-loom-out,141,2.3340,0.78549
"S-N + XGBoost, bagged",leave-one-loom-out,142,1.3609,0.72771
"S-N + XGBoost, bagged",leave-one-loom-out,143,1.7320,0.97859
"S-N + XGBoost, bagged",leave-one-loom-out,144,1.3203,0.97453
"S-N + XGBoost, bagged",leave-one-loom-out,145,1.6347,1.37080
"S-N + XGBoost, bagged",leave-one-loom-out,146,1.4056,1.06128
"S-N + XGBoost, bagged",leave-one-loom-out,147,3.0127,0.81997
"S-N + XGBoost, bagged",leave-one-loom-out,148,4.8963,1.10842
"S-N + XGBoost, bagged",leave-one-loom-out,149,5.8013,1.14875
"S-N + XGBoost, bagged",leave-one-loom-out,150,3.6655,0.91881
"S-N + XGBoost, bagged",leave-one-loom-out,151,7.2537,1.70902
"S-N + XGBoost, bagged",leave-one-loom-out,152,6.3439,1.63678
"S-N + XGBoost, bagged",leave-one-loom-out,153,4.4482,1.42710
"S-N + XGBoost, bagged",leave-one-loom-out,154,4.3344,0.87294
"S-N + XGBoost, bagged",leave-one-loom-out,155,3.3410,1.02031
"S-N + XGBoost, bagged",leave-one-loom-out,156,3.2906,0.95304
"S-N + XGBoost, bagged",leave-one-loom-out,157,3.1855,0.97155
"S-N + XGBoost, bagged",leave-one-loom-out,158,7.8205,2.96099
"S-N + XGBoost, bagged",leave-one-loom-out,159,6.0253,1.66370
"S-N + XGBoost, bagged",leave-one-loom-out,160,4.0738,0.60475
"S-N + XGBoost, bagged",leave-one-loom-out,161,5.3417,1.81362
"S-N + XGBoost, bagged",leave-one-loom-out,162,4.1999,0.68145
"S-N + XGBoost, bagged",leave-one-loom-out,163,5.1483,0.87934
"S-N + XGBoost, bagged",leave-one-loom-out,164,2.8671,0.80295
"S-N + XGBoost, bagged",leave-one-loom-out,165,3.7727,0.65104
"S-N + XGBoost, bagged",leave-one-loom-out,166,6.0340,0.86596
"S-N + XGBoost, bagged",leave-one-loom-out,167,3.2863,0.60250
"S-N + XGBoost, bagged",leave-one-loom-out,168,5.5474,1.23120
"S-N + XGBoost, bagged",leave-one-loom-out,169,3.1864,0.89879
"S-N + XGBoost, bagged",leave-one-loom-out,170,5.1527,1.34781
"S-N + XGBoost, bagged",leave-one-loom-out,171,4.6437,1.02662
"S-N + XGBoost, bagged",leave-one-loom-out,172,5.7187,0.83014
"S-N + XGBoost, bagged",leave-one-loom-out,173,4.6408,1.01699
"S-N + XGBoost, bagged",leave-one-loom-out,174,10.4446,1.24050
"S-N + XGBoost, bagged",leave-one-loom-out,175,1.7204,0.92407
"S-N + XGBoost, bagged",leave-one-loom-out,176,2.5630,1.46749
"S-N + XGBoost, bagged",leave-one-loom-out,177,2.2175,1.38193
"S-N + XGBoost, bagged",leave-one-loom-out,178,1.9596,1.21046
"S-N + XGBoost, bagged",leave-one-loom-out,179,1.5458,0.69928
"S-N + XGBoost, bagged",leave-one-loom-out,180,1.1706,0.70945
"S-N + XGBoost, bagged",leave-one-loom-out,181,2.3540,0.87035
"S-N + XGBoost, bagged",leave-one-loom-out,182,1.5690,0.80946
"S-N + XGBoost, bagged",leave-one-loom-out,183,3.3911,1.97975
"S-N + XGBoost, bagged",leave-one-loom-out,184,2.5262,1.52267
"S-N + XGBoost, bagged",leave-one-loom-out,185,2.6451,0.63636
"S-N + XGBoost, bagged",leave-one-loom-out,186,2.5531,1.34020
"S-N + XGBoost, bagged",leave-one-loom-out,187,1.5106,0.66521
"S-N + XGBoost, bagged",leave-one-loom-out,188,3.8402,0.91465
"S-N + XGBoost, bagged",leave-one-loom-out,189,1.5421,0.69786
"S-N + XGBoost, bagged",leave-one-loom-out,190,1.9380,0.63157
"S-N + XGBoost, bagged",leave-one-loom-out,191,3.7589,0.79697
"S-N + XGBoost, bagged",leave-one-loom-out,192,1.2860,0.66429
"S-N + XGBoost, bagged",leave-one-loom-out,193,1.9474,0.93804
"S-N + XGBoost, bagged",leave-one-loom-out,194,1.4134,0.89067
"S-N + XGBoost, bagged",leave-one-loom-out,195,2.0141,1.32413
"S-N + XGBoost, bagged",leave-one-loom-out,196,2.5915,1.09231
"S-N + XGBoost, bagged",leave-one-loom-out,197,3.7619,0.74695
"S-N + XGBoost, bagged",leave-one-loom-out,198,4.4256,1.01555
"S-N + XGBoost, bagged",leave-one-loom-out,199,6.7603,1.14842
"S-N + XGBoost, bagged",leave-one-loom-out,200,5.0104,2.02102
"S-N + XGBoost, bagged",leave-one-loom-out,201,2.7998,2.37442
"S-N + XGBoost, bagged",leave-one-loom-out,202,2.8095,3.22268
"S-N + XGBoost, bagged",leave-one-loom-out,203,4.8199,1.84468
"S-N + XGBoost, bagged",leave-one-loom-out,204,5.4414,1.76085
"S-N + XGBoost, bagged",leave-one-loom-out,205,7.2400,1.91366
"S-N + XGBoost, bagged",leave-one-loom-out,206,6.5979,1.84366
"S-N + XGBoost, bagged",leave-one-loom-out,207,5.4673,2.33913
"S-N + XGBoost, bagged",leave-one-loom-out,208,3.1112,2.91860
"S-N + XGBoost, bagged",leave-one-loom-out,209,1.8104,2.21895
"S-N + XGBoost, bagged",leave-one-loom-out,210,4.7190,1.97237
"S-N + XGBoost, bagged",leave-one-loom-out,211,3.8209,1.70404
"S-N + XGBoost, bagged",leave-one-loom-out,212,4.6124,1.89719
"S-N + XGBoost, bagged",leave-one-loom-out,213,2.2448,1.82447
"S-N + XGBoost, bagged",leave-one-loom-out,214,7.5481,2.03327
"S-N + XGBoost, bagged",leave-one-loom-out,215,5.2268,1.92536
"S-N + XGBoost, bagged",leave-one-loom-out,216,3.0695,1.77225
"S-N + XGBoost, bagged",leave-one-loom-out,217,5.9394,2.05700
"S-N + XGBoost, bagged",leave-one-loom-out,218,4.1374,1.87758
"S-N + XGBoost, bagged",leave-one-loom-out,219,5.7813,1.72027
"S-N + XGBoost, bagged",leave-one-loom-out,220,3.0647,1.69111
"S-N + XGBoost, bagged",leave-one-loom-out,221,2.6185,1.72297
"S-N + XGBoost, bagged",leave-one-loom-out,222,3.9282,1.85204
"S-N + XGBoost, bagged",leave-one-loom-out,223,7.1548,1.75757
"S-N + XGBoost, bagged",leave-one-loom-out,224,8.2522,1.62858
"S-N + XGBoost, bagged",leave-one-loom-out,225,1.9427,0.82351
"S-N + XGBoost, bagged",leave-one-loom-out,226,1.4609,2.54730
"S-N + XGBoost, bagged",leave-one-loom-out,227,3.3140,2.12869
"S-N + XGBoost, bagged",leave-one-loom-out,228,7.9446,0.76484
"S-N + XGBoost, bagged",leave-one-loom-out,229,9.4662,0.85644
"S-N + XGBoost, bagged",leave-one-loom-out,230,7.3614,1.23511
"S-N + XGBoost, bagged",leave-one-loom-out,231,5.4345,1.13192
"S-N + XGBoost, bagged",leave-one-loom-out,232,5.1483,1.14118
"S-N + XGBoost, bagged",leave-one-loom-out,233,2.0795,2.46682
"S-N + XGBoost, bagged",leave-one-loom-out,234,2.0669,1.15029
"S-N + XGBoost, bagged",leave-one-loom-out,235,3.7064,0.80522
"S-N + XGBoost, bagged",leave-one-loom-out,236,4.6170,0.97903
"S-N + XGBoost, bagged",leave-one-loom-out,237,4.2490,0.65545
"S-N + XGBoost, bagged",leave-one-loom-out,238,3.1258,0.77498
"S-N + XGBoost, bagged",leave-one-loom-out,239,4.8811,1.05098
"S-N + XGBoost, bagged",leave-one-loom-out,240,3.9242,0.87292
"S-N + XGBoost, bagged",leave-one-loom-out,241,2.9550,0.69201
"S-N + XGBoost, bagged",leave-one-loom-out,242,3.7652,0.85475
"S-N + XGBoost, bagged",leave-one-loom-out,243,5.4702,0.78787
"S-N + XGBoost, bagged",leave-one-loom-out,244,3.8941,0.67797
"S-N + XGBoost, bagged",leave-one-loom-out,245,4.1476,0.82972
"S-N + XGBoost, bagged",leave-one-loom-out,246,2.6265,0.60224
"S-N + XGBoost, bagged",leave-one-loom-out,247,3.8683,0.88020
"S-N + XGBoost, bagged",leave-one-loom-out,248,6.4704,0.85252
"S-N + XGBoost, bagged",leave-one-loom-out,249,8.5525,0.86026
"S-N + XGBoost, bagged",leave-one-loom-out,250,2.5899,0.98061
"S-N + XGBoost, bagged",leave-one-loom-out,251,2.0479,1.45895
"S-N + XGBoost, bagged",leave-one-loom-out,252,1.7822,1.85727
"S-N + XGBoost, bagged",leave-one-loom-out,253,2.1378,1.33560
"S-N + XGBoost, bagged",leave-one-loom-out,254,1.5557,1.03070
"S-N + XGBoost, bagged",leave-one-loom-out,255,2.0425,1.34252
"S-N + XGBoost, bagged",leave-one-loom-out,256,1.5157,1.57295
"S-N + XGBoost, bagged",leave-one-loom-out,257,1.3034,1.24771
"S-N + XGBoost, bagged",leave-one-loom-out,258,2.7807,2.09212
"S-N + XGBoost, bagged",leave-one-loom-out,259,1.0362,1.15882
"S-N + XGBoost, bagged",leave-one-loom-out,260,1.7159,0.91729
"S-N + XGBoost, bagged",leave-one-loom-out,261,2.2473,1.23651
"S-N + XGBoost, bagged",leave-one-loom-out,262,1.9722,1.03566
"S-N + XGBoost, bagged",leave-one-loom-out,263,0.8702,0.91589
"S-N + XGBoost, bagged",leave-one-loom-out,264,1.5714,1.08926
"S-N + XGBoost, bagged",leave-one-loom-out,265,2.2282,0.94812
"S-N + XGBoost, bagged",leave-one-loom-out,266,3.1201,1.36307
"S-N + XGBoost, bagged",leave-one-loom-out,267,1.4909,1.19848
"S-N + XGBoost, bagged",leave-one-loom-out,268,1.7135,1.23873
"S-N + XGBoost, bagged",leave-one-loom-out,269,0.9174,1.10529
"S-N + XGBoost, bagged",leave-one-loom-out,270,2.4056,1.28824
"S-N + XGBoost, bagged",leave-one-loom-out,271,1.7947,1.17386
"S-N + XGBoost, bagged",leave-one-loom-out,272,2.7493,1.07248
"S-N + XGBoost, bagged",leave-one-loom-out,273,2.4685,1.52585
"S-N + XGBoost, bagged",leave-one-loom-out,274,3.0776,1.65655
"S-N + XGBoost, bagged",leave-one-loom-out,275,3.9743,2.24924
"S-N + XGBoost, bagged",leave-one-loom-out,276,3.6911,3.18164
"S-N + XGBoost, bagged",leave-one-loom-out,277,2.7585,3.49883
"S-N + XGBoost, bagged",leave-one-loom-out,278,3.7132,2.02107
"S-N + XGBoost, bagged",leave-one-loom-out,279,3.2656,1.95266
"S-N + XGBoost, bagged",leave-one-loom-out,280,3.7280,2.10145
"S-N + XGBoost, bagged",leave-one-loom-out,281,4.1667,1.81294
"S-N + XGBoost, bagged",leave-one-loom-out,282,3.5665,2.00961
"S-N + XGBoost, bagged",leave-one-loom-out,283,5.8272,2.73903
"S-N + XGBoost, bagged",leave-one-loom-out,284,4.5659,1.87302
"S-N + XGBoost, bagged",leave-one-loom-out,285,3.7272,1.73864
"S-N + XGBoost, bagged",leave-one-loom-out,286,2.8270,1.86717
"S-N + XGBoost, bagged",leave-one-loom-out,287,3.0705,1.53622
"S-N + XGBoost, bagged",leave-one-loom-out,288,5.5740,1.94836
"S-N + XGBoost, bagged",leave-one-loom-out,289,3.8317,1.73679
"S-N + XGBoost, bagged",leave-one-loom-out,290,4.9757,1.64609
"S-N + XGBoost, bagged",leave-one-loom-out,291,3.6409,1.77910
"S-N + XGBoost, bagged",leave-one-loom-out,292,3.3684,1.93904
"S-N + XGBoost, bagged",leave-one-loom-out,293,2.8664,1.64821
"S-N + XGBoost, bagged",leave-one-loom-out,294,3.1075,1.85847
"S-N + XGBoost, bagged",leave-one-loom-out,295,2.4035,1.71475
"S-N + XGBoost, bagged",leave-one-loom-out,296,3.9981,1.79476
"S-N + XGBoost, bagged",leave-one-loom-out,297,3.7009,1.53509
"S-N + XGBoost, bagged",leave-one-loom-out,298,4.5526,1.81284
"S-N + XGBoost, bagged",leave-one-loom-out,299,3.5935,2.19101
"S-N + XGBoost, bagged",leave-one-loom-out,300,3.5493,0.73705
"S-N + XGBoost, bagged",leave-one-loom-out,301,2.3973,1.72522
"S-N + XGBoost, bagged",leave-one-loom-out,302,1.1726,2.57765
"S-N + XGBoost, bagged",leave-one-loom-out,303,1.6390,0.72405
"S-N + XGBoost, bagged",leave-one-loom-out,304,1.0010,0.74479
"S-N + XGBoost, bagged",leave-one-loom-out,305,1.6618,0.79816
"S-N + XGBoost, bagged",leave-one-loom-out,306,1.8282,0.61123
"S-N + XGBoost, bagged",leave-one-loom-out,307,0.5353,0.91279
"S-N + XGBoost, bagged",leave-one-loom-out,308,3.6041,1.44903
"S-N + XGBoost, bagged",leave-one-loom-out,309,1.3863,0.81641
"S-N + XGBoost, bagged",leave-one-loom-out,310,1.0131,0.57800
"S-N + XGBoost, bagged",leave-one-loom-out,311,1.0832,1.12146
"S-N + XGBoost, bagged",leave-one-loom-out,312,0.7474,0.52922
"S-N + XGBoost, bagged",leave-one-loom-out,313,2.5765,0.83204
"S-N + XGBoost, bagged",leave-one-loom-out,314,2.0558,0.79894
"S-N + XGBoost, bagged",leave-one-loom-out,315,1.1927,0.61106
"S-N + XGBoost, bagged",leave-one-loom-out,316,1.1737,0.61031
"S-N + XGBoost, bagged",leave-one-loom-out,317,1.5781,0.85971
"S-N + XGBoost, bagged",leave-one-loom-out,318,1.2932,0.89697
"S-N + XGBoost, bagged",leave-one-loom-out,319,1.3220,0.46578
"S-N + XGBoost, bagged",leave-one-loom-out,320,1.0491,0.74749
"S-N + XGBoost, bagged",leave-one-loom-out,321,1.6874,0.62256
"S-N + XGBoost, bagged",leave-one-loom-out,322,1.4358,0.71930
"S-N + XGBoost, bagged",leave-one-loom-out,323,1.9129,0.97625
"S-N + XGBoost, bagged",leave-one-loom-out,324,3.1750,1.17650
"S-N + XGBoost, bagged",leave-one-loom-out,325,2.4507,1.06195
"S-N + XGBoost, bagged",leave-one-loom-out,326,2.0894,1.35482
"S-N + XGBoost, bagged",leave-one-loom-out,327,0.8880,2.45869
"S-N + XGBoost, bagged",leave-one-loom-out,328,1.8088,1.16619
"S-N + XGBoost, bagged",leave-one-loom-out,329,0.9979,0.86249
"S-N + XGBoost, bagged",leave-one-loom-out,330,3.7906,1.29525
"S-N + XGBoost, bagged",leave-one-loom-out,331,2.1408,1.47326
"S-N + XGBoost, bagged",leave-one-loom-out,332,0.7847,1.22763
"S-N + XGBoost, bagged",leave-one-loom-out,333,3.0454,1.98809
"S-N + XGBoost, bagged",leave-one-loom-out,334,0.7266,1.10012
"S-N + XGBoost, bagged",leave-one-loom-out,335,0.7933,0.90735
"S-N + XGBoost, bagged",leave-one-loom-out,336,2.0718,1.27792
"S-N + XGBoost, bagged",leave-one-loom-out,337,0.9027,0.93373
"S-N + XGBoost, bagged",leave-one-loom-out,338,0.4319,0.95905
"S-N + XGBoost, bagged",leave-one-loom-out,339,1.7170,0.93152
"S-N + XGBoost, bagged",leave-one-loom-out,340,0.9492,0.84630
"S-N + XGBoost, bagged",leave-one-loom-out,341,1.2576,1.32376
"S-N + XGBoost, bagged",leave-one-loom-out,342,1.2930,1.19151
"S-N + XGBoost, bagged",leave-one-loom-out,343,1.3889,1.10751
"S-N + XGBoost, bagged",leave-one-loom-out,344,0.8446,1.00636
"S-N + XGBoost, bagged",leave-one-loom-out,345,1.2936,1.27966
"S-N + XGBoost, bagged",leave-one-loom-out,346,0.4733,1.18343
"S-N + XGBoost, bagged",leave-one-loom-out,347,1.5996,1.04217
"S-N + XGBoost, bagged",leave-one-loom-out,348,2.5907,1.38760
"S-N + XGBoost, bagged",leave-one-loom-out,349,2.4932,1.74306
"S-N + XGBoost, bagged",leave-one-loom-out,350,6.1837,1.26941
"S-N + XGBoost, bagged",leave-one-loom-out,351,5.3626,1.48935
"S-N + XGBoost, bagged",leave-one-loom-out,352,3.7138,1.64851
"S-N + XGBoost, bagged",leave-one-loom-out,353,2.5301,1.54755
"S-N + XGBoost, bagged",leave-one-loom-out,354,2.5094,1.23394
"S-N + XGBoost, bagged",leave-one-loom-out,355,3.1715,1.08822
"S-N + XGBoost, bagged",leave-one-loom-out,356,3.6617,1.07971
"S-N + XGBoost, bagged",leave-one-loom-out,357,2.4727,1.08450
"S-N + XGBoost, bagged",leave-one-loom-out,358,5.3442,1.57960
"S-N + XGBoost, bagged",leave-one-loom-out,359,2.6422,1.24600
"S-N + XGBoost, bagged",leave-one-loom-out,360,2.9116,0.76482
"S-N + XGBoost, bagged",leave-one-loom-out,361,2.6871,1.36482
"S-N + XGBoost, bagged",leave-one-loom-out,362,2.6988,1.00938
"S-N + XGBoost, bagged",leave-one-loom-out,363,3.2740,1.07524
"S-N + XGBoost, bagged",leave-one-loom-out,364,2.9777,1.15601
"S-N + XGBoost, bagged",leave-one-loom-out,365,2.7745,0.97830
"S-N + XGBoost, bagged",leave-one-loom-out,366,3.7308,0.88030
"S-N + XGBoost, bagged",leave-one-loom-out,367,1.8843,1.41937
"S-N + XGBoost, bagged",leave-one-loom-out,368,2.5375,1.09929
"S-N + XGBoost, bagged",leave-one-loom-out,369,2.4821,1.04999
"S-N + XGBoost, bagged",leave-one-loom-out,370,2.3358,1.21346
"S-N + XGBoost, bagged",leave-one-loom-out,371,2.9370,1.30882
"S-N + XGBoost, bagged",leave-one-loom-out,372,2.9591,1.07440
"S-N + XGBoost, bagged",leave-one-loom-out,373,5.5759,1.31383
"S-N + XGBoost, bagged",leave-one-loom-out,374,4.4335,1.92685
"S-N + XGBoost, bagged",leave-one-loom-out,375,5.7565,0.83219
"S-N + XGBoost, bagged",leave-one-loom-out,376,4.5369,1.20993
"S-N + XGBoost, bagged",leave-one-loom-out,377,5.4967,1.27950
"S-N + XGBoost, bagged",leave-one-loom-out,378,3.3853,0.79938
"S-N + XGBoost, bagged",leave-one-loom-out,379,1.6499,0.55208
"S-N + XGBoost, bagged",leave-one-loom-out,380,1.5162,0.65655
"S-N + XGBoost, bagged",leave-one-loom-out,381,2.4641,0.57238
"S-N + XGBoost, bagged",leave-one-loom-out,382,2.2187,0.58369
"S-N + XGBoost, bagged",leave-one-loom-out,383,2.1687,2.26468
"S-N + XGBoost, bagged",leave-one-loom-out,384,3.2796,0.89755
"S-N + XGBoost, bagged",leave-one-loom-out,385,0.8566,0.55518
"S-N + XGBoost, bagged",leave-one-loom-out,386,1.6907,0.77616
"S-N + XGBoost, bagged",leave-one-loom-out,387,1.2463,0.62255
"S-N + XGBoost, bagged",leave-one-loom-out,388,2.3195,0.82062
"S-N + XGBoost, bagged",leave-one-loom-out,389,0.9387,0.58486
"S-N + XGBoost, bagged",leave-one-loom-out,390,1.0854,0.50814
"S-N + XGBoost, bagged",leave-one-loom-out,391,2.7834,0.55591
"S-N + XGBoost, bagged",leave-one-loom-out,392,1.6471,0.86877
"S-N + XGBoost, bagged",leave-one-loom-out,393,1.2332,0.70685
"S-N + XGBoost, bagged",leave-one-loom-out,394,1.1163,0.55895
"S-N + XGBoost, bagged",leave-one-loom-out,395,2.9267,1.13994
"S-N + XGBoost, bagged",leave-one-loom-out,396,2.3130,0.63960
"S-N + XGBoost, bagged",leave-one-loom-out,397,1.8497,0.64832
"S-N + XGBoost, bagged",leave-one-loom-out,398,3.9089,0.95981
"S-N + XGBoost, bagged",leave-one-loom-out,399,7.2807,0.96900
"S-N + XGBoost, bagged",leave-one-loom-out,400,2.8706,0.66382
"S-N + XGBoost, bagged",leave-one-loom-out,401,3.5507,2.05938
"S-N + XGBoost, bagged",leave-one-loom-out,402,5.5713,2.66301
"S-N + XGBoost, bagged",leave-one-loom-out,403,2.7686,0.49306
"S-N + XGBoost, bagged",leave-one-loom-out,404,2.0595,0.47708
"S-N + XGBoost, bagged",leave-one-loom-out,405,3.3836,0.73506
"S-N + XGBoost, bagged",leave-one-loom-out,406,2.9038,0.64180
"S-N + XGBoost, bagged",leave-one-loom-out,407,4.0201,0.83853
"S-N + XGBoost, bagged",leave-one-loom-out,408,1.6806,2.67395
"S-N + XGBoost, bagged",leave-one-loom-out,409,1.8802,0.83482
"S-N + XGBoost, bagged",leave-one-loom-out,410,0.9729,0.51343
"S-N + XGBoost, bagged",leave-one-loom-out,411,1.2708,0.76939
"S-N + XGBoost, bagged",leave-one-loom-out,412,0.5244,0.64590
"S-N + XGBoost, bagged",leave-one-loom-out,413,1.1767,0.66230
"S-N + XGBoost, bagged",leave-one-loom-out,414,1.6773,1.25115
"S-N + XGBoost, bagged",leave-one-loom-out,415,1.1899,0.53071
"S-N + XGBoost, bagged",leave-one-loom-out,416,1.4692,0.77498
"S-N + XGBoost, bagged",leave-one-loom-out,417,0.5780,0.66174
"S-N + XGBoost, bagged",leave-one-loom-out,418,0.8869,0.48865
"S-N + XGBoost, bagged",leave-one-loom-out,419,2.3077,0.52623
"S-N + XGBoost, bagged",leave-one-loom-out,420,2.4694,0.86551
"S-N + XGBoost, bagged",leave-one-loom-out,421,0.7579,0.66521
"S-N + XGBoost, bagged",leave-one-loom-out,422,1.1793,1.03487
"S-N + XGBoost, bagged",leave-one-loom-out,423,1.6873,0.74927
"S-N + XGBoost, bagged",leave-one-loom-out,424,5.4396,0.91536
"S-N + XGBoost, bagged",leave-one-loom-out,425,5.5602,0.82838
"S-N + XGBoost, bagged",leave-one-loom-out,426,7.0305,1.13706
"S-N + XGBoost, bagged",leave-one-loom-out,427,7.8073,1.12300
"S-N + XGBoost, bagged",leave-one-loom-out,428,4.5397,0.79476
"S-N + XGBoost, bagged",leave-one-loom-out,429,3.5730,0.54298
"S-N + XGBoost, bagged",leave-one-loom-out,430,3.0876,0.62342
"S-N + XGBoost, bagged",leave-one-loom-out,431,3.5546,0.42777
"S-N + XGBoost, bagged",leave-one-loom-out,432,2.9944,0.55314
"S-N + XGBoost, bagged",leave-one-loom-out,433,5.1071,2.21743
"S-N + XGBoost, bagged",leave-one-loom-out,434,4.7157,0.89586
"S-N + XGBoost, bagged",leave-one-loom-out,435,4.0370,0.51355
"S-N + XGBoost, bagged",leave-one-loom-out,436,4.2555,0.80540
"S-N + XGBoost, bagged",leave-one-loom-out,437,4.0308,0.60917
"S-N + XGBoost, bagged",leave-one-loom-out,438,4.7156,0.78473
"S-N + XGBoost, bagged",leave-one-loom-out,439,4.1489,0.55709
"S-N + XGBoost, bagged",leave-one-loom-out,440,4.4818,0.46868
"S-N + XGBoost, bagged",leave-one-loom-out,441,4.7866,0.51339
"S-N + XGBoost, bagged",leave-one-loom-out,442,4.5708,0.84888
"S-N + XGBoost, bagged",leave-one-loom-out,443,3.9242,0.68514
"S-N + XGBoost, bagged",leave-one-loom-out,444,2.8676,0.55500
"S-N + XGBoost, bagged",leave-one-loom-out,445,4.4457,1.14807
"S-N + XGBoost, bagged",leave-one-loom-out,446,4.7821,0.59652
"S-N + XGBoost, bagged",leave-one-loom-out,447,3.8162,0.62359
"S-N + XGBoost, bagged",leave-one-loom-out,448,5.1108,0.97188
"S-N + XGBoost, bagged",leave-one-loom-out,449,8.2804,0.97173
"S-N + XGBoost, bagged",leave-one-loom-out,450,0.9391,1.14332
"S-N + XGBoost, bagged",leave-one-loom-out,451,2.0552,1.64195
"S-N + XGBoost, bagged",leave-one-loom-out,452,3.2670,1.41276
"S-N + XGBoost, bagged",leave-one-loom-out,453,1.1407,0.98291
"S-N + XGBoost, bagged",leave-one-loom-out,454,0.9578,0.94720
"S-N + XGBoost, bagged",leave-one-loom-out,455,1.7498,1.20247
"S-N + XGBoost, bagged",leave-one-loom-out,456,3.2323,1.08327
"S-N + XGBoost, bagged",leave-one-loom-out,457,3.1208,1.19425
"S-N + XGBoost, bagged",leave-one-loom-out,458,1.5192,2.13762
"S-N + XGBoost, bagged",leave-one-loom-out,459,1.7303,1.48529
"S-N + XGBoost, bagged",leave-one-loom-out,460,1.5820,1.14850
"S-N + XGBoost, bagged",leave-one-loom-out,461,1.0639,0.93289
"S-N + XGBoost, bagged",leave-one-loom-out,462,1.4123,1.02759
"S-N + XGBoost, bagged",leave-one-loom-out,463,4.4994,1.73882
"S-N + XGBoost, bagged",leave-one-loom-out,464,2.1076,1.20344
"S-N + XGBoost, bagged",leave-one-loom-out,465,3.4148,0.90638
"S-N + XGBoost, bagged",leave-one-loom-out,466,1.2123,1.01090
"S-N + XGBoost, bagged",leave-one-loom-out,467,1.8930,1.41211
"S-N + XGBoost, bagged",leave-one-loom-out,468,1.3069,0.95437
"S-N + XGBoost, bagged",leave-one-loom-out,469,2.9583,1.01065
"S-N + XGBoost, bagged",leave-one-loom-out,470,0.9241,1.03960
"S-N + XGBoost, bagged",leave-one-loom-out,471,2.4518,1.15181
"S-N + XGBoost, bagged",leave-one-loom-out,472,1.4750,1.23737
"S-N + XGBoost, bagged",leave-one-loom-out,473,1.6011,1.16136
"S-N + XGBoost, bagged",leave-one-loom-out,474,1.7145,1.14420
"S-N + XGBoost, bagged",leave-one-loom-out,475,1.8410,0.84574
"S-N + XGBoost, bagged",leave-one-loom-out,476,2.3576,1.47276
"S-N + XGBoost, bagged",leave-one-loom-out,477,4.3132,1.96549
"S-N + XGBoost, bagged",leave-one-loom-out,478,2.4406,0.64331
"S-N + XGBoost, bagged",leave-one-loom-out,479,2.0113,0.76476
"S-N + XGBoost, bagged",leave-one-loom-out,480,2.0156,0.89128
"S-N + XGBoost, bagged",leave-one-loom-out,481,1.5209,0.81582
"S-N + XGBoost, bagged",leave-one-loom-out,482,2.1007,0.90204
"S-N + XGBoost, bagged",leave-one-loom-out,483,2.8448,1.85109
"S-N + XGBoost, bagged",leave-one-loom-out,484,1.3071,1.18047
"S-N + XGBoost, bagged",leave-one-loom-out,485,0.7361,0.81679
"S-N + XGBoost, bagged",leave-one-loom-out,486,1.7840,0.78037
"S-N + XGBoost, bagged",leave-one-loom-out,487,1.0577,0.77751
"S-N + XGBoost, bagged",leave-one-loom-out,488,1.7183,0.88372
"S-N + XGBoost, bagged",leave-one-loom-out,489,1.4790,0.85366
"S-N + XGBoost, bagged",leave-one-loom-out,490,2.5139,0.70804
"S-N + XGBoost, bagged",leave-one-loom-out,491,3.0143,0.76079
"S-N + XGBoost, bagged",leave-one-loom-out,492,1.2817,0.86940
"S-N + XGBoost, bagged",leave-one-loom-out,493,2.3096,0.69991
"S-N + XGBoost, bagged",leave-one-loom-out,494,2.1178,0.66884
"S-N + XGBoost, bagged",leave-one-loom-out,495,1.5513,1.05290
"S-N + XGBoost, bagged",leave-one-loom-out,496,1.7683,0.91423
"S-N + XGBoost, bagged",leave-one-loom-out,497,1.3107,0.76803
"S-N + XGBoost, bagged",leave-one-loom-out,498,1.4161,0.77930
"S-N + XGBoost, bagged",leave-one-loom-out,499,4.7149,0.94999
"S-N + XGBoost, bagged",leave-one-loom-out,500,8.6746,0.92874
"S-N + XGBoost, bagged",leave-one-loom-out,501,8.9893,1.18578
"S-N + XGBoost, bagged",leave-one-loom-out,502,11.3841,0.97314
"S-N + XGBoost, bagged",leave-one-loom-out,503,6.8248,0.75546
"S-N + XGBoost, bagged",leave-one-loom-out,504,5.9098,0.62155
"S-N + XGBoost, bagged",leave-one-loom-out,505,6.3124,0.70930
"S-N + XGBoost, bagged",leave-one-loom-out,506,7.5545,0.86436
"S-N + XGBoost, bagged",leave-one-loom-out,507,5.8227,0.53618
"S-N + XGBoost, bagged",leave-one-loom-out,508,13.0371,0.48207
"S-N + XGBoost, bagged",leave-one-loom-out,509,8.9776,0.64768
"S-N + XGBoost, bagged",leave-one-loom-out,510,9.7472,0.43542
"S-N + XGBoost, bagged",leave-one-loom-out,511,7.6862,0.42391
"S-N + XGBoost, bagged",leave-one-loom-out,512,6.5059,0.29591
"S-N + XGBoost, bagged",leave-one-loom-out,513,10.6080,0.65031
"S-N + XGBoost, bagged",leave-one-loom-out,514,10.3158,0.43026
"S-N + XGBoost, bagged",leave-one-loom-out,515,8.5447,0.70019
"S-N + XGBoost, bagged",leave-one-loom-out,516,7.1320,0.38764
"S-N + XGBoost, bagged",leave-one-loom-out,517,7.8303,0.59376
"S-N + XGBoost, bagged",leave-one-loom-out,518,7.0660,0.47881
"S-N + XGBoost, bagged",leave-one-loom-out,519,7.9781,0.46142
"S-N + XGBoost, bagged",leave-one-loom-out,520,6.8219,0.45423
"S-N + XGBoost, bagged",leave-one-loom-out,521,10.1851,0.49139
"S-N + XGBoost, bagged",leave-one-loom-out,522,11.0600,0.32072
"S-N + XGBoost, bagged",leave-one-loom-out,523,6.2640,0.85256
"S-N + XGBoost, bagged",leave-one-loom-out,524,7.9593,1.67928
"S-N + XGBoost, bagged",leave-one-loom-out,525,1.5797,0.94628
"S-N + XGBoost, bagged",leave-one-loom-out,526,0.4763,1.42349
"S-N + XGBoost, bagged",leave-one-loom-out,527,6.6417,1.14197
"S-N + XGBoost, bagged",leave-one-loom-out,528,1.8503,0.69820
"S-N + XGBoost, bagged",leave-one-loom-out,529,1.0739,0.63749
"S-N + XGBoost, bagged",leave-one-loom-out,530,3.6547,0.79474
"S-N + XGBoost, bagged",leave-one-loom-out,531,1.3813,0.79529
"S-N + XGBoost, bagged",leave-one-loom-out,532,6.8072,0.62323
"S-N + XGBoost, bagged",leave-one-loom-out,533,7.3736,0.77116
"S-N + XGBoost, bagged",leave-one-loom-out,534,0.6904,0.73169
"S-N + XGBoost, bagged",leave-one-loom-out,535,1.6041,0.42663
"S-N + XGBoost, bagged",leave-one-loom-out,536,1.1336,0.74669
"S-N + XGBoost, bagged",leave-one-loom-out,537,1.3171,0.53439
"S-N + XGBoost, bagged",leave-one-loom-out,538,0.4093,0.51436
"S-N + XGBoost, bagged",leave-one-loom-out,539,3.8135,0.51199
"S-N + XGBoost, bagged",leave-one-loom-out,540,1.5439,0.64274
"S-N + XGBoost, bagged",leave-one-loom-out,541,3.9342,0.62260
"S-N + XGBoost, bagged",leave-one-loom-out,542,1.1267,0.49065
"S-N + XGBoost, bagged",leave-one-loom-out,543,0.7857,0.60250
"S-N + XGBoost, bagged",leave-one-loom-out,544,1.3700,0.67140
"S-N + XGBoost, bagged",leave-one-loom-out,545,0.6268,0.56976
"S-N + XGBoost, bagged",leave-one-loom-out,546,0.5362,0.62990
"S-N + XGBoost, bagged",leave-one-loom-out,547,3.4867,0.52859
"S-N + XGBoost, bagged",leave-one-loom-out,548,0.4102,1.17252
"S-N + XGBoost, bagged",leave-one-loom-out,549,2.1555,1.44423
"S-N + XGBoost, bagged",leave-one-loom-out,550,2.8264,0.63806
"S-N + XGBoost, bagged",leave-one-loom-out,551,2.0754,0.92940
"S-N + XGBoost, bagged",leave-one-loom-out,552,8.6359,0.68189
"S-N + XGBoost, bagged",leave-one-loom-out,553,2.8452,0.70055
"S-N + XGBoost, bagged",leave-one-loom-out,554,2.2139,0.57232
"S-N + XGBoost, bagged",leave-one-loom-out,555,3.3662,0.64230
"S-N + XGBoost, bagged",leave-one-loom-out,556,2.6754,0.67165
"S-N + XGBoost, bagged",leave-one-loom-out,557,7.9232,0.67826
"S-N + XGBoost, bagged",leave-one-loom-out,558,7.0230,0.55320
"S-N + XGBoost, bagged",leave-one-loom-out,559,0.8996,0.74539
"S-N + XGBoost, bagged",leave-one-loom-out,560,1.5525,0.51263
"S-N + XGBoost, bagged",leave-one-loom-out,561,1.7227,0.42781
"S-N + XGBoost, bagged",leave-one-loom-out,562,0.8726,0.38100
"S-N + XGBoost, bagged",leave-one-loom-out,563,0.3191,0.69681
"S-N + XGBoost, bagged",leave-one-loom-out,564,4.9259,0.53377
"S-N + XGBoost, bagged",leave-one-loom-out,565,2.1495,0.70044
"S-N + XGBoost, bagged",leave-one-loom-out,566,4.4949,0.44740
"S-N + XGBoost, bagged",leave-one-loom-out,567,0.9169,0.60885
"S-N + XGBoost, bagged",leave-one-loom-out,568,1.9411,0.50540
"S-N + XGBoost, bagged",leave-one-loom-out,569,2.0517,0.62787
"S-N + XGBoost, bagged",leave-one-loom-out,570,1.4784,0.50902
"S-N + XGBoost, bagged",leave-one-loom-out,571,0.4930,0.52090
"S-N + XGBoost, bagged",leave-one-loom-out,572,3.8940,0.40488
"S-N + XGBoost, bagged",leave-one-loom-out,573,0.8008,0.71907
"S-N + XGBoost, bagged",leave-one-loom-out,574,1.9521,1.04596
"S-N + XGBoost, bagged",leave-one-loom-out,575,2.1948,0.76418
"S-N + XGBoost, bagged",leave-one-loom-out,576,2.3976,1.18620
"S-N + XGBoost, bagged",leave-one-loom-out,577,9.5302,0.82054
"S-N + XGBoost, bagged",leave-one-loom-out,578,1.9535,0.73952
"S-N + XGBoost, bagged",leave-one-loom-out,579,1.8789,0.59126
"S-N + XGBoost, bagged",leave-one-loom-out,580,3.2073,0.75284
"S-N + XGBoost, bagged",leave-one-loom-out,581,3.8423,0.90948
"S-N + XGBoost, bagged",leave-one-loom-out,582,4.1457,0.62054
"S-N + XGBoost, bagged",leave-one-loom-out,583,8.5552,0.57712
"S-N + XGBoost, bagged",leave-one-loom-out,584,5.2478,0.54598
"S-N + XGBoost, bagged",leave-one-loom-out,585,4.4623,0.61386
"S-N + XGBoost, bagged",leave-one-loom-out,586,1.6661,0.57372
"S-N + XGBoost, bagged",leave-one-loom-out,587,0.8737,0.39557
"S-N + XGBoost, bagged",leave-one-loom-out,588,5.2647,0.72328
"S-N + XGBoost, bagged",leave-one-loom-out,589,5.7571,0.57555
"S-N + XGBoost, bagged",leave-one-loom-out,590,2.6613,0.60215
"S-N + XGBoost, bagged",leave-one-loom-out,591,1.7630,0.46977
"S-N + XGBoost, bagged",leave-one-loom-out,592,1.5857,0.58878
"S-N + XGBoost, bagged",leave-one-loom-out,593,1.6537,0.52368
"S-N + XGBoost, bagged",leave-one-loom-out,594,3.2770,0.65621
"S-N + XGBoost, bagged",leave-one-loom-out,595,0.7795,0.67215
"S-N + XGBoost, bagged",leave-one-loom-out,596,4.5713,0.51737
"S-N + XGBoost, bagged",leave-one-loom-out,597,5.4393,0.51539
"S-N + XGBoost, bagged",leave-one-loom-out,598,0.4699,0.76714
"S-N + XGBoost, bagged",leave-one-loom-out,599,0.8643,0.95210
"S-N + XGBoost, bagged",leave-one-loom-out,600,2.4036,1.27495
"S-N + XGBoost, bagged",leave-one-loom-out,601,3.9164,1.05963
"S-N + XGBoost, bagged",leave-one-loom-out,602,9.7808,0.95721
"S-N + XGBoost, bagged",leave-one-loom-out,603,2.2177,0.94159
"S-N + XGBoost, bagged",leave-one-loom-out,604,1.9229,0.93888
"S-N + XGBoost, bagged",leave-one-loom-out,605,4.3455,0.84117
"S-N + XGBoost, bagged",leave-one-loom-out,606,3.6898,0.64498
"S-N + XGBoost, bagged",leave-one-loom-out,607,4.2472,0.68513
"S-N + XGBoost, bagged",leave-one-loom-out,608,7.7445,0.44795
"S-N + XGBoost, bagged",leave-one-loom-out,609,6.6718,0.52468
"S-N + XGBoost, bagged",leave-one-loom-out,610,3.5735,1.16666
"S-N + XGBoost, bagged",leave-one-loom-out,611,1.2986,0.50397
"S-N + XGBoost, bagged",leave-one-loom-out,612,1.9349,0.69031
"S-N + XGBoost, bagged",leave-one-loom-out,613,8.0703,0.96425
"S-N + XGBoost, bagged",leave-one-loom-out,614,6.6310,0.61415
"S-N + XGBoost, bagged",leave-one-loom-out,615,3.5249,1.03975
"S-N + XGBoost, bagged",leave-one-loom-out,616,1.6235,0.55660
"S-N + XGBoost, bagged",leave-one-loom-out,617,2.2513,0.88117
"S-N + XGBoost, bagged",leave-one-loom-out,618,1.3244,0.85718
"S-N + XGBoost, bagged",leave-one-loom-out,619,3.7951,0.70230
"S-N + XGBoost, bagged",leave-one-loom-out,620,1.3215,0.72510
"S-N + XGBoost, bagged",leave-one-loom-out,621,4.5359,0.51125
"S-N + XGBoost, bagged",leave-one-loom-out,622,4.7677,0.64640
"S-N + XGBoost, bagged",leave-one-loom-out,623,0.0611,1.08523
"S-N + XGBoost, bagged",leave-one-loom-out,624,0.3540,0.98644
S-N + GP,leave-one-loom-out,0,2.5368,5.11480
S-N + GP,leave-one-loom-out,1,2.5304,5.09353
S-N + GP,leave-one-loom-out,2,3.7191,5.04684
S-N + GP,leave-one-loom-out,3,4.9141,5.03837
S-N + GP,leave-one-loom-out,4,5.1557,4.98440
S-N + GP,leave-one-loom-out,5,7.0501,4.89369
S-N + GP,leave-one-loom-out,6,4.9176,5.01017
S-N + GP,leave-one-loom-out,7,6.1799,4.83451
S-N + GP,leave-one-loom-out,8,3.8008,4.99520
S-N + GP,leave-one-loom-out,9,4.2948,5.07728
S-N + GP,leave-one-loom-out,10,7.5907,4.92039
S-N + GP,leave-one-loom-out,11,5.6943,5.00691
S-N + GP,leave-one-loom-out,12,7.1225,4.89270
S-N + GP,leave-one-loom-out,13,6.7106,5.00983
S-N + GP,leave-one-loom-out,14,9.3616,4.82014
S-N + GP,leave-one-loom-out,15,6.1970,4.83423
S-N + GP,leave-one-loom-out,16,6.4141,4.86406
S-N + GP,leave-one-loom-out,17,7.6619,4.83466
S-N + GP,leave-one-loom-out,18,6.0245,4.95596
S-N + GP,leave-one-loom-out,19,8.0006,4.95016
S-N + GP,leave-one-loom-out,20,3.9510,4.92026
S-N + GP,leave-one-loom-out,21,4.5765,4.89668
S-N + GP,leave-one-loom-out,22,5.0028,4.86542
S-N + GP,leave-one-loom-out,23,4.2613,4.99855
S-N + GP,leave-one-loom-out,24,3.1850,5.05064
S-N + GP,leave-one-loom-out,25,3.1416,5.97044
S-N + GP,leave-one-loom-out,26,3.0573,5.97044
S-N + GP,leave-one-loom-out,27,0.8793,5.97044
S-N + GP,leave-one-loom-out,28,3.8507,5.97044
S-N + GP,leave-one-loom-out,29,6.1501,5.97044
S-N + GP,leave-one-loom-out,30,7.6060,5.97044
S-N + GP,leave-one-loom-out,31,14.7888,5.97044
S-N + GP,leave-one-loom-out,32,9.0728,5.97044
S-N + GP,leave-one-loom-out,33,1.7801,5.97044
S-N + GP,leave-one-loom-out,34,5.4980,5.97044
S-N + GP,leave-one-loom-out,35,10.9358,5.97044
S-N + GP,leave-one-loom-out,36,4.5908,5.97044
S-N + GP,leave-one-loom-out,37,6.0769,5.97044
S-N + GP,leave-one-loom-out,38,9.1761,5.97044
S-N + GP,leave-one-loom-out,39,10.8125,5.97044
S-N + GP,leave-one-loom-out,40,8.1770,5.97044
S-N + GP,leave-one-loom-out,41,5.6582,5.97044
S-N + GP,leave-one-loom-out,42,7.8313,5.97044
S-N + GP,leave-one-loom-out,43,4.4943,5.97044
S-N + GP,leave-one-loom-out,44,8.0614,5.97044
S-N + GP,leave-one-loom-out,45,5.3030,5.97044
S-N + GP,leave-one-loom-out,46,5.8572,5.97044
S-N + GP,leave-one-loom-out,47,5.8586,5.97044
S-N + GP,leave-one-loom-out,48,2.9650,5.97044
S-N + GP,leave-one-loom-out,49,1.0407,5.97044
S-N + GP,leave-one-loom-out,50,0.7267,5.94343
S-N + GP,leave-one-loom-out,51,2.7596,5.94314
S-N + GP,leave-one-loom-out,52,1.5270,5.94242
S-N + GP,leave-one-loom-out,53,3.7567,5.94244
S-N + GP,leave-one-loom-out,54,5.6411,5.94151
S-N + GP,leave-one-loom-out,55,6.6109,5.94011
S-N + GP,leave-one-loom-out,56,11.2053,5.94213
S-N + GP,leave-one-loom-out,57,6.6715,5.93894
S-N + GP,leave-one-loom-out,58,1.0837,5.94180
S-N + GP,leave-one-loom-out,59,4.4180,5.94298
S-N + GP,leave-one-loom-out,60,8.4269,5.94059
S-N + GP,leave-one-loom-out,61,2.5951,5.94180
S-N + GP,leave-one-loom-out,62,4.8576,5.94046
S-N + GP,leave-one-loom-out,63,8.9664,5.94207
S-N + GP,leave-one-loom-out,64,7.7812,5.93853
S-N + GP,leave-one-loom-out,65,6.7694,5.93874
S-N + GP,leave-one-loom-out,66,4.6991,5.93932
S-N + GP,leave-one-loom-out,67,6.3764,5.93895
S-N + GP,leave-one-loom-out,68,3.5959,5.94077
S-N + GP,leave-one-loom-out,69,5.9684,5.94098
S-N + GP,leave-one-loom-out,70,6.4478,5.94059
S-N + GP,leave-one-loom-out,71,4.8170,5.93995
S-N + GP,leave-one-loom-out,72,4.2324,5.93942
S-N + GP,leave-one-loom-out,73,2.2479,5.94177
S-N + GP,leave-one-loom-out,74,0.7673,5.94255
S-N + GP,leave-one-loom-out,75,2.1932,5.77955
S-N + GP,leave-one-loom-out,76,3.6965,5.77473
S-N + GP,leave-one-loom-out,77,4.2150,5.76399
S-N + GP,leave-one-loom-out,78,1.7109,5.76338
S-N + GP,leave-one-loom-out,79,1.7693,5.75147
S-N + GP,leave-one-loom-out,80,3.4329,5.73386
S-N + GP,leave-one-loom-out,81,5.2956,5.75872
S-N + GP,leave-one-loom-out,82,3.1105,5.72089
S-N + GP,leave-one-loom-out,83,2.3215,5.75432
S-N + GP,leave-one-loom-out,84,4.8830,5.77190
S-N + GP,leave-one-loom-out,85,4.5992,5.73957
S-N + GP,leave-one-loom-out,86,1.0619,5.75575
S-N + GP,leave-one-loom-out,87,1.5192,5.73487
S-N + GP,leave-one-loom-out,88,5.9250,5.75786
S-N + GP,leave-one-loom-out,89,3.9041,5.71718
S-N + GP,leave-one-loom-out,90,2.7384,5.72017
S-N + GP,leave-one-loom-out,91,1.7996,5.72678
S-N + GP,leave-one-loom-out,92,2.3987,5.72062
S-N + GP,leave-one-loom-out,93,0.5026,5.74385
S-N + GP,leave-one-loom-out,94,3.0563,5.74445
S-N + GP,leave-one-loom-out,95,6.3966,5.73874
S-N + GP,leave-one-loom-out,96,2.5288,5.73253
S-N + GP,leave-one-loom-out,97,1.2321,5.72708
S-N + GP,leave-one-loom-out,98,1.8878,5.75454
S-N + GP,leave-one-loom-out,99,1.2561,5.76537
S-N + GP,leave-one-loom-out,100,2.0136,5.88942
S-N + GP,leave-one-loom-out,101,3.8934,5.88651
S-N + GP,leave-one-loom-out,102,3.7511,5.88011
S-N + GP,leave-one-loom-out,103,2.4487,5.87902
S-N + GP,leave-one-loom-out,104,1.7314,5.87169
S-N + GP,leave-one-loom-out,105,2.0034,5.85980
S-N + GP,leave-one-loom-out,106,4.4431,5.87518
S-N + GP,leave-one-loom-out,107,2.2064,5.85228
S-N + GP,leave-one-loom-out,108,3.0736,5.87316
S-N + GP,leave-one-loom-out,109,5.6605,5.88431
S-N + GP,leave-one-loom-out,110,2.7889,5.86328
S-N + GP,leave-one-loom-out,111,1.1471,5.87473
S-N + GP,leave-one-loom-out,112,0.5283,5.85945
S-N + GP,leave-one-loom-out,113,6.9593,5.87516
S-N + GP,leave-one-loom-out,114,1.8913,5.85055
S-N + GP,leave-one-loom-out,115,1.6467,5.85239
S-N + GP,leave-one-loom-out,116,1.4148,5.85614
S-N + GP,leave-one-loom-out,117,2.5873,5.85219
S-N + GP,leave-one-loom-out,118,1.4777,5.86787
S-N + GP,leave-one-loom-out,119,2.1247,5.86710
S-N + GP,leave-one-loom-out,120,6.0712,5.86313
S-N + GP,leave-one-loom-out,121,2.9398,5.86010
S-N + GP,leave-one-loom-out,122,1.2576,5.85623
S-N + GP,leave-one-loom-out,123,2.4099,5.87359
S-N + GP,leave-one-loom-out,124,1.4653,5.88066
S-N + GP,leave-one-loom-out,125,1.6350,6.21081
S-N + GP,leave-one-loom-out,126,4.5250,6.21275
S-N + GP,leave-one-loom-out,127,2.8652,6.15770
S-N + GP,leave-one-loom-out,128,2.7667,6.11208
S-N + GP,leave-one-loom-out,129,2.0558,6.10687
S-N + GP,leave-one-loom-out,130,1.6740,6.09171
S-N + GP,leave-one-loom-out,131,2.1572,6.12329
S-N + GP,leave-one-loom-out,132,1.7891,6.08305
S-N + GP,leave-one-loom-out,133,1.6044,6.08435
S-N + GP,leave-one-loom-out,134,3.9756,6.14552
S-N + GP,leave-one-loom-out,135,2.4853,6.07511
S-N + GP,leave-one-loom-out,136,2.7505,6.12001
S-N + GP,leave-one-loom-out,137,1.6133,6.05553
S-N + GP,leave-one-loom-out,138,4.6372,6.11518
S-N + GP,leave-one-loom-out,139,1.9218,6.07227
S-N + GP,leave-one-loom-out,140,2.2619,6.06589
S-N + GP,leave-one-loom-out,141,2.8193,6.05028
S-N + GP,leave-one-loom-out,142,2.6726,6.06545
S-N + GP,leave-one-loom-out,143,2.3186,6.09260
S-N + GP,leave-one-loom-out,144,2.2801,6.06148
S-N + GP,leave-one-loom-out,145,6.4249,6.04872
S-N + GP,leave-one-loom-out,146,1.9609,6.07252
S-N + GP,leave-one-loom-out,147,3.9591,6.05730
S-N + GP,leave-one-loom-out,148,5.1354,6.05959
S-N + GP,leave-one-loom-out,149,7.1914,6.10755
S-N + GP,leave-one-loom-out,150,2.6448,6.39075
S-N + GP,leave-one-loom-out,151,10.0311,6.41096
S-N + GP,leave-one-loom-out,152,8.0807,6.35604
S-N + GP,leave-one-loom-out,153,5.2563,6.29668
S-N + GP,leave-one-loom-out,154,5.0931,6.29205
S-N + GP,leave-one-loom-out,155,4.8376,6.27788
S-N + GP,leave-one-loom-out,156,4.8853,6.30594
S-N + GP,leave-one-loom-out,157,4.5987,6.26991
S-N + GP,leave-one-loom-out,158,6.1168,6.27200
S-N + GP,leave-one-loom-out,159,5.1846,6.33388
S-N + GP,leave-one-loom-out,160,4.4722,6.25955
S-N + GP,leave-one-loom-out,161,5.3223,6.30784
S-N + GP,leave-one-loom-out,162,4.3078,6.23604
S-N + GP,leave-one-loom-out,163,4.6759,6.30158
S-N + GP,leave-one-loom-out,164,4.0102,6.25831
S-N + GP,leave-one-loom-out,165,4.7141,6.25023
S-N + GP,leave-one-loom-out,166,5.0855,6.22972
S-N + GP,leave-one-loom-out,167,5.7166,6.24978
S-N + GP,leave-one-loom-out,168,5.4080,6.27732
S-N + GP,leave-one-loom-out,169,4.7999,6.24203
S-N + GP,leave-one-loom-out,170,9.3388,6.22868
S-N + GP,leave-one-loom-out,171,5.1530,6.25623
S-N + GP,leave-one-loom-out,172,4.9295,6.23820
S-N + GP,leave-one-loom-out,173,8.1472,6.23832
S-N + GP,leave-one-loom-out,174,10.0185,6.29351
S-N + GP,leave-one-loom-out,175,1.5708,4.98849
S-N + GP,leave-one-loom-out,176,4.1778,4.98223
S-N + GP,leave-one-loom-out,177,2.6528,4.84313
S-N + GP,leave-one-loom-out,178,2.8788,4.73665
S-N + GP,leave-one-loom-out,179,2.4041,4.72328
S-N + GP,leave-one-loom-out,180,2.2195,4.68273
S-N + GP,leave-one-loom-out,181,2.4584,4.76940
S-N + GP,leave-one-loom-out,182,2.2180,4.65913
S-N + GP,leave-one-loom-out,183,2.4689,4.66245
S-N + GP,leave-one-loom-out,184,2.8014,4.82038
S-N + GP,leave-one-loom-out,185,2.9640,4.64068
S-N + GP,leave-one-loom-out,186,2.5382,4.75489
S-N + GP,leave-one-loom-out,187,2.0698,4.59225
S-N + GP,leave-one-loom-out,188,3.6520,4.74313
S-N + GP,leave-one-loom-out,189,2.0353,4.63155
S-N + GP,leave-one-loom-out,190,2.6700,4.61631
S-N + GP,leave-one-loom-out,191,3.2498,4.57918
S-N + GP,leave-one-loom-out,192,3.4243,4.61512
S-N + GP,leave-one-loom-out,193,2.0714,4.68546
S-N + GP,leave-one-loom-out,194,2.6742,4.60811
S-N + GP,leave-one-loom-out,195,7.1846,4.57478
S-N + GP,leave-one-loom-out,196,2.7910,4.63329
S-N + GP,leave-one-loom-out,197,3.7336,4.59598
S-N + GP,leave-one-loom-out,198,6.5034,4.60471
S-N + GP,leave-one-loom-out,199,6.3373,4.72492
S-N + GP,leave-one-loom-out,200,5.8641,6.33345
S-N + GP,leave-one-loom-out,201,4.0347,6.32587
S-N + GP,leave-one-loom-out,202,4.2890,6.28598
S-N + GP,leave-one-loom-out,203,4.5405,6.25984
S-N + GP,leave-one-loom-out,204,5.0216,6.25586
S-N + GP,leave-one-loom-out,205,6.8973,6.24471
S-N + GP,leave-one-loom-out,206,4.8510,6.26906
S-N + GP,leave-one-loom-out,207,5.9011,6.23821
S-N + GP,leave-one-loom-out,208,4.3098,6.23865
S-N + GP,leave-one-loom-out,209,2.8068,6.28191
S-N + GP,leave-one-loom-out,210,4.1312,6.23358
S-N + GP,leave-one-loom-out,211,4.8696,6.26390
S-N + GP,leave-one-loom-out,212,4.7728,6.22162
S-N + GP,leave-one-loom-out,213,2.8040,6.26112
S-N + GP,leave-one-loom-out,214,6.3414,6.23087
S-N + GP,leave-one-loom-out,215,4.6646,6.22712
S-N + GP,leave-one-loom-out,216,4.4393,6.21843
S-N + GP,leave-one-loom-out,217,6.4067,6.22683
S-N + GP,leave-one-loom-out,218,4.7426,6.24590
S-N + GP,leave-one-loom-out,219,5.4462,6.22580
S-N + GP,leave-one-loom-out,220,2.4594,6.21705
S-N + GP,leave-one-loom-out,221,3.5924,6.23212
S-N + GP,leave-one-loom-out,222,3.6795,6.22269
S-N + GP,leave-one-loom-out,223,6.3932,6.22540
S-N + GP,leave-one-loom-out,224,10.0328,6.25599
S-N + GP,leave-one-loom-out,225,2.1786,6.50375
S-N + GP,leave-one-loom-out,226,2.8840,6.50602
S-N + GP,leave-one-loom-out,227,3.4444,6.47322
S-N + GP,leave-one-loom-out,228,6.3362,6.44567
S-N + GP,leave-one-loom-out,229,8.9162,6.44276
S-N + GP,leave-one-loom-out,230,7.6143,6.43403
S-N + GP,leave-one-loom-out,231,3.7876,6.45267
S-N + GP,leave-one-loom-out,232,5.1338,6.42896
S-N + GP,leave-one-loom-out,233,2.2451,6.42969
S-N + GP,leave-one-loom-out,234,1.3897,6.46553
S-N + GP,leave-one-loom-out,235,2.9311,6.42412
S-N + GP,leave-one-loom-out,236,4.7101,6.45044
S-N + GP,leave-one-loom-out,237,3.4138,6.41262
S-N + GP,leave-one-loom-out,238,2.0124,6.44750
S-N + GP,leave-one-loom-out,239,3.8496,6.42259
S-N + GP,leave-one-loom-out,240,3.0862,6.41877
S-N + GP,leave-one-loom-out,241,2.8462,6.40955
S-N + GP,leave-one-loom-out,242,3.6977,6.41854
S-N + GP,leave-one-loom-out,243,5.2409,6.43424
S-N + GP,leave-one-loom-out,244,2.3398,6.41606
S-N + GP,leave-one-loom-out,245,5.3999,6.40866
S-N + GP,leave-one-loom-out,246,2.1322,6.42249
S-N + GP,leave-one-loom-out,247,2.8209,6.41361
S-N + GP,leave-one-loom-out,248,6.2621,6.41496
S-N + GP,leave-one-loom-out,249,9.3287,6.44320
S-N + GP,leave-one-loom-out,250,2.8378,4.48242
S-N + GP,leave-one-loom-out,251,2.9072,4.41436
S-N + GP,leave-one-loom-out,252,3.6441,4.22679
S-N + GP,leave-one-loom-out,253,1.8702,4.14443
S-N + GP,leave-one-loom-out,254,1.1772,4.12136
S-N + GP,leave-one-loom-out,255,2.2706,4.04380
S-N + GP,leave-one-loom-out,256,1.5072,4.17586
S-N + GP,leave-one-loom-out,257,1.3208,4.01085
S-N + GP,leave-one-loom-out,258,0.9780,4.00826
S-N + GP,leave-one-loom-out,259,0.8847,4.24885
S-N + GP,leave-one-loom-out,260,0.7221,4.00980
S-N + GP,leave-one-loom-out,261,1.9188,4.17113
S-N + GP,leave-one-loom-out,262,0.2719,3.94525
S-N + GP,leave-one-loom-out,263,0.7431,4.16405
S-N + GP,leave-one-loom-out,264,1.7824,3.98282
S-N + GP,leave-one-loom-out,265,1.2039,3.97063
S-N + GP,leave-one-loom-out,266,0.9718,3.92316
S-N + GP,leave-one-loom-out,267,4.0626,3.96712
S-N + GP,leave-one-loom-out,268,2.2420,4.06961
S-N + GP,leave-one-loom-out,269,1.0150,3.96171
S-N + GP,leave-one-loom-out,270,7.3688,3.91728
S-N + GP,leave-one-loom-out,271,1.1341,3.98420
S-N + GP,leave-one-loom-out,272,1.7397,3.94157
S-N + GP,leave-one-loom-out,273,1.4108,3.96234
S-N + GP,leave-one-loom-out,274,4.3032,4.12034
S-N + GP,leave-one-loom-out,275,6.4031,5.29314
S-N + GP,leave-one-loom-out,276,6.1724,5.22512
S-N + GP,leave-one-loom-out,277,6.4073,5.07753
S-N + GP,leave-one-loom-out,278,5.8861,5.01476
S-N + GP,leave-one-loom-out,279,5.5973,4.99591
S-N + GP,leave-one-loom-out,280,5.9697,4.93664
S-N + GP,leave-one-loom-out,281,5.8060,5.03749
S-N + GP,leave-one-loom-out,282,6.1370,4.91130
S-N + GP,leave-one-loom-out,283,7.5459,4.90915
S-N + GP,leave-one-loom-out,284,7.7488,5.09547
S-N + GP,leave-one-loom-out,285,6.0594,4.90986
S-N + GP,leave-one-loom-out,286,5.9681,5.03361
S-N + GP,leave-one-loom-out,287,6.8235,4.86156
S-N + GP,leave-one-loom-out,288,6.2602,5.02895
S-N + GP,leave-one-loom-out,289,7.0250,4.88961
S-N + GP,leave-one-loom-out,290,7.7504,4.88028
S-N + GP,leave-one-loom-out,291,8.5200,4.84451
S-N + GP,leave-one-loom-out,292,6.3437,4.87791
S-N + GP,leave-one-loom-out,293,6.3764,4.95680
S-N + GP,leave-one-loom-out,294,7.0617,4.87425
S-N + GP,leave-one-loom-out,295,1.3718,4.83949
S-N + GP,leave-one-loom-out,296,7.6194,4.89199
S-N + GP,leave-one-loom-out,297,7.7424,4.85910
S-N + GP,leave-one-loom-out,298,7.2287,4.87487
S-N + GP,leave-one-loom-out,299,7.3195,4.99450
S-N + GP,leave-one-loom-out,300,5.7130,4.76054
S-N + GP,leave-one-loom-out,301,5.0038,4.69604
S-N + GP,leave-one-loom-out,302,4.8290,4.55724
S-N + GP,leave-one-loom-out,303,1.5843,4.50624
S-N + GP,leave-one-loom-out,304,0.6038,4.48937
S-N + GP,leave-one-loom-out,305,1.9805,4.43318
S-N + GP,leave-one-loom-out,306,6.1904,4.53529
S-N + GP,leave-one-loom-out,307,2.4603,4.40778
S-N + GP,leave-one-loom-out,308,4.1327,4.40684
S-N + GP,leave-one-loom-out,309,5.1235,4.58102
S-N + GP,leave-one-loom-out,310,6.7907,4.40834
S-N + GP,leave-one-loom-out,311,2.4142,4.52317
S-N + GP,leave-one-loom-out,312,2.5978,4.36573
S-N + GP,leave-one-loom-out,313,8.0647,4.51834
S-N + GP,leave-one-loom-out,314,3.4405,4.38766
S-N + GP,leave-one-loom-out,315,4.2147,4.38004
S-N + GP,leave-one-loom-out,316,4.7123,4.35135
S-N + GP,leave-one-loom-out,317,2.8149,4.37790
S-N + GP,leave-one-loom-out,318,2.0545,4.45048
S-N + GP,leave-one-loom-out,319,3.7923,4.37809
S-N + GP,leave-one-loom-out,320,8.9089,4.34668
S-N + GP,leave-one-loom-out,321,6.7366,4.38982
S-N + GP,leave-one-loom-out,322,6.1356,4.36226
S-N + GP,leave-one-loom-out,323,1.7012,4.38106
S-N + GP,leave-one-loom-out,324,4.8734,4.48952
S-N + GP,leave-one-loom-out,325,1.6827,4.96619
S-N + GP,leave-one-loom-out,326,1.4835,4.90460
S-N + GP,leave-one-loom-out,327,1.4098,4.77740
S-N + GP,leave-one-loom-out,328,0.7960,4.73020
S-N + GP,leave-one-loom-out,329,1.0998,4.71427
S-N + GP,leave-one-loom-out,330,4.0778,4.66308
S-N + GP,leave-one-loom-out,331,1.5348,4.75626
S-N + GP,leave-one-loom-out,332,0.5178,4.63997
S-N + GP,leave-one-loom-out,333,1.2534,4.63921
S-N + GP,leave-one-loom-out,334,0.5315,4.79841
S-N + GP,leave-one-loom-out,335,0.6072,4.64050
S-N + GP,leave-one-loom-out,336,0.5962,4.74554
S-N + GP,leave-one-loom-out,337,1.0452,4.60133
S-N + GP,leave-one-loom-out,338,0.4307,4.74107
S-N + GP,leave-one-loom-out,339,1.3314,4.62160
S-N + GP,leave-one-loom-out,340,0.7398,4.61464
S-N + GP,leave-one-loom-out,341,1.5636,4.58806
S-N + GP,leave-one-loom-out,342,2.1943,4.61264
S-N + GP,leave-one-loom-out,343,2.2386,4.67913
S-N + GP,leave-one-loom-out,344,0.2939,4.61284
S-N + GP,leave-one-loom-out,345,7.3811,4.58375
S-N + GP,leave-one-loom-out,346,0.5951,4.62368
S-N + GP,leave-one-loom-out,347,1.2876,4.59829
S-N + GP,leave-one-loom-out,348,0.3529,4.61534
S-N + GP,leave-one-loom-out,349,2.5314,4.71480
S-N + GP,leave-one-loom-out,350,6.1222,4.08827
S-N + GP,leave-one-loom-out,351,4.8984,4.02946
S-N + GP,leave-one-loom-out,352,3.9617,3.90756
S-N + GP,leave-one-loom-out,353,2.0385,3.87550
S-N + GP,leave-one-loom-out,354,2.5261,3.86172
S-N + GP,leave-one-loom-out,355,2.7430,3.81084
S-N + GP,leave-one-loom-out,356,2.7941,3.91354
S-N + GP,leave-one-loom-out,357,2.2604,3.78564
S-N + GP,leave-one-loom-out,358,3.9307,3.78712
S-N + GP,leave-one-loom-out,359,2.4001,3.93950
S-N + GP,leave-one-loom-out,360,2.1075,3.79012
S-N + GP,leave-one-loom-out,361,3.4133,3.88953
S-N + GP,leave-one-loom-out,362,2.5431,3.75624
S-N + GP,leave-one-loom-out,363,2.3058,3.88384
S-N + GP,leave-one-loom-out,364,3.1492,3.76853
S-N + GP,leave-one-loom-out,365,2.1914,3.76393
S-N + GP,leave-one-loom-out,366,3.4544,3.74600
S-N + GP,leave-one-loom-out,367,3.0953,3.76198
S-N + GP,leave-one-loom-out,368,3.0541,3.82405
S-N + GP,leave-one-loom-out,369,2.8547,3.76822
S-N + GP,leave-one-loom-out,370,4.0717,3.74205
S-N + GP,leave-one-loom-out,371,2.6432,3.77030
S-N + GP,leave-one-loom-out,372,3.1713,3.75119
S-N + GP,leave-one-loom-out,373,3.7149,3.77449
S-N + GP,leave-one-loom-out,374,5.1843,3.86499
S-N + GP,leave-one-loom-out,375,5.5286,3.94326
S-N + GP,leave-one-loom-out,376,4.7412,3.89412
S-N + GP,leave-one-loom-out,377,4.6578,3.76879
S-N + GP,leave-one-loom-out,378,4.4290,3.71905
S-N + GP,leave-one-loom-out,379,1.9735,3.71029
S-N + GP,leave-one-loom-out,380,1.7737,3.65458
S-N + GP,leave-one-loom-out,381,3.0807,3.75869
S-N + GP,leave-one-loom-out,382,2.6208,3.62406
S-N + GP,leave-one-loom-out,383,3.3102,3.63200
S-N + GP,leave-one-loom-out,384,2.8262,3.79800
S-N + GP,leave-one-loom-out,385,1.5504,3.62317
S-N + GP,leave-one-loom-out,386,1.7530,3.73770
S-N + GP,leave-one-loom-out,387,0.9940,3.58843
S-N + GP,leave-one-loom-out,388,2.1786,3.73444
S-N + GP,leave-one-loom-out,389,0.9420,3.60069
S-N + GP,leave-one-loom-out,390,1.5755,3.59388
S-N + GP,leave-one-loom-out,391,1.3585,3.57889
S-N + GP,leave-one-loom-out,392,3.3789,3.59181
S-N + GP,leave-one-loom-out,393,0.9183,3.66467
S-N + GP,leave-one-loom-out,394,2.1327,3.60012
S-N + GP,leave-one-loom-out,395,8.6402,3.57464
S-N + GP,leave-one-loom-out,396,1.9999,3.61039
S-N + GP,leave-one-loom-out,397,1.3627,3.58558
S-N + GP,leave-one-loom-out,398,4.8576,3.60880
S-N + GP,leave-one-loom-out,399,6.1474,3.70543
S-N + GP,leave-one-loom-out,400,4.5783,3.88748
S-N + GP,leave-one-loom-out,401,4.4295,3.84481
S-N + GP,leave-one-loom-out,402,4.0390,3.73481
S-N + GP,leave-one-loom-out,403,2.2380,3.69388
S-N + GP,leave-one-loom-out,404,2.7905,3.68636
S-N + GP,leave-one-loom-out,405,3.4496,3.63647
S-N + GP,leave-one-loom-out,406,4.4716,3.73197
S-N + GP,leave-one-loom-out,407,3.9006,3.60867
S-N + GP,leave-one-loom-out,408,3.7350,3.61670
S-N + GP,leave-one-loom-out,409,3.6143,3.76296
S-N + GP,leave-one-loom-out,410,4.6006,3.60973
S-N + GP,leave-one-loom-out,411,2.5205,3.71069
S-N + GP,leave-one-loom-out,412,3.6132,3.57942
S-N + GP,leave-one-loom-out,413,3.7882,3.70696
S-N + GP,leave-one-loom-out,414,3.9147,3.58839
S-N + GP,leave-one-loom-out,415,4.1811,3.58317
S-N + GP,leave-one-loom-out,416,5.0422,3.57110
S-N + GP,leave-one-loom-out,417,4.2225,3.58110
S-N + GP,leave-one-loom-out,418,3.3102,3.64517
S-N + GP,leave-one-loom-out,419,5.1634,3.59022
S-N + GP,leave-one-loom-out,420,4.4391,3.56763
S-N + GP,leave-one-loom-out,421,5.0147,3.59663
S-N + GP,leave-one-loom-out,422,5.0371,3.57603
S-N + GP,leave-one-loom-out,423,1.7590,3.59843
S-N + GP,leave-one-loom-out,424,1.4036,3.68378
S-N + GP,leave-one-loom-out,425,6.1009,3.93192
S-N + GP,leave-one-loom-out,426,7.7221,3.89434
S-N + GP,leave-one-loom-out,427,7.2873,3.78156
S-N + GP,leave-one-loom-out,428,5.9995,3.73488
S-N + GP,leave-one-loom-out,429,3.8111,3.72673
S-N + GP,leave-one-loom-out,430,3.4362,3.67490
S-N + GP,leave-one-loom-out,431,4.2910,3.77064
S-N + GP,leave-one-loom-out,432,3.1280,3.64684
S-N + GP,leave-one-loom-out,433,6.6816,3.65528
S-N + GP,leave-one-loom-out,434,4.9317,3.80698
S-N + GP,leave-one-loom-out,435,3.5487,3.64727
S-N + GP,leave-one-loom-out,436,4.5455,3.75325
S-N + GP,leave-one-loom-out,437,3.5361,3.61371
S-N + GP,leave-one-loom-out,438,4.8254,3.74905
S-N + GP,leave-one-loom-out,439,3.3188,3.62573
S-N + GP,leave-one-loom-out,440,3.8121,3.61970
S-N + GP,leave-one-loom-out,441,4.0949,3.60446
S-N + GP,leave-one-loom-out,442,6.2566,3.61734
S-N + GP,leave-one-loom-out,443,3.5859,3.68512
S-N + GP,leave-one-loom-out,444,3.2073,3.62515
S-N + GP,leave-one-loom-out,445,9.4255,3.60116
S-N + GP,leave-one-loom-out,446,4.6872,3.63429
S-N + GP,leave-one-loom-out,447,2.9030,3.61098
S-N + GP,leave-one-loom-out,448,6.5050,3.63201
S-N + GP,leave-one-loom-out,449,7.7145,3.72361
S-N + GP,leave-one-loom-out,450,2.9960,4.38476
S-N + GP,leave-one-loom-out,451,5.4807,4.34947
S-N + GP,leave-one-loom-out,452,5.2379,4.22796
S-N + GP,leave-one-loom-out,453,1.1562,4.17127
S-N + GP,leave-one-loom-out,454,2.0482,4.16233
S-N + GP,leave-one-loom-out,455,2.5669,4.10774
S-N + GP,leave-one-loom-out,456,3.7220,4.20362
S-N + GP,leave-one-loom-out,457,3.4497,4.07956
S-N + GP,leave-one-loom-out,458,5.7762,4.08721
S-N + GP,leave-one-loom-out,459,5.8223,4.24980
S-N + GP,leave-one-loom-out,460,3.7628,4.07718
S-N + GP,leave-one-loom-out,461,3.6575,4.19163
S-N + GP,leave-one-loom-out,462,4.3369,4.03962
S-N + GP,leave-one-loom-out,463,9.9204,4.18774
S-N + GP,leave-one-loom-out,464,4.2945,4.05664
S-N + GP,leave-one-loom-out,465,4.9311,4.04881
S-N + GP,leave-one-loom-out,466,5.8973,4.02954
S-N + GP,leave-one-loom-out,467,5.2589,4.04643
S-N + GP,leave-one-loom-out,468,4.0798,4.11970
S-N + GP,leave-one-loom-out,469,4.5934,4.05097
S-N + GP,leave-one-loom-out,470,2.5189,4.02588
S-N + GP,leave-one-loom-out,471,7.0820,4.06593
S-N + GP,leave-one-loom-out,472,4.5911,4.03838
S-N + GP,leave-one-loom-out,473,3.6409,4.05667
S-N + GP,leave-one-loom-out,474,2.9679,4.15623
S-N + GP,leave-one-loom-out,475,2.9068,4.46016
S-N + GP,leave-one-loom-out,476,4.2169,4.43031
S-N + GP,leave-one-loom-out,477,4.8504,4.33109
S-N + GP,leave-one-loom-out,478,3.7437,4.28658
S-N + GP,leave-one-loom-out,479,2.4991,4.27929
S-N + GP,leave-one-loom-out,480,1.7995,4.23445
S-N + GP,leave-one-loom-out,481,2.9357,4.31454
S-N + GP,leave-one-loom-out,482,2.4700,4.21093
S-N + GP,leave-one-loom-out,483,2.5757,4.21774
S-N + GP,leave-one-loom-out,484,1.7445,4.35041
S-N + GP,leave-one-loom-out,485,1.9650,4.20998
S-N + GP,leave-one-loom-out,486,2.5880,4.30300
S-N + GP,leave-one-loom-out,487,1.6510,4.17976
S-N + GP,leave-one-loom-out,488,1.2991,4.29963
S-N + GP,leave-one-loom-out,489,1.9540,4.19242
S-N + GP,leave-one-loom-out,490,2.3844,4.18648
S-N + GP,leave-one-loom-out,491,1.5721,4.17149
S-N + GP,leave-one-loom-out,492,1.5062,4.18447
S-N + GP,leave-one-loom-out,493,2.2511,4.24396
S-N + GP,leave-one-loom-out,494,2.7800,4.18945
S-N + GP,leave-one-loom-out,495,8.4645,4.16864
S-N + GP,leave-one-loom-out,496,0.9642,4.19997
S-N + GP,leave-one-loom-out,497,1.3836,4.17823
S-N + GP,leave-one-loom-out,498,3.6157,4.19433
S-N + GP,leave-one-loom-out,499,4.8009,4.27532
S-N + GP,leave-one-loom-out,500,8.7705,2.17182
S-N + GP,leave-one-loom-out,501,9.2929,2.16715
S-N + GP,leave-one-loom-out,502,12.5024,2.14939
S-N + GP,leave-one-loom-out,503,5.7051,2.15152
S-N + GP,leave-one-loom-out,504,5.8550,2.12848
S-N + GP,leave-one-loom-out,505,6.5724,2.08009
S-N + GP,leave-one-loom-out,506,9.1134,2.13971
S-N + GP,leave-one-loom-out,507,6.8333,2.00621
S-N + GP,leave-one-loom-out,508,11.6445,2.13146
S-N + GP,leave-one-loom-out,509,10.4135,2.16217
S-N + GP,leave-one-loom-out,510,10.5265,2.09741
S-N + GP,leave-one-loom-out,511,7.5725,2.13539
S-N + GP,leave-one-loom-out,512,6.4764,2.10072
S-N + GP,leave-one-loom-out,513,13.7949,2.15054
S-N + GP,leave-one-loom-out,514,10.3935,1.96410
S-N + GP,leave-one-loom-out,515,9.6672,1.99631
S-N + GP,leave-one-loom-out,516,6.8564,2.05499
S-N + GP,leave-one-loom-out,517,8.6135,2.01179
S-N + GP,leave-one-loom-out,518,6.8218,2.10515
S-N + GP,leave-one-loom-out,519,9.1501,2.11857
S-N + GP,leave-one-loom-out,520,6.6403,2.11017
S-N + GP,leave-one-loom-out,521,11.5529,2.09049
S-N + GP,leave-one-loom-out,522,12.5435,2.03195
S-N + GP,leave-one-loom-out,523,6.1637,2.14299
S-N + GP,leave-one-loom-out,524,5.8368,2.15179
S-N + GP,leave-one-loom-out,525,1.6995,3.16010
S-N + GP,leave-one-loom-out,526,0.9798,3.14683
S-N + GP,leave-one-loom-out,527,7.8604,3.09933
S-N + GP,leave-one-loom-out,528,2.1197,3.10364
S-N + GP,leave-one-loom-out,529,1.3260,3.05415
S-N + GP,leave-one-loom-out,530,5.3514,2.96498
S-N + GP,leave-one-loom-out,531,1.8863,3.07093
S-N + GP,leave-one-loom-out,532,7.0056,2.85820
S-N + GP,leave-one-loom-out,533,7.2138,3.05415
S-N + GP,leave-one-loom-out,534,0.5763,3.13225
S-N + GP,leave-one-loom-out,535,1.6280,2.99967
S-N + GP,leave-one-loom-out,536,1.2019,3.06832
S-N + GP,leave-one-loom-out,537,1.0646,2.98180
S-N + GP,leave-one-loom-out,538,0.7911,3.10128
S-N + GP,leave-one-loom-out,539,3.4207,2.82245
S-N + GP,leave-one-loom-out,540,1.3388,2.85795
S-N + GP,leave-one-loom-out,541,5.0810,2.93112
S-N + GP,leave-one-loom-out,542,1.5150,2.85867
S-N + GP,leave-one-loom-out,543,0.7871,3.00885
S-N + GP,leave-one-loom-out,544,1.0710,3.02435
S-N + GP,leave-one-loom-out,545,0.5053,3.01161
S-N + GP,leave-one-loom-out,546,0.5743,2.97215
S-N + GP,leave-one-loom-out,547,2.8574,2.90198
S-N + GP,leave-one-loom-out,548,0.8362,3.08017
S-N + GP,leave-one-loom-out,549,1.1512,3.10436
S-N + GP,leave-one-loom-out,550,2.0318,2.20259
S-N + GP,leave-one-loom-out,551,1.4370,2.19629
S-N + GP,leave-one-loom-out,552,8.8390,2.17249
S-N + GP,leave-one-loom-out,553,2.5943,2.17519
S-N + GP,leave-one-loom-out,554,1.7099,2.14547
S-N + GP,leave-one-loom-out,555,3.1592,2.08556
S-N + GP,leave-one-loom-out,556,1.7419,2.15912
S-N + GP,leave-one-loom-out,557,6.8307,1.99766
S-N + GP,leave-one-loom-out,558,6.7841,2.14857
S-N + GP,leave-one-loom-out,559,1.2891,2.18950
S-N + GP,leave-one-loom-out,560,1.1090,2.10747
S-N + GP,leave-one-loom-out,561,1.2839,2.15428
S-N + GP,leave-one-loom-out,562,0.6864,2.10839
S-N + GP,leave-one-loom-out,563,0.4621,2.17388
S-N + GP,leave-one-loom-out,564,4.7122,1.95237
S-N + GP,leave-one-loom-out,565,1.3386,1.98777
S-N + GP,leave-one-loom-out,566,5.2147,2.05576
S-N + GP,leave-one-loom-out,567,1.6674,2.00287
S-N + GP,leave-one-loom-out,568,1.5664,2.11568
S-N + GP,leave-one-loom-out,569,1.3486,2.13165
S-N + GP,leave-one-loom-out,570,1.1337,2.12149
S-N + GP,leave-one-loom-out,571,0.6099,2.09651
S-N + GP,leave-one-loom-out,572,4.1408,2.02896
S-N + GP,leave-one-loom-out,573,0.4271,2.16364
S-N + GP,leave-one-loom-out,574,2.0484,2.17558
S-N + GP,leave-one-loom-out,575,1.2730,2.20401
S-N + GP,leave-one-loom-out,576,2.0269,2.19999
S-N + GP,leave-one-loom-out,577,8.2170,2.18428
S-N + GP,leave-one-loom-out,578,3.5036,2.18630
S-N + GP,leave-one-loom-out,579,2.9645,2.16536
S-N + GP,leave-one-loom-out,580,4.4327,2.12282
S-N + GP,leave-one-loom-out,581,3.3298,2.17587
S-N + GP,leave-one-loom-out,582,3.8507,2.05774
S-N + GP,leave-one-loom-out,583,9.8799,2.16817
S-N + GP,leave-one-loom-out,584,4.9165,2.19571
S-N + GP,leave-one-loom-out,585,4.7875,2.13820
S-N + GP,leave-one-loom-out,586,2.9229,2.17158
S-N + GP,leave-one-loom-out,587,1.6392,2.14100
S-N + GP,leave-one-loom-out,588,4.6027,2.18543
S-N + GP,leave-one-loom-out,589,6.0048,2.02140
S-N + GP,leave-one-loom-out,590,3.6653,2.04917
S-N + GP,leave-one-loom-out,591,2.8542,2.10046
S-N + GP,leave-one-loom-out,592,2.7694,2.06266
S-N + GP,leave-one-loom-out,593,2.8641,2.14369
S-N + GP,leave-one-loom-out,594,4.3081,2.15653
S-N + GP,leave-one-loom-out,595,1.6058,2.14895
S-N + GP,leave-one-loom-out,596,3.9799,2.13133
S-N + GP,leave-one-loom-out,597,5.8943,2.08048
S-N + GP,leave-one-loom-out,598,1.9967,2.17875
S-N + GP,leave-one-loom-out,599,2.4834,2.18652
S-N + GP,leave-one-loom-out,600,2.8504,2.85678
S-N + GP,leave-one-loom-out,601,4.3720,2.85316
S-N + GP,leave-one-loom-out,602,10.2480,2.83905
S-N + GP,leave-one-loom-out,603,1.5046,2.84087
S-N + GP,leave-one-loom-out,604,1.6367,2.82197
S-N + GP,leave-one-loom-out,605,3.7468,2.78375
S-N + GP,leave-one-loom-out,606,2.3359,2.83153
S-N + GP,leave-one-loom-out,607,3.6081,2.72623
S-N + GP,leave-one-loom-out,608,6.6437,2.82457
S-N + GP,leave-one-loom-out,609,7.1281,2.84932
S-N + GP,leave-one-loom-out,610,2.3890,2.79751
S-N + GP,leave-one-loom-out,611,1.3402,2.82757
S-N + GP,leave-one-loom-out,612,1.0203,2.80022
S-N + GP,leave-one-loom-out,613,7.6467,2.84008
S-N + GP,leave-one-loom-out,614,5.9890,2.69635
S-N + GP,leave-one-loom-out,615,3.7369,2.71856
S-N + GP,leave-one-loom-out,616,1.0827,2.76360
S-N + GP,leave-one-loom-out,617,2.1202,2.72987
S-N + GP,leave-one-loom-out,618,1.2274,2.80240
S-N + GP,leave-one-loom-out,619,3.3282,2.81412
S-N + GP,leave-one-loom-out,620,1.7881,2.80724
S-N + GP,leave-one-loom-out,621,4.7922,2.79142
S-N + GP,leave-one-loom-out,622,5.5633,2.74570
S-N + GP,leave-one-loom-out,623,1.3651,2.83410
S-N + GP,leave-one-loom-out,624,1.4738,2.84107
