model,fold,row,de00
เฉลี่ย L*a*b*,01,0,5.9248
เฉลี่ย L*a*b*,01,1,1.3448
เฉลี่ย L*a*b*,01,2,4.1337
เฉลี่ย L*a*b*,01,3,9.3883
เฉลี่ย L*a*b*,01,4,7.8798
เฉลี่ย L*a*b*,01,5,8.6272
เฉลี่ย L*a*b*,01,6,9.6528
เฉลี่ย L*a*b*,01,7,7.5402
เฉลี่ย L*a*b*,01,8,5.9145
เฉลี่ย L*a*b*,01,9,4.2967
เฉลี่ย L*a*b*,01,10,8.5016
เฉลี่ย L*a*b*,01,11,10.5943
เฉลี่ย L*a*b*,01,12,9.0810
เฉลี่ย L*a*b*,01,13,7.0689
เฉลี่ย L*a*b*,01,14,9.5958
เฉลี่ย L*a*b*,01,15,8.1665
เฉลี่ย L*a*b*,01,16,7.3054
เฉลี่ย L*a*b*,01,17,6.7286
เฉลี่ย L*a*b*,01,18,9.9891
เฉลี่ย L*a*b*,01,19,12.1197
เฉลี่ย L*a*b*,01,20,12.9551
เฉลี่ย L*a*b*,01,21,5.6940
เฉลี่ย L*a*b*,01,22,6.3278
เฉลี่ย L*a*b*,01,23,8.9979
เฉลี่ย L*a*b*,01,24,7.4894
เฉลี่ย L*a*b*,01,25,1.5123
เฉลี่ย L*a*b*,01,50,4.3659
เฉลี่ย L*a*b*,01,75,7.3959
เฉลี่ย L*a*b*,01,100,6.0875
เฉลี่ย L*a*b*,01,125,7.0885
เฉลี่ย L*a*b*,01,150,10.5271
เฉลี่ย L*a*b*,01,175,7.8579
เฉลี่ย L*a*b*,01,200,6.9741
เฉลี่ย L*a*b*,01,225,3.9260
เฉลี่ย L*a*b*,01,250,7.5907
เฉลี่ย L*a*b*,01,275,10.4424
เฉลี่ย L*a*b*,01,300,9.0191
เฉลี่ย L*a*b*,01,325,6.5715
เฉลี่ย L*a*b*,01,350,9.5866
เฉลี่ย L*a*b*,01,375,6.1338
เฉลี่ย L*a*b*,01,400,6.3954
เฉลี่ย L*a*b*,01,425,3.7812
เฉลี่ย L*a*b*,01,450,8.9024
เฉลี่ย L*a*b*,01,475,8.6978
เฉลี่ย L*a*b*,01,500,13.8541
เฉลี่ย L*a*b*,01,525,5.7593
เฉลี่ย L*a*b*,01,550,6.6852
เฉลี่ย L*a*b*,01,575,9.4999
เฉลี่ย L*a*b*,01,600,8.2771
เฉลี่ย L*a*b*,02,1,1.3448
เฉลี่ย L*a*b*,02,25,1.5123
เฉลี่ย L*a*b*,02,26,3.0293
เฉลี่ย L*a*b*,02,27,1.3289
เฉลี่ย L*a*b*,02,28,5.4902
เฉลี่ย L*a*b*,02,29,4.9786
เฉลี่ย L*a*b*,02,30,7.4085
เฉลี่ย L*a*b*,02,31,14.4136
เฉลี่ย L*a*b*,02,32,9.6777
เฉลี่ย L*a*b*,02,33,1.3880
เฉลี่ย L*a*b*,02,34,5.3770
เฉลี่ย L*a*b*,02,35,7.3711
เฉลี่ย L*a*b*,02,36,3.6929
เฉลี่ย L*a*b*,02,37,5.4206
เฉลี่ย L*a*b*,02,38,7.1010
เฉลี่ย L*a*b*,02,39,8.6829
เฉลี่ย L*a*b*,02,40,6.8423
เฉลี่ย L*a*b*,02,41,4.9064
เฉลี่ย L*a*b*,02,42,7.3773
เฉลี่ย L*a*b*,02,43,2.7998
เฉลี่ย L*a*b*,02,44,7.7800
เฉลี่ย L*a*b*,02,45,7.1889
เฉลี่ย L*a*b*,02,46,5.1477
เฉลี่ย L*a*b*,02,47,5.0221
เฉลี่ย L*a*b*,02,48,3.4352
เฉลี่ย L*a*b*,02,49,2.4633
เฉลี่ย L*a*b*,02,51,2.1102
เฉลี่ย L*a*b*,02,76,2.6152
เฉลี่ย L*a*b*,02,101,4.5623
เฉลี่ย L*a*b*,02,126,8.6139
เฉลี่ย L*a*b*,02,151,15.3006
เฉลี่ย L*a*b*,02,176,9.4962
เฉลี่ย L*a*b*,02,201,1.5083
เฉลี่ย L*a*b*,02,226,5.2508
เฉลี่ย L*a*b*,02,251,5.6160
เฉลี่ย L*a*b*,02,276,3.3271
เฉลี่ย L*a*b*,02,301,5.2356
เฉลี่ย L*a*b*,02,326,6.0915
เฉลี่ย L*a*b*,02,351,8.3548
เฉลี่ย L*a*b*,02,376,6.8253
เฉลี่ย L*a*b*,02,401,4.7463
เฉลี่ย L*a*b*,02,426,9.0940
เฉลี่ย L*a*b*,02,451,3.2586
เฉลี่ย L*a*b*,02,476,5.4562
เฉลี่ย L*a*b*,02,501,7.6691
เฉลี่ย L*a*b*,02,526,4.7116
เฉลี่ย L*a*b*,02,551,4.9665
เฉลี่ย L*a*b*,02,576,3.4137
เฉลี่ย L*a*b*,02,601,3.7119
เฉลี่ย L*a*b*,03,2,4.1337
เฉลี่ย L*a*b*,03,27,1.3289
เฉลี่ย L*a*b*,03,50,4.3659
เฉลี่ย L*a*b*,03,51,2.1102
เฉลี่ย L*a*b*,03,52,1.9702
เฉลี่ย L*a*b*,03,53,6.3155
เฉลี่ย L*a*b*,03,54,4.7331
เฉลี่ย L*a*b*,03,55,5.7087
เฉลี่ย L*a*b*,03,56,11.1936
เฉลี่ย L*a*b*,03,57,5.9726
เฉลี่ย L*a*b*,03,58,1.9931
เฉลี่ย L*a*b*,03,59,3.4036
เฉลี่ย L*a*b*,03,60,4.8091
เฉลี่ย L*a*b*,03,61,1.6833
เฉลี่ย L*a*b*,03,62,3.3431
เฉลี่ย L*a*b*,03,63,6.0906
เฉลี่ย L*a*b*,03,64,5.4717
เฉลี่ย L*a*b*,03,65,4.6199
เฉลี่ย L*a*b*,03,66,3.2770
เฉลี่ย L*a*b*,03,67,5.4345
เฉลี่ย L*a*b*,03,68,1.5607
เฉลี่ย L*a*b*,03,69,5.5031
เฉลี่ย L*a*b*,03,70,8.9822
เฉลี่ย L*a*b*,03,71,3.4399
เฉลี่ย L*a*b*,03,72,2.8960
เฉลี่ย L*a*b*,03,73,3.9528
เฉลี่ย L*a*b*,03,74,3.5984
เฉลี่ย L*a*b*,03,77,3.0423
เฉลี่ย L*a*b*,03,102,3.8422
เฉลี่ย L*a*b*,03,127,5.8133
เฉลี่ย L*a*b*,03,152,12.3870
เฉลี่ย L*a*b*,03,177,6.3948
เฉลี่ย L*a*b*,03,202,1.6002
เฉลี่ย L*a*b*,03,227,4.8242
เฉลี่ย L*a*b*,03,252,4.1060
เฉลี่ย L*a*b*,03,277,2.0445
เฉลี่ย L*a*b*,03,302,3.6042
เฉลี่ย L*a*b*,03,327,4.5789
เฉลี่ย L*a*b*,03,352,5.4393
เฉลี่ย L*a*b*,03,377,5.1979
เฉลี่ย L*a*b*,03,402,3.5300
เฉลี่ย L*a*b*,03,427,7.9395
เฉลี่ย L*a*b*,03,452,3.6450
เฉลี่ย L*a*b*,03,477,2.5594
เฉลี่ย L*a*b*,03,502,11.0634
เฉลี่ย L*a*b*,03,527,7.0752
เฉลี่ย L*a*b*,03,552,7.5241
เฉลี่ย L*a*b*,03,577,10.1072
เฉลี่ย L*a*b*,03,602,9.4671
เฉลี่ย L*a*b*,05,3,9.3883
เฉลี่ย L*a*b*,05,28,5.4902
เฉลี่ย L*a*b*,05,53,6.3155
เฉลี่ย L*a*b*,05,75,7.3959
เฉลี่ย L*a*b*,05,76,2.6152
เฉลี่ย L*a*b*,05,77,3.0423
เฉลี่ย L*a*b*,05,78,4.5458
เฉลี่ย L*a*b*,05,79,4.4601
เฉลี่ย L*a*b*,05,80,4.7704
เฉลี่ย L*a*b*,05,81,7.1478
เฉลี่ย L*a*b*,05,82,4.4497
เฉลี่ย L*a*b*,05,83,4.3727
เฉลี่ย L*a*b*,05,84,4.0069
เฉลี่ย L*a*b*,05,85,4.8796
เฉลี่ย L*a*b*,05,86,3.4822
เฉลี่ย L*a*b*,05,87,4.3901
เฉลี่ย L*a*b*,05,88,5.1587
เฉลี่ย L*a*b*,05,89,3.7041
เฉลี่ย L*a*b*,05,90,4.7541
เฉลี่ย L*a*b*,05,91,4.7730
เฉลี่ย L*a*b*,05,92,4.2336
เฉลี่ย L*a*b*,05,93,4.0979
เฉลี่ย L*a*b*,05,94,5.4015
เฉลี่ย L*a*b*,05,95,10.2030
เฉลี่ย L*a*b*,05,96,5.0102
เฉลี่ย L*a*b*,05,97,5.4131
เฉลี่ย L*a*b*,05,98,4.7588
เฉลี่ย L*a*b*,05,99,4.1056
เฉลี่ย L*a*b*,05,103,4.4547
เฉลี่ย L*a*b*,05,128,4.8872
เฉลี่ย L*a*b*,05,153,8.4649
เฉลี่ย L*a*b*,05,178,5.2333
เฉลี่ย L*a*b*,05,203,3.6815
เฉลี่ย L*a*b*,05,228,5.1216
เฉลี่ย L*a*b*,05,253,5.8737
เฉลี่ย L*a*b*,05,278,4.2349
เฉลี่ย L*a*b*,05,303,5.1114
เฉลี่ย L*a*b*,05,328,7.2565
เฉลี่ย L*a*b*,05,353,3.8497
เฉลี่ย L*a*b*,05,378,6.4132
เฉลี่ย L*a*b*,05,403,7.7562
เฉลี่ย L*a*b*,05,428,6.0220
เฉลี่ย L*a*b*,05,453,6.3799
เฉลี่ย L*a*b*,05,478,6.4553
เฉลี่ย L*a*b*,05,503,10.2105
เฉลี่ย L*a*b*,05,528,5.2194
เฉลี่ย L*a*b*,05,553,5.6390
เฉลี่ย L*a*b*,05,578,5.1904
เฉลี่ย L*a*b*,05,603,4.0271
เฉลี่ย L*a*b*,07,4,7.8798
เฉลี่ย L*a*b*,07,29,4.9786
เฉลี่ย L*a*b*,07,54,4.7331
เฉลี่ย L*a*b*,07,79,4.4601
เฉลี่ย L*a*b*,07,100,6.0875
เฉลี่ย L*a*b*,07,101,4.5623
เฉลี่ย L*a*b*,07,102,3.8422
เฉลี่ย L*a*b*,07,103,4.4547
เฉลี่ย L*a*b*,07,104,3.7288
เฉลี่ย L*a*b*,07,105,3.7658
เฉลี่ย L*a*b*,07,106,6.3082
เฉลี่ย L*a*b*,07,107,3.7029
เฉลี่ย L*a*b*,07,108,3.2508
เฉลี่ย L*a*b*,07,109,4.8785
เฉลี่ย L*a*b*,07,110,3.7557
เฉลี่ย L*a*b*,07,111,3.0525
เฉลี่ย L*a*b*,07,112,3.0928
เฉลี่ย L*a*b*,07,113,4.7004
เฉลี่ย L*a*b*,07,114,2.8398
เฉลี่ย L*a*b*,07,115,3.8832
เฉลี่ย L*a*b*,07,116,3.3030
เฉลี่ย L*a*b*,07,117,2.6956
เฉลี่ย L*a*b*,07,118,3.1805
เฉลี่ย L*a*b*,07,119,4.3717
เฉลี่ย L*a*b*,07,120,8.6150
เฉลี่ย L*a*b*,07,121,3.3432
เฉลี่ย L*a*b*,07,122,3.8799
เฉลี่ย L*a*b*,07,123,4.6391
เฉลี่ย L*a*b*,07,124,4.1740
เฉลี่ย L*a*b*,07,129,3.7064
เฉลี่ย L*a*b*,07,154,6.7472
เฉลี่ย L*a*b*,07,179,3.9444
เฉลี่ย L*a*b*,07,204,3.4783
เฉลี่ย L*a*b*,07,229,7.9009
เฉลี่ย L*a*b*,07,254,4.8778
เฉลี่ย L*a*b*,07,279,3.5537
เฉลี่ย L*a*b*,07,304,3.7962
เฉลี่ย L*a*b*,07,329,4.3709
เฉลี่ย L*a*b*,07,354,3.0739
เฉลี่ย L*a*b*,07,379,4.7225
เฉลี่ย L*a*b*,07,404,5.3556
เฉลี่ย L*a*b*,07,429,3.8754
เฉลี่ย L*a*b*,07,454,4.5068
เฉลี่ย L*a*b*,07,479,4.4801
เฉลี่ย L*a*b*,07,504,8.4755
เฉลี่ย L*a*b*,07,529,3.7270
เฉลี่ย L*a*b*,07,554,3.8474
เฉลี่ย L*a*b*,07,579,4.6094
เฉลี่ย L*a*b*,07,604,4.3413
เฉลี่ย L*a*b*,12,5,8.6272
เฉลี่ย L*a*b*,12,30,7.4085
เฉลี่ย L*a*b*,12,55,5.7087
เฉลี่ย L*a*b*,12,80,4.7704
เฉลี่ย L*a*b*,12,105,3.7658
เฉลี่ย L*a*b*,12,125,7.0885
เฉลี่ย L*a*b*,12,126,8.6139
เฉลี่ย L*a*b*,12,127,5.8133
เฉลี่ย L*a*b*,12,128,4.8872
เฉลี่ย L*a*b*,12,129,3.7064
เฉลี่ย L*a*b*,12,130,2.8969
เฉลี่ย L*a*b*,12,131,2.9483
เฉลี่ย L*a*b*,12,132,2.9999
เฉลี่ย L*a*b*,12,133,3.8879
เฉลี่ย L*a*b*,12,134,5.0265
เฉลี่ย L*a*b*,12,135,4.9825
เฉลี่ย L*a*b*,12,136,5.0484
เฉลี่ย L*a*b*,12,137,3.9760
เฉลี่ย L*a*b*,12,138,5.1430
เฉลี่ย L*a*b*,12,139,3.1972
เฉลี่ย L*a*b*,12,140,4.2342
เฉลี่ย L*a*b*,12,141,5.0715
เฉลี่ย L*a*b*,12,142,3.2112
เฉลี่ย L*a*b*,12,143,4.9094
เฉลี่ย L*a*b*,12,144,3.3602
เฉลี่ย L*a*b*,12,145,7.9805
เฉลี่ย L*a*b*,12,146,4.2862
เฉลี่ย L*a*b*,12,147,6.2616
เฉลี่ย L*a*b*,12,148,5.1624
เฉลี่ย L*a*b*,12,149,10.3248
เฉลี่ย L*a*b*,12,155,4.2527
เฉลี่ย L*a*b*,12,180,2.8449
เฉลี่ย L*a*b*,12,205,4.4793
เฉลี่ย L*a*b*,12,230,8.6928
เฉลี่ย L*a*b*,12,255,3.0891
เฉลี่ย L*a*b*,12,280,3.7332
เฉลี่ย L*a*b*,12,305,2.7361
เฉลี่ย L*a*b*,12,330,4.2007
เฉลี่ย L*a*b*,12,355,2.0511
เฉลี่ย L*a*b*,12,380,3.7807
เฉลี่ย L*a*b*,12,405,5.2308
เฉลี่ย L*a*b*,12,430,3.2217
เฉลี่ย L*a*b*,12,455,4.5878
เฉลี่ย L*a*b*,12,480,3.1169
เฉลี่ย L*a*b*,12,505,8.3326
เฉลี่ย L*a*b*,12,530,4.8888
เฉลี่ย L*a*b*,12,555,3.1782
เฉลี่ย L*a*b*,12,580,4.8730
เฉลี่ย L*a*b*,12,605,4.6890
เฉลี่ย L*a*b*,13,6,9.6528
เฉลี่ย L*a*b*,13,31,14.4136
เฉลี่ย L*a*b*,13,56,11.1936
เฉลี่ย L*a*b*,13,81,7.1478
เฉลี่ย L*a*b*,13,106,6.3082
เฉลี่ย L*a*b*,13,131,2.9483
เฉลี่ย L*a*b*,13,150,10.5271
เฉลี่ย L*a*b*,13,151,15.3006
เฉลี่ย L*a*b*,13,152,12.3870
เฉลี่ย L*a*b*,13,153,8.4649
เฉลี่ย L*a*b*,13,154,6.7472
เฉลี่ย L*a*b*,13,155,4.2527
เฉลี่ย L*a*b*,13,156,4.4614
เฉลี่ย L*a*b*,13,157,3.6772
เฉลี่ย L*a*b*,13,158,10.5930
เฉลี่ย L*a*b*,13,159,8.2098
เฉลี่ย L*a*b*,13,160,6.3061
เฉลี่ย L*a*b*,13,161,10.2180
เฉลี่ย L*a*b*,13,162,7.4476
เฉลี่ย L*a*b*,13,163,7.0570
เฉลี่ย L*a*b*,13,164,3.5124
เฉลี่ย L*a*b*,13,165,5.3586
เฉลี่ย L*a*b*,13,166,9.4988
เฉลี่ย L*a*b*,13,167,4.5389
เฉลี่ย L*a*b*,13,168,9.5708
เฉลี่ย L*a*b*,13,169,5.6263
เฉลี่ย L*a*b*,13,170,11.5308
เฉลี่ย L*a*b*,13,171,7.8672
เฉลี่ย L*a*b*,13,172,9.4446
เฉลี่ย L*a*b*,13,173,6.2889
เฉลี่ย L*a*b*,13,174,16.3834
เฉลี่ย L*a*b*,13,181,2.8635
เฉลี่ย L*a*b*,13,206,4.6909
เฉลี่ย L*a*b*,13,231,3.7799
เฉลี่ย L*a*b*,13,256,3.9989
เฉลี่ย L*a*b*,13,281,7.1191
เฉลี่ย L*a*b*,13,306,5.3640
เฉลี่ย L*a*b*,13,331,3.2580
เฉลี่ย L*a*b*,13,356,3.0438
เฉลี่ย L*a*b*,13,381,4.9174
เฉลี่ย L*a*b*,13,406,8.2602
เฉลี่ย L*a*b*,13,431,4.4744
เฉลี่ย L*a*b*,13,456,8.7300
เฉลี่ย L*a*b*,13,481,5.6828
เฉลี่ย L*a*b*,13,506,10.9284
เฉลี่ย L*a*b*,13,531,5.2669
เฉลี่ย L*a*b*,13,556,5.5961
เฉลี่ย L*a*b*,13,581,5.3421
เฉลี่ย L*a*b*,13,606,7.4231
เฉลี่ย L*a*b*,15,7,7.5402
เฉลี่ย L*a*b*,15,32,9.6777
เฉลี่ย L*a*b*,15,57,5.9726
เฉลี่ย L*a*b*,15,82,4.4497
เฉลี่ย L*a*b*,15,107,3.7029
เฉลี่ย L*a*b*,15,132,2.9999
เฉลี่ย L*a*b*,15,157,3.6772
เฉลี่ย L*a*b*,15,175,7.8579
เฉลี่ย L*a*b*,15,176,9.4962
เฉลี่ย L*a*b*,15,177,6.3948
เฉลี่ย L*a*b*,15,178,5.2333
เฉลี่ย L*a*b*,15,179,3.9444
เฉลี่ย L*a*b*,15,180,2.8449
เฉลี่ย L*a*b*,15,181,2.8635
เฉลี่ย L*a*b*,15,182,3.1499
เฉลี่ย L*a*b*,15,183,4.2473
เฉลี่ย L*a*b*,15,184,4.4611
เฉลี่ย L*a*b*,15,185,5.2128
เฉลี่ย L*a*b*,15,186,5.6796
เฉลี่ย L*a*b*,15,187,3.9006
เฉลี่ย L*a*b*,15,188,4.3343
เฉลี่ย L*a*b*,15,189,3.2035
เฉลี่ย L*a*b*,15,190,4.1292
เฉลี่ย L*a*b*,15,191,5.5903
เฉลี่ย L*a*b*,15,192,2.7373
เฉลี่ย L*a*b*,15,193,4.7938
เฉลี่ย L*a*b*,15,194,3.4120
เฉลี่ย L*a*b*,15,195,8.0588
เฉลี่ย L*a*b*,15,196,4.5472
เฉลี่ย L*a*b*,15,197,6.2590
เฉลี่ย L*a*b*,15,198,5.1447
เฉลี่ย L*a*b*,15,199,11.1212
เฉลี่ย L*a*b*,15,207,3.6840
เฉลี่ย L*a*b*,15,232,6.5337
เฉลี่ย L*a*b*,15,257,3.2393
เฉลี่ย L*a*b*,15,282,4.1255
เฉลี่ย L*a*b*,15,307,3.3034
เฉลี่ย L*a*b*,15,332,2.9751
เฉลี่ย L*a*b*,15,357,2.6464
เฉลี่ย L*a*b*,15,382,4.4639
เฉลี่ย L*a*b*,15,407,5.0957
เฉลี่ย L*a*b*,15,432,2.9027
เฉลี่ย L*a*b*,15,457,5.5588
เฉลี่ย L*a*b*,15,482,3.2815
เฉลี่ย L*a*b*,15,507,6.2983
เฉลี่ย L*a*b*,15,532,6.2414
เฉลี่ย L*a*b*,15,557,4.3071
เฉลี่ย L*a*b*,15,582,2.0847
เฉลี่ย L*a*b*,15,607,4.0163
เฉลี่ย L*a*b*,17,8,5.9145
เฉลี่ย L*a*b*,17,33,1.3880
เฉลี่ย L*a*b*,17,58,1.9931
เฉลี่ย L*a*b*,17,83,4.3727
เฉลี่ย L*a*b*,17,108,3.2508
เฉลี่ย L*a*b*,17,133,3.8879
เฉลี่ย L*a*b*,17,158,10.5930
เฉลี่ย L*a*b*,17,183,4.2473
เฉลี่ย L*a*b*,17,200,6.9741
เฉลี่ย L*a*b*,17,201,1.5083
เฉลี่ย L*a*b*,17,202,1.6002
เฉลี่ย L*a*b*,17,203,3.6815
เฉลี่ย L*a*b*,17,204,3.4783
เฉลี่ย L*a*b*,17,205,4.4793
เฉลี่ย L*a*b*,17,206,4.6909
เฉลี่ย L*a*b*,17,207,3.6840
เฉลี่ย L*a*b*,17,208,3.3284
เฉลี่ย L*a*b*,17,209,3.6693
เฉลี่ย L*a*b*,17,210,3.8296
เฉลี่ย L*a*b*,17,211,2.1104
เฉลี่ย L*a*b*,17,212,3.7279
เฉลี่ย L*a*b*,17,213,4.2586
เฉลี่ย L*a*b*,17,214,3.6906
เฉลี่ย L*a*b*,17,215,3.6462
เฉลี่ย L*a*b*,17,216,3.0267
เฉลี่ย L*a*b*,17,217,6.1451
เฉลี่ย L*a*b*,17,218,2.9950
เฉลี่ย L*a*b*,17,219,3.1817
เฉลี่ย L*a*b*,17,220,9.3760
เฉลี่ย L*a*b*,17,221,3.1663
เฉลี่ย L*a*b*,17,222,3.5733
เฉลี่ย L*a*b*,17,223,8.2152
เฉลี่ย L*a*b*,17,224,6.5609
เฉลี่ย L*a*b*,17,233,2.6190
เฉลี่ย L*a*b*,17,258,2.1802
เฉลี่ย L*a*b*,17,283,1.8584
เฉลี่ย L*a*b*,17,308,1.6471
เฉลี่ย L*a*b*,17,333,1.5693
เฉลี่ย L*a*b*,17,358,1.9011
เฉลี่ย L*a*b*,17,383,3.2626
เฉลี่ย L*a*b*,17,408,2.9167
เฉลี่ย L*a*b*,17,433,6.8943
เฉลี่ย L*a*b*,17,458,3.0870
เฉลี่ย L*a*b*,17,483,2.2126
เฉลี่ย L*a*b*,17,508,15.0282
เฉลี่ย L*a*b*,17,533,8.2440
เฉลี่ย L*a*b*,17,558,8.0212
เฉลี่ย L*a*b*,17,583,9.2595
เฉลี่ย L*a*b*,17,608,8.5977
เฉลี่ย L*a*b*,18,9,4.2967
เฉลี่ย L*a*b*,18,34,5.3770
เฉลี่ย L*a*b*,18,59,3.4036
เฉลี่ย L*a*b*,18,84,4.0069
เฉลี่ย L*a*b*,18,109,4.8785
เฉลี่ย L*a*b*,18,134,5.0265
เฉลี่ย L*a*b*,18,159,8.2098
เฉลี่ย L*a*b*,18,184,4.4611
เฉลี่ย L*a*b*,18,209,3.6693
เฉลี่ย L*a*b*,18,225,3.9260
เฉลี่ย L*a*b*,18,226,5.2508
เฉลี่ย L*a*b*,18,227,4.8242
เฉลี่ย L*a*b*,18,228,5.1216
เฉลี่ย L*a*b*,18,229,7.9009
เฉลี่ย L*a*b*,18,230,8.6928
เฉลี่ย L*a*b*,18,231,3.7799
เฉลี่ย L*a*b*,18,232,6.5337
เฉลี่ย L*a*b*,18,233,2.6190
เฉลี่ย L*a*b*,18,234,2.9524
เฉลี่ย L*a*b*,18,235,4.2534
เฉลี่ย L*a*b*,18,236,2.9836
เฉลี่ย L*a*b*,18,237,5.0159
เฉลี่ย L*a*b*,18,238,3.0054
เฉลี่ย L*a*b*,18,239,4.9398
เฉลี่ย L*a*b*,18,240,4.7468
เฉลี่ย L*a*b*,18,241,3.5850
เฉลี่ย L*a*b*,18,242,5.6471
เฉลี่ย L*a*b*,18,243,4.3265
เฉลี่ย L*a*b*,18,244,3.0156
เฉลี่ย L*a*b*,18,245,7.3474
เฉลี่ย L*a*b*,18,246,3.2015
เฉลี่ย L*a*b*,18,247,3.8057
เฉลี่ย L*a*b*,18,248,6.6668
เฉลี่ย L*a*b*,18,249,10.9728
เฉลี่ย L*a*b*,18,259,1.9784
เฉลี่ย L*a*b*,18,284,2.5784
เฉลี่ย L*a*b*,18,309,2.0951
เฉลี่ย L*a*b*,18,334,1.9543
เฉลี่ย L*a*b*,18,359,2.1588
เฉลี่ย L*a*b*,18,384,4.0502
เฉลี่ย L*a*b*,18,409,3.0564
เฉลี่ย L*a*b*,18,434,5.9333
เฉลี่ย L*a*b*,18,459,1.8763
เฉลี่ย L*a*b*,18,484,2.8786
เฉลี่ย L*a*b*,18,509,10.3449
เฉลี่ย L*a*b*,18,534,1.9863
เฉลี่ย L*a*b*,18,559,1.5790
เฉลี่ย L*a*b*,18,584,5.2093
เฉลี่ย L*a*b*,18,609,4.8090
เฉลี่ย L*a*b*,19,10,8.5016
เฉลี่ย L*a*b*,19,35,7.3711
เฉลี่ย L*a*b*,19,60,4.8091
เฉลี่ย L*a*b*,19,85,4.8796
เฉลี่ย L*a*b*,19,110,3.7557
เฉลี่ย L*a*b*,19,135,4.9825
เฉลี่ย L*a*b*,19,160,6.3061
เฉลี่ย L*a*b*,19,185,5.2128
เฉลี่ย L*a*b*,19,210,3.8296
เฉลี่ย L*a*b*,19,235,4.2534
เฉลี่ย L*a*b*,19,250,7.5907
เฉลี่ย L*a*b*,19,251,5.6160
เฉลี่ย L*a*b*,19,252,4.1060
เฉลี่ย L*a*b*,19,253,5.8737
เฉลี่ย L*a*b*,19,254,4.8778
เฉลี่ย L*a*b*,19,255,3.0891
เฉลี่ย L*a*b*,19,256,3.9989
เฉลี่ย L*a*b*,19,257,3.2393
เฉลี่ย L*a*b*,19,258,2.1802
เฉลี่ย L*a*b*,19,259,1.9784
เฉลี่ย L*a*b*,19,260,2.2213
เฉลี่ย L*a*b*,19,261,4.8484
เฉลี่ย L*a*b*,19,262,4.5108
เฉลี่ย L*a*b*,19,263,1.9202
เฉลี่ย L*a*b*,19,264,2.3944
เฉลี่ย L*a*b*,19,265,3.3057
เฉลี่ย L*a*b*,19,266,2.7176
เฉลี่ย L*a*b*,19,267,2.9308
เฉลี่ย L*a*b*,19,268,4.2603
เฉลี่ย L*a*b*,19,269,5.4154
เฉลี่ย L*a*b*,19,270,12.7473
เฉลี่ย L*a*b*,19,271,1.4974
เฉลี่ย L*a*b*,19,272,1.7300
เฉลี่ย L*a*b*,19,273,6.3495
เฉลี่ย L*a*b*,19,274,5.6563
เฉลี่ย L*a*b*,19,285,4.9324
เฉลี่ย L*a*b*,19,310,4.6652
เฉลี่ย L*a*b*,19,335,2.0469
เฉลี่ย L*a*b*,19,360,2.9281
เฉลี่ย L*a*b*,19,385,2.6163
เฉลี่ย L*a*b*,19,410,2.6169
เฉลี่ย L*a*b*,19,435,2.8584
เฉลี่ย L*a*b*,19,460,4.6908
เฉลี่ย L*a*b*,19,485,5.0743
เฉลี่ย L*a*b*,19,510,14.3134
เฉลี่ย L*a*b*,19,535,2.8606
เฉลี่ย L*a*b*,19,560,2.3642
เฉลี่ย L*a*b*,19,585,7.9818
เฉลี่ย L*a*b*,19,610,5.3690
เฉลี่ย L*a*b*,20,11,10.5943
เฉลี่ย L*a*b*,20,36,3.6929
เฉลี่ย L*a*b*,20,61,1.6833
เฉลี่ย L*a*b*,20,86,3.4822
เฉลี่ย L*a*b*,20,111,3.0525
เฉลี่ย L*a*b*,20,136,5.0484
เฉลี่ย L*a*b*,20,161,10.2180
เฉลี่ย L*a*b*,20,186,5.6796
เฉลี่ย L*a*b*,20,211,2.1104
เฉลี่ย L*a*b*,20,236,2.9836
เฉลี่ย L*a*b*,20,261,4.8484
เฉลี่ย L*a*b*,20,275,10.4424
เฉลี่ย L*a*b*,20,276,3.3271
เฉลี่ย L*a*b*,20,277,2.0445
เฉลี่ย L*a*b*,20,278,4.2349
เฉลี่ย L*a*b*,20,279,3.5537
เฉลี่ย L*a*b*,20,280,3.7332
เฉลี่ย L*a*b*,20,281,7.1191
เฉลี่ย L*a*b*,20,282,4.1255
เฉลี่ย L*a*b*,20,283,1.8584
เฉลี่ย L*a*b*,20,284,2.5784
เฉลี่ย L*a*b*,20,285,4.9324
เฉลี่ย L*a*b*,20,286,1.6869
เฉลี่ย L*a*b*,20,287,2.1783
เฉลี่ย L*a*b*,20,288,5.9298
เฉลี่ย L*a*b*,20,289,2.8220
เฉลี่ย L*a*b*,20,290,4.5471
เฉลี่ย L*a*b*,20,291,2.5349
เฉลี่ย L*a*b*,20,292,1.8658
เฉลี่ย L*a*b*,20,293,1.7024
เฉลี่ย L*a*b*,20,294,5.7801
เฉลี่ย L*a*b*,20,295,9.3060
เฉลี่ย L*a*b*,20,296,3.2409
เฉลี่ย L*a*b*,20,297,3.5504
เฉลี่ย L*a*b*,20,298,4.5868
เฉลี่ย L*a*b*,20,299,3.7410
เฉลี่ย L*a*b*,20,311,2.4963
เฉลี่ย L*a*b*,20,336,4.6609
เฉลี่ย L*a*b*,20,361,3.6679
เฉลี่ย L*a*b*,20,386,3.3657
เฉลี่ย L*a*b*,20,411,2.9371
เฉลี่ย L*a*b*,20,436,2.5365
เฉลี่ย L*a*b*,20,461,1.9792
เฉลี่ย L*a*b*,20,486,5.2830
เฉลี่ย L*a*b*,20,511,9.6132
เฉลี่ย L*a*b*,20,536,2.0101
เฉลี่ย L*a*b*,20,561,2.6787
เฉลี่ย L*a*b*,20,586,4.8980
เฉลี่ย L*a*b*,20,611,4.1587
เฉลี่ย L*a*b*,21,12,9.0810
เฉลี่ย L*a*b*,21,37,5.4206
เฉลี่ย L*a*b*,21,62,3.3431
เฉลี่ย L*a*b*,21,87,4.3901
เฉลี่ย L*a*b*,21,112,3.0928
เฉลี่ย L*a*b*,21,137,3.9760
เฉลี่ย L*a*b*,21,162,7.4476
เฉลี่ย L*a*b*,21,187,3.9006
เฉลี่ย L*a*b*,21,212,3.7279
เฉลี่ย L*a*b*,21,237,5.0159
เฉลี่ย L*a*b*,21,262,4.5108
เฉลี่ย L*a*b*,21,287,2.1783
เฉลี่ย L*a*b*,21,300,9.0191
เฉลี่ย L*a*b*,21,301,5.2356
เฉลี่ย L*a*b*,21,302,3.6042
เฉลี่ย L*a*b*,21,303,5.1114
เฉลี่ย L*a*b*,21,304,3.7962
เฉลี่ย L*a*b*,21,305,2.7361
เฉลี่ย L*a*b*,21,306,5.3640
เฉลี่ย L*a*b*,21,307,3.3034
เฉลี่ย L*a*b*,21,308,1.6471
เฉลี่ย L*a*b*,21,309,2.0951
เฉลี่ย L*a*b*,21,310,4.6652
เฉลี่ย L*a*b*,21,311,2.4963
เฉลี่ย L*a*b*,21,312,2.7454
เฉลี่ย L*a*b*,21,313,2.4612
เฉลี่ย L*a*b*,21,314,2.4258
เฉลี่ย L*a*b*,21,315,3.3734
เฉลี่ย L*a*b*,21,316,2.2146
เฉลี่ย L*a*b*,21,317,2.6458
เฉลี่ย L*a*b*,21,318,2.6625
เฉลี่ย L*a*b*,21,319,4.5972
เฉลี่ย L*a*b*,21,320,9.4098
เฉลี่ย L*a*b*,21,321,1.9383
เฉลี่ย L*a*b*,21,322,2.4378
เฉลี่ย L*a*b*,21,323,4.0292
เฉลี่ย L*a*b*,21,324,4.8490
เฉลี่ย L*a*b*,21,337,2.3490
เฉลี่ย L*a*b*,21,362,2.2176
เฉลี่ย L*a*b*,21,387,2.9590
เฉลี่ย L*a*b*,21,412,2.1503
เฉลี่ย L*a*b*,21,437,3.0928
เฉลี่ย L*a*b*,21,462,2.5086
เฉลี่ย L*a*b*,21,487,4.2894
เฉลี่ย L*a*b*,21,512,8.8029
เฉลี่ย L*a*b*,21,537,1.5722
เฉลี่ย L*a*b*,21,562,1.7065
เฉลี่ย L*a*b*,21,587,3.9948
เฉลี่ย L*a*b*,21,612,4.2668
เฉลี่ย L*a*b*,22,13,7.0689
เฉลี่ย L*a*b*,22,38,7.1010
เฉลี่ย L*a*b*,22,63,6.0906
เฉลี่ย L*a*b*,22,88,5.1587
เฉลี่ย L*a*b*,22,113,4.7004
เฉลี่ย L*a*b*,22,138,5.1430
เฉลี่ย L*a*b*,22,163,7.0570
เฉลี่ย L*a*b*,22,188,4.3343
เฉลี่ย L*a*b*,22,213,4.2586
เฉลี่ย L*a*b*,22,238,3.0054
เฉลี่ย L*a*b*,22,263,1.9202
เฉลี่ย L*a*b*,22,288,5.9298
เฉลี่ย L*a*b*,22,313,2.4612
เฉลี่ย L*a*b*,22,325,6.5715
เฉลี่ย L*a*b*,22,326,6.0915
เฉลี่ย L*a*b*,22,327,4.5789
เฉลี่ย L*a*b*,22,328,7.2565
เฉลี่ย L*a*b*,22,329,4.3709
เฉลี่ย L*a*b*,22,330,4.2007
เฉลี่ย L*a*b*,22,331,3.2580
เฉลี่ย L*a*b*,22,332,2.9751
เฉลี่ย L*a*b*,22,333,1.5693
เฉลี่ย L*a*b*,22,334,1.9543
เฉลี่ย L*a*b*,22,335,2.0469
เฉลี่ย L*a*b*,22,336,4.6609
เฉลี่ย L*a*b*,22,337,2.3490
เฉลี่ย L*a*b*,22,338,1.5828
เฉลี่ย L*a*b*,22,339,1.0505
เฉลี่ย L*a*b*,22,340,1.6850
เฉลี่ย L*a*b*,22,341,1.4886
เฉลี่ย L*a*b*,22,342,2.7599
เฉลี่ย L*a*b*,22,343,2.7671
เฉลี่ย L*a*b*,22,344,2.8889
เฉลี่ย L*a*b*,22,345,10.4306
เฉลี่ย L*a*b*,22,346,1.6308
เฉลี่ย L*a*b*,22,347,1.6656
เฉลี่ย L*a*b*,22,348,4.0913
เฉลี่ย L*a*b*,22,349,5.4578
เฉลี่ย L*a*b*,22,363,1.0047
เฉลี่ย L*a*b*,22,388,2.9473
เฉลี่ย L*a*b*,22,413,1.8019
เฉลี่ย L*a*b*,22,438,5.3518
เฉลี่ย L*a*b*,22,463,3.8674
เฉลี่ย L*a*b*,22,488,2.3457
เฉลี่ย L*a*b*,22,513,13.3899
เฉลี่ย L*a*b*,22,538,1.7683
เฉลี่ย L*a*b*,22,563,1.9203
เฉลี่ย L*a*b*,22,588,6.0920
เฉลี่ย L*a*b*,22,613,5.7148
เฉลี่ย L*a*b*,23,14,9.5958
เฉลี่ย L*a*b*,23,39,8.6829
เฉลี่ย L*a*b*,23,64,5.4717
เฉลี่ย L*a*b*,23,89,3.7041
เฉลี่ย L*a*b*,23,114,2.8398
เฉลี่ย L*a*b*,23,139,3.1972
เฉลี่ย L*a*b*,23,164,3.5124
เฉลี่ย L*a*b*,23,189,3.2035
เฉลี่ย L*a*b*,23,214,3.6906
เฉลี่ย L*a*b*,23,239,4.9398
เฉลี่ย L*a*b*,23,264,2.3944
เฉลี่ย L*a*b*,23,289,2.8220
เฉลี่ย L*a*b*,23,314,2.4258
เฉลี่ย L*a*b*,23,339,1.0505
เฉลี่ย L*a*b*,23,350,9.5866
เฉลี่ย L*a*b*,23,351,8.3548
เฉลี่ย L*a*b*,23,352,5.4393
เฉลี่ย L*a*b*,23,353,3.8497
เฉลี่ย L*a*b*,23,354,3.0739
เฉลี่ย L*a*b*,23,355,2.0511
เฉลี่ย L*a*b*,23,356,3.0438
เฉลี่ย L*a*b*,23,357,2.6464
เฉลี่ย L*a*b*,23,358,1.9011
เฉลี่ย L*a*b*,23,359,2.1588
เฉลี่ย L*a*b*,23,360,2.9281
เฉลี่ย L*a*b*,23,361,3.6679
เฉลี่ย L*a*b*,23,362,2.2176
เฉลี่ย L*a*b*,23,363,1.0047
เฉลี่ย L*a*b*,23,364,2.8726
เฉลี่ย L*a*b*,23,365,2.7468
เฉลี่ย L*a*b*,23,366,1.7029
เฉลี่ย L*a*b*,23,367,2.2411
เฉลี่ย L*a*b*,23,368,2.8843
เฉลี่ย L*a*b*,23,369,2.4088
เฉลี่ย L*a*b*,23,370,7.5532
เฉลี่ย L*a*b*,23,371,1.4258
เฉลี่ย L*a*b*,23,372,1.6735
เฉลี่ย L*a*b*,23,373,2.1871
เฉลี่ย L*a*b*,23,374,5.3232
เฉลี่ย L*a*b*,23,389,2.3852
เฉลี่ย L*a*b*,23,414,1.1797
เฉลี่ย L*a*b*,23,439,2.6943
เฉลี่ย L*a*b*,23,464,2.6330
เฉลี่ย L*a*b*,23,489,2.7703
เฉลี่ย L*a*b*,23,514,11.9353
เฉลี่ย L*a*b*,23,539,4.8357
เฉลี่ย L*a*b*,23,564,6.5763
เฉลี่ย L*a*b*,23,589,7.4554
เฉลี่ย L*a*b*,23,614,6.9738
เฉลี่ย L*a*b*,24,15,8.1665
เฉลี่ย L*a*b*,24,40,6.8423
เฉลี่ย L*a*b*,24,65,4.6199
เฉลี่ย L*a*b*,24,90,4.7541
เฉลี่ย L*a*b*,24,115,3.8832
เฉลี่ย L*a*b*,24,140,4.2342
เฉลี่ย L*a*b*,24,165,5.3586
เฉลี่ย L*a*b*,24,190,4.1292
เฉลี่ย L*a*b*,24,215,3.6462
เฉลี่ย L*a*b*,24,240,4.7468
เฉลี่ย L*a*b*,24,265,3.3057
เฉลี่ย L*a*b*,24,290,4.5471
เฉลี่ย L*a*b*,24,315,3.3734
เฉลี่ย L*a*b*,24,340,1.6850
เฉลี่ย L*a*b*,24,365,2.7468
เฉลี่ย L*a*b*,24,375,6.1338
เฉลี่ย L*a*b*,24,376,6.8253
เฉลี่ย L*a*b*,24,377,5.1979
เฉลี่ย L*a*b*,24,378,6.4132
เฉลี่ย L*a*b*,24,379,4.7225
เฉลี่ย L*a*b*,24,380,3.7807
เฉลี่ย L*a*b*,24,381,4.9174
เฉลี่ย L*a*b*,24,382,4.4639
เฉลี่ย L*a*b*,24,383,3.2626
เฉลี่ย L*a*b*,24,384,4.0502
เฉลี่ย L*a*b*,24,385,2.6163
เฉลี่ย L*a*b*,24,386,3.3657
เฉลี่ย L*a*b*,24,387,2.9590
เฉลี่ย L*a*b*,24,388,2.9473
เฉลี่ย L*a*b*,24,389,2.3852
เฉลี่ย L*a*b*,24,390,2.8648
เฉลี่ย L*a*b*,24,391,2.3365
เฉลี่ย L*a*b*,24,392,2.9524
เฉลี่ย L*a*b*,24,393,3.2732
เฉลี่ย L*a*b*,24,394,5.0491
เฉลี่ย L*a*b*,24,395,10.9503
เฉลี่ย L*a*b*,24,396,3.0428
เฉลี่ย L*a*b*,24,397,1.9043
เฉลี่ย L*a*b*,24,398,6.6339
เฉลี่ย L*a*b*,24,399,5.4497
เฉลี่ย L*a*b*,24,415,2.3726
เฉลี่ย L*a*b*,24,440,3.1507
เฉลี่ย L*a*b*,24,465,4.1739
เฉลี่ย L*a*b*,24,490,4.2378
เฉลี่ย L*a*b*,24,515,11.5236
เฉลี่ย L*a*b*,24,540,2.5894
เฉลี่ย L*a*b*,24,565,2.0958
เฉลี่ย L*a*b*,24,590,5.4380
เฉลี่ย L*a*b*,24,615,4.7687
เฉลี่ย L*a*b*,25,16,7.3054
เฉลี่ย L*a*b*,25,41,4.9064
เฉลี่ย L*a*b*,25,66,3.2770
เฉลี่ย L*a*b*,25,91,4.7730
เฉลี่ย L*a*b*,25,116,3.3030
เฉลี่ย L*a*b*,25,141,5.0715
เฉลี่ย L*a*b*,25,166,9.4988
เฉลี่ย L*a*b*,25,191,5.5903
เฉลี่ย L*a*b*,25,216,3.0267
เฉลี่ย L*a*b*,25,241,3.5850
เฉลี่ย L*a*b*,25,266,2.7176
เฉลี่ย L*a*b*,25,291,2.5349
เฉลี่ย L*a*b*,25,316,2.2146
เฉลี่ย L*a*b*,25,341,1.4886
เฉลี่ย L*a*b*,25,366,1.7029
เฉลี่ย L*a*b*,25,391,2.3365
เฉลี่ย L*a*b*,25,400,6.3954
เฉลี่ย L*a*b*,25,401,4.7463
เฉลี่ย L*a*b*,25,402,3.5300
เฉลี่ย L*a*b*,25,403,7.7562
เฉลี่ย L*a*b*,25,404,5.3556
เฉลี่ย L*a*b*,25,405,5.2308
เฉลี่ย L*a*b*,25,406,8.2602
เฉลี่ย L*a*b*,25,407,5.0957
เฉลี่ย L*a*b*,25,408,2.9167
เฉลี่ย L*a*b*,25,409,3.0564
เฉลี่ย L*a*b*,25,410,2.6169
เฉลี่ย L*a*b*,25,411,2.9371
เฉลี่ย L*a*b*,25,412,2.1503
เฉลี่ย L*a*b*,25,413,1.8019
เฉลี่ย L*a*b*,25,414,1.1797
เฉลี่ย L*a*b*,25,415,2.3726
เฉลี่ย L*a*b*,25,416,1.8635
เฉลี่ย L*a*b*,25,417,3.0256
เฉลี่ย L*a*b*,25,418,2.7454
เฉลี่ย L*a*b*,25,419,6.1469
เฉลี่ย L*a*b*,25,420,10.9323
เฉลี่ย L*a*b*,25,421,1.9968
เฉลี่ย L*a*b*,25,422,1.7250
เฉลี่ย L*a*b*,25,423,6.5231
เฉลี่ย L*a*b*,25,424,5.1802
เฉลี่ย L*a*b*,25,441,4.5551
เฉลี่ย L*a*b*,25,466,1.8584
เฉลี่ย L*a*b*,25,491,3.6854
เฉลี่ย L*a*b*,25,516,9.4854
เฉลี่ย L*a*b*,25,541,4.1858
เฉลี่ย L*a*b*,25,566,3.9897
เฉลี่ย L*a*b*,25,591,5.4160
เฉลี่ย L*a*b*,25,616,4.7057
เฉลี่ย L*a*b*,27,17,6.7286
เฉลี่ย L*a*b*,27,42,7.3773
เฉลี่ย L*a*b*,27,67,5.4345
เฉลี่ย L*a*b*,27,92,4.2336
เฉลี่ย L*a*b*,27,117,2.6956
เฉลี่ย L*a*b*,27,142,3.2112
เฉลี่ย L*a*b*,27,167,4.5389
เฉลี่ย L*a*b*,27,192,2.7373
เฉลี่ย L*a*b*,27,217,6.1451
เฉลี่ย L*a*b*,27,242,5.6471
เฉลี่ย L*a*b*,27,267,2.9308
เฉลี่ย L*a*b*,27,292,1.8658
เฉลี่ย L*a*b*,27,317,2.6458
เฉลี่ย L*a*b*,27,342,2.7599
เฉลี่ย L*a*b*,27,367,2.2411
เฉลี่ย L*a*b*,27,392,2.9524
เฉลี่ย L*a*b*,27,417,3.0256
เฉลี่ย L*a*b*,27,425,3.7812
เฉลี่ย L*a*b*,27,426,9.0940
เฉลี่ย L*a*b*,27,427,7.9395
เฉลี่ย L*a*b*,27,428,6.0220
เฉลี่ย L*a*b*,27,429,3.8754
เฉลี่ย L*a*b*,27,430,3.2217
เฉลี่ย L*a*b*,27,431,4.4744
เฉลี่ย L*a*b*,27,432,2.9027
เฉลี่ย L*a*b*,27,433,6.8943
เฉลี่ย L*a*b*,27,434,5.9333
เฉลี่ย L*a*b*,27,435,2.8584
เฉลี่ย L*a*b*,27,436,2.5365
เฉลี่ย L*a*b*,27,437,3.0928
เฉลี่ย L*a*b*,27,438,5.3518
เฉลี่ย L*a*b*,27,439,2.6943
เฉลี่ย L*a*b*,27,440,3.1507
เฉลี่ย L*a*b*,27,441,4.5551
เฉลี่ย L*a*b*,27,442,5.5707
เฉลี่ย L*a*b*,27,443,2.3222
เฉลี่ย L*a*b*,27,444,3.7518
เฉลี่ย L*a*b*,27,445,9.7566
เฉลี่ย L*a*b*,27,446,6.1460
เฉลี่ย L*a*b*,27,447,3.3587
เฉลี่ย L*a*b*,27,448,6.4675
เฉลี่ย L*a*b*,27,449,5.6826
เฉลี่ย L*a*b*,27,467,2.3835
เฉลี่ย L*a*b*,27,492,2.6931
เฉลี่ย L*a*b*,27,517,9.6878
เฉลี่ย L*a*b*,27,542,4.1280
เฉลี่ย L*a*b*,27,567,3.6415
เฉลี่ย L*a*b*,27,592,4.1141
เฉลี่ย L*a*b*,27,617,4.3599
เฉลี่ย L*a*b*,30,18,9.9891
เฉลี่ย L*a*b*,30,43,2.7998
เฉลี่ย L*a*b*,30,68,1.5607
เฉลี่ย L*a*b*,30,93,4.0979
เฉลี่ย L*a*b*,30,118,3.1805
เฉลี่ย L*a*b*,30,143,4.9094
เฉลี่ย L*a*b*,30,168,9.5708
เฉลี่ย L*a*b*,30,193,4.7938
เฉลี่ย L*a*b*,30,218,2.9950
เฉลี่ย L*a*b*,30,243,4.3265
เฉลี่ย L*a*b*,30,268,4.2603
เฉลี่ย L*a*b*,30,293,1.7024
เฉลี่ย L*a*b*,30,318,2.6625
เฉลี่ย L*a*b*,30,343,2.7671
เฉลี่ย L*a*b*,30,368,2.8843
เฉลี่ย L*a*b*,30,393,3.2732
เฉลี่ย L*a*b*,30,418,2.7454
เฉลี่ย L*a*b*,30,443,2.3222
เฉลี่ย L*a*b*,30,450,8.9024
เฉลี่ย L*a*b*,30,451,3.2586
เฉลี่ย L*a*b*,30,452,3.6450
เฉลี่ย L*a*b*,30,453,6.3799
เฉลี่ย L*a*b*,30,454,4.5068
เฉลี่ย L*a*b*,30,455,4.5878
เฉลี่ย L*a*b*,30,456,8.7300
เฉลี่ย L*a*b*,30,457,5.5588
เฉลี่ย L*a*b*,30,458,3.0870
เฉลี่ย L*a*b*,30,459,1.8763
เฉลี่ย L*a*b*,30,460,4.6908
เฉลี่ย L*a*b*,30,461,1.9792
เฉลี่ย L*a*b*,30,462,2.5086
เฉลี่ย L*a*b*,30,463,3.8674
เฉลี่ย L*a*b*,30,464,2.6330
เฉลี่ย L*a*b*,30,465,4.1739
เฉลี่ย L*a*b*,30,466,1.8584
เฉลี่ย L*a*b*,30,467,2.3835
เฉลี่ย L*a*b*,30,468,1.9965
เฉลี่ย L*a*b*,30,469,6.5215
เฉลี่ย L*a*b*,30,470,9.3393
เฉลี่ย L*a*b*,30,471,1.9879
เฉลี่ย L*a*b*,30,472,3.2703
เฉลี่ย L*a*b*,30,473,5.9179
เฉลี่ย L*a*b*,30,474,4.9604
เฉลี่ย L*a*b*,30,493,4.9073
เฉลี่ย L*a*b*,30,518,9.1388
เฉลี่ย L*a*b*,30,543,1.8398
เฉลี่ย L*a*b*,30,568,2.1688
เฉลี่ย L*a*b*,30,593,5.0630
เฉลี่ย L*a*b*,30,618,4.3936
เฉลี่ย L*a*b*,37,19,12.1197
เฉลี่ย L*a*b*,37,44,7.7800
เฉลี่ย L*a*b*,37,69,5.5031
เฉลี่ย L*a*b*,37,94,5.4015
เฉลี่ย L*a*b*,37,119,4.3717
เฉลี่ย L*a*b*,37,144,3.3602
เฉลี่ย L*a*b*,37,169,5.6263
เฉลี่ย L*a*b*,37,194,3.4120
เฉลี่ย L*a*b*,37,219,3.1817
เฉลี่ย L*a*b*,37,244,3.0156
เฉลี่ย L*a*b*,37,269,5.4154
เฉลี่ย L*a*b*,37,294,5.7801
เฉลี่ย L*a*b*,37,319,4.5972
เฉลี่ย L*a*b*,37,344,2.8889
เฉลี่ย L*a*b*,37,369,2.4088
เฉลี่ย L*a*b*,37,394,5.0491
เฉลี่ย L*a*b*,37,419,6.1469
เฉลี่ย L*a*b*,37,444,3.7518
เฉลี่ย L*a*b*,37,469,6.5215
เฉลี่ย L*a*b*,37,475,8.6978
เฉลี่ย L*a*b*,37,476,5.4562
เฉลี่ย L*a*b*,37,477,2.5594
เฉลี่ย L*a*b*,37,478,6.4553
เฉลี่ย L*a*b*,37,479,4.4801
เฉลี่ย L*a*b*,37,480,3.1169
เฉลี่ย L*a*b*,37,481,5.6828
เฉลี่ย L*a*b*,37,482,3.2815
เฉลี่ย L*a*b*,37,483,2.2126
เฉลี่ย L*a*b*,37,484,2.8786
เฉลี่ย L*a*b*,37,485,5.0743
เฉลี่ย L*a*b*,37,486,5.2830
เฉลี่ย L*a*b*,37,487,4.2894
เฉลี่ย L*a*b*,37,488,2.3457
เฉลี่ย L*a*b*,37,489,2.7703
เฉลี่ย L*a*b*,37,490,4.2378
เฉลี่ย L*a*b*,37,491,3.6854
เฉลี่ย L*a*b*,37,492,2.6931
เฉลี่ย L*a*b*,37,493,4.9073
เฉลี่ย L*a*b*,37,494,6.7708
เฉลี่ย L*a*b*,37,495,11.5979
เฉลี่ย L*a*b*,37,496,2.2474
เฉลี่ย L*a*b*,37,497,4.4132
เฉลี่ย L*a*b*,37,498,6.0784
เฉลี่ย L*a*b*,37,499,4.8111
เฉลี่ย L*a*b*,37,519,11.9955
เฉลี่ย L*a*b*,37,544,3.6179
เฉลี่ย L*a*b*,37,569,3.9310
เฉลี่ย L*a*b*,37,594,5.7484
เฉลี่ย L*a*b*,37,619,4.8494
เฉลี่ย L*a*b*,38,20,12.9551
เฉลี่ย L*a*b*,38,45,7.1889
เฉลี่ย L*a*b*,38,70,8.9822
เฉลี่ย L*a*b*,38,95,10.2030
เฉลี่ย L*a*b*,38,120,8.6150
เฉลี่ย L*a*b*,38,145,7.9805
เฉลี่ย L*a*b*,38,170,11.5308
เฉลี่ย L*a*b*,38,195,8.0588
เฉลี่ย L*a*b*,38,220,9.3760
เฉลี่ย L*a*b*,38,245,7.3474
เฉลี่ย L*a*b*,38,270,12.7473
เฉลี่ย L*a*b*,38,295,9.3060
เฉลี่ย L*a*b*,38,320,9.4098
เฉลี่ย L*a*b*,38,345,10.4306
เฉลี่ย L*a*b*,38,370,7.5532
เฉลี่ย L*a*b*,38,395,10.9503
เฉลี่ย L*a*b*,38,420,10.9323
เฉลี่ย L*a*b*,38,445,9.7566
เฉลี่ย L*a*b*,38,470,9.3393
เฉลี่ย L*a*b*,38,495,11.5979
เฉลี่ย L*a*b*,38,500,13.8541
เฉลี่ย L*a*b*,38,501,7.6691
เฉลี่ย L*a*b*,38,502,11.0634
เฉลี่ย L*a*b*,38,503,10.2105
เฉลี่ย L*a*b*,38,504,8.4755
เฉลี่ย L*a*b*,38,505,8.3326
เฉลี่ย L*a*b*,38,506,10.9284
เฉลี่ย L*a*b*,38,507,6.2983
เฉลี่ย L*a*b*,38,508,15.0282
เฉลี่ย L*a*b*,38,509,10.3449
เฉลี่ย L*a*b*,38,510,14.3134
เฉลี่ย L*a*b*,38,511,9.6132
เฉลี่ย L*a*b*,38,512,8.8029
เฉลี่ย L*a*b*,38,513,13.3899
เฉลี่ย L*a*b*,38,514,11.9353
เฉลี่ย L*a*b*,38,515,11.5236
เฉลี่ย L*a*b*,38,516,9.4854
เฉลี่ย L*a*b*,38,517,9.6878
เฉลี่ย L*a*b*,38,518,9.1388
เฉลี่ย L*a*b*,38,519,11.9955
เฉลี่ย L*a*b*,38,520,16.4817
เฉลี่ย L*a*b*,38,521,12.3005
เฉลี่ย L*a*b*,38,522,13.9579
เฉลี่ย L*a*b*,38,523,11.1336
เฉลี่ย L*a*b*,38,524,9.4133
เฉลี่ย L*a*b*,38,545,9.9455
เฉลี่ย L*a*b*,38,570,9.5248
เฉลี่ย L*a*b*,38,595,11.1482
เฉลี่ย L*a*b*,38,620,9.8620
เฉลี่ย L*a*b*,40,21,5.6940
เฉลี่ย L*a*b*,40,46,5.1477
เฉลี่ย L*a*b*,40,71,3.4399
เฉลี่ย L*a*b*,40,96,5.0102
เฉลี่ย L*a*b*,40,121,3.3432
เฉลี่ย L*a*b*,40,146,4.2862
เฉลี่ย L*a*b*,40,171,7.8672
เฉลี่ย L*a*b*,40,196,4.5472
เฉลี่ย L*a*b*,40,221,3.1663
เฉลี่ย L*a*b*,40,246,3.2015
เฉลี่ย L*a*b*,40,271,1.4974
เฉลี่ย L*a*b*,40,296,3.2409
เฉลี่ย L*a*b*,40,321,1.9383
เฉลี่ย L*a*b*,40,346,1.6308
เฉลี่ย L*a*b*,40,371,1.4258
เฉลี่ย L*a*b*,40,396,3.0428
เฉลี่ย L*a*b*,40,421,1.9968
เฉลี่ย L*a*b*,40,446,6.1460
เฉลี่ย L*a*b*,40,471,1.9879
เฉลี่ย L*a*b*,40,496,2.2474
เฉลี่ย L*a*b*,40,521,12.3005
เฉลี่ย L*a*b*,40,525,5.7593
เฉลี่ย L*a*b*,40,526,4.7116
เฉลี่ย L*a*b*,40,527,7.0752
เฉลี่ย L*a*b*,40,528,5.2194
เฉลี่ย L*a*b*,40,529,3.7270
เฉลี่ย L*a*b*,40,530,4.8888
เฉลี่ย L*a*b*,40,531,5.2669
เฉลี่ย L*a*b*,40,532,6.2414
เฉลี่ย L*a*b*,40,533,8.2440
เฉลี่ย L*a*b*,40,534,1.9863
เฉลี่ย L*a*b*,40,535,2.8606
เฉลี่ย L*a*b*,40,536,2.0101
เฉลี่ย L*a*b*,40,537,1.5722
เฉลี่ย L*a*b*,40,538,1.7683
เฉลี่ย L*a*b*,40,539,4.8357
เฉลี่ย L*a*b*,40,540,2.5894
เฉลี่ย L*a*b*,40,541,4.1858
เฉลี่ย L*a*b*,40,542,4.1280
เฉลี่ย L*a*b*,40,543,1.8398
เฉลี่ย L*a*b*,40,544,3.6179
เฉลี่ย L*a*b*,40,545,9.9455
เฉลี่ย L*a*b*,40,546,1.9734
เฉลี่ย L*a*b*,40,547,3.7585
เฉลี่ย L*a*b*,40,548,5.9526
เฉลี่ย L*a*b*,40,549,3.9981
เฉลี่ย L*a*b*,40,571,1.7072
เฉลี่ย L*a*b*,40,596,6.5674
เฉลี่ย L*a*b*,40,621,4.9602
เฉลี่ย L*a*b*,41,22,6.3278
เฉลี่ย L*a*b*,41,47,5.0221
เฉลี่ย L*a*b*,41,72,2.8960
เฉลี่ย L*a*b*,41,97,5.4131
เฉลี่ย L*a*b*,41,122,3.8799
เฉลี่ย L*a*b*,41,147,6.2616
เฉลี่ย L*a*b*,41,172,9.4446
เฉลี่ย L*a*b*,41,197,6.2590
เฉลี่ย L*a*b*,41,222,3.5733
เฉลี่ย L*a*b*,41,247,3.8057
เฉลี่ย L*a*b*,41,272,1.7300
เฉลี่ย L*a*b*,41,297,3.5504
เฉลี่ย L*a*b*,41,322,2.4378
เฉลี่ย L*a*b*,41,347,1.6656
เฉลี่ย L*a*b*,41,372,1.6735
เฉลี่ย L*a*b*,41,397,1.9043
เฉลี่ย L*a*b*,41,422,1.7250
เฉลี่ย L*a*b*,41,447,3.3587
เฉลี่ย L*a*b*,41,472,3.2703
เฉลี่ย L*a*b*,41,497,4.4132
เฉลี่ย L*a*b*,41,522,13.9579
เฉลี่ย L*a*b*,41,547,3.7585
เฉลี่ย L*a*b*,41,550,6.6852
เฉลี่ย L*a*b*,41,551,4.9665
เฉลี่ย L*a*b*,41,552,7.5241
เฉลี่ย L*a*b*,41,553,5.6390
เฉลี่ย L*a*b*,41,554,3.8474
เฉลี่ย L*a*b*,41,555,3.1782
เฉลี่ย L*a*b*,41,556,5.5961
เฉลี่ย L*a*b*,41,557,4.3071
เฉลี่ย L*a*b*,41,558,8.0212
เฉลี่ย L*a*b*,41,559,1.5790
เฉลี่ย L*a*b*,41,560,2.3642
เฉลี่ย L*a*b*,41,561,2.6787
เฉลี่ย L*a*b*,41,562,1.7065
เฉลี่ย L*a*b*,41,563,1.9203
เฉลี่ย L*a*b*,41,564,6.5763
เฉลี่ย L*a*b*,41,565,2.0958
เฉลี่ย L*a*b*,41,566,3.9897
เฉลี่ย L*a*b*,41,567,3.6415
เฉลี่ย L*a*b*,41,568,2.1688
เฉลี่ย L*a*b*,41,569,3.9310
เฉลี่ย L*a*b*,41,570,9.5248
เฉลี่ย L*a*b*,41,571,1.7072
เฉลี่ย L*a*b*,41,572,4.5797
เฉลี่ย L*a*b*,41,573,6.3442
เฉลี่ย L*a*b*,41,574,4.4592
เฉลี่ย L*a*b*,41,597,8.6114
เฉลี่ย L*a*b*,41,622,6.0886
เฉลี่ย L*a*b*,43,23,8.9979
เฉลี่ย L*a*b*,43,48,3.4352
เฉลี่ย L*a*b*,43,73,3.9528
เฉลี่ย L*a*b*,43,98,4.7588
เฉลี่ย L*a*b*,43,123,4.6391
เฉลี่ย L*a*b*,43,148,5.1624
เฉลี่ย L*a*b*,43,173,6.2889
เฉลี่ย L*a*b*,43,198,5.1447
เฉลี่ย L*a*b*,43,223,8.2152
เฉลี่ย L*a*b*,43,248,6.6668
เฉลี่ย L*a*b*,43,273,6.3495
เฉลี่ย L*a*b*,43,298,4.5868
เฉลี่ย L*a*b*,43,323,4.0292
เฉลี่ย L*a*b*,43,348,4.0913
เฉลี่ย L*a*b*,43,373,2.1871
เฉลี่ย L*a*b*,43,398,6.6339
เฉลี่ย L*a*b*,43,423,6.5231
เฉลี่ย L*a*b*,43,448,6.4675
เฉลี่ย L*a*b*,43,473,5.9179
เฉลี่ย L*a*b*,43,498,6.0784
เฉลี่ย L*a*b*,43,523,11.1336
เฉลี่ย L*a*b*,43,548,5.9526
เฉลี่ย L*a*b*,43,573,6.3442
เฉลี่ย L*a*b*,43,575,9.4999
เฉลี่ย L*a*b*,43,576,3.4137
เฉลี่ย L*a*b*,43,577,10.1072
เฉลี่ย L*a*b*,43,578,5.1904
เฉลี่ย L*a*b*,43,579,4.6094
เฉลี่ย L*a*b*,43,580,4.8730
เฉลี่ย L*a*b*,43,581,5.3421
เฉลี่ย L*a*b*,43,582,2.0847
เฉลี่ย L*a*b*,43,583,9.2595
เฉลี่ย L*a*b*,43,584,5.2093
เฉลี่ย L*a*b*,43,585,7.9818
เฉลี่ย L*a*b*,43,586,4.8980
เฉลี่ย L*a*b*,43,587,3.9948
เฉลี่ย L*a*b*,43,588,6.0920
เฉลี่ย L*a*b*,43,589,7.4554
เฉลี่ย L*a*b*,43,590,5.4380
เฉลี่ย L*a*b*,43,591,5.4160
เฉลี่ย L*a*b*,43,592,4.1141
เฉลี่ย L*a*b*,43,593,5.0630
เฉลี่ย L*a*b*,43,594,5.7484
เฉลี่ย L*a*b*,43,595,11.1482
เฉลี่ย L*a*b*,43,596,6.5674
เฉลี่ย L*a*b*,43,597,8.6114
เฉลี่ย L*a*b*,43,598,5.1393
เฉลี่ย L*a*b*,43,599,4.6295
เฉลี่ย L*a*b*,43,623,4.3950
เฉลี่ย L*a*b*,50,24,7.4894
เฉลี่ย L*a*b*,50,49,2.4633
เฉลี่ย L*a*b*,50,74,3.5984
เฉลี่ย L*a*b*,50,99,4.1056
เฉลี่ย L*a*b*,50,124,4.1740
เฉลี่ย L*a*b*,50,149,10.3248
เฉลี่ย L*a*b*,50,174,16.3834
เฉลี่ย L*a*b*,50,199,11.1212
เฉลี่ย L*a*b*,50,224,6.5609
เฉลี่ย L*a*b*,50,249,10.9728
เฉลี่ย L*a*b*,50,274,5.6563
เฉลี่ย L*a*b*,50,299,3.7410
เฉลี่ย L*a*b*,50,324,4.8490
เฉลี่ย L*a*b*,50,349,5.4578
เฉลี่ย L*a*b*,50,374,5.3232
เฉลี่ย L*a*b*,50,399,5.4497
เฉลี่ย L*a*b*,50,424,5.1802
เฉลี่ย L*a*b*,50,449,5.6826
เฉลี่ย L*a*b*,50,474,4.9604
เฉลี่ย L*a*b*,50,499,4.8111
เฉลี่ย L*a*b*,50,524,9.4133
เฉลี่ย L*a*b*,50,549,3.9981
เฉลี่ย L*a*b*,50,574,4.4592
เฉลี่ย L*a*b*,50,599,4.6295
เฉลี่ย L*a*b*,50,600,8.2771
เฉลี่ย L*a*b*,50,601,3.7119
เฉลี่ย L*a*b*,50,602,9.4671
เฉลี่ย L*a*b*,50,603,4.0271
เฉลี่ย L*a*b*,50,604,4.3413
เฉลี่ย L*a*b*,50,605,4.6890
เฉลี่ย L*a*b*,50,606,7.4231
เฉลี่ย L*a*b*,50,607,4.0163
เฉลี่ย L*a*b*,50,608,8.5977
เฉลี่ย L*a*b*,50,609,4.8090
เฉลี่ย L*a*b*,50,610,5.3690
เฉลี่ย L*a*b*,50,611,4.1587
เฉลี่ย L*a*b*,50,612,4.2668
เฉลี่ย L*a*b*,50,613,5.7148
เฉลี่ย L*a*b*,50,614,6.9738
เฉลี่ย L*a*b*,50,615,4.7687
เฉลี่ย L*a*b*,50,616,4.7057
เฉลี่ย L*a*b*,50,617,4.3599
เฉลี่ย L*a*b*,50,618,4.3936
เฉลี่ย L*a*b*,50,619,4.8494
เฉลี่ย L*a*b*,50,620,9.8620
เฉลี่ย L*a*b*,50,621,4.9602
เฉลี่ย L*a*b*,50,622,6.0886
เฉลี่ย L*a*b*,50,623,4.3950
เฉลี่ย L*a*b*,50,624,3.6219
S-N (Stearns-Noechel),01,0,5.9248
S-N (Stearns-Noechel),01,1,1.8946
S-N (Stearns-Noechel),01,2,1.7451
S-N (Stearns-Noechel),01,3,6.5737
S-N (Stearns-Noechel),01,4,6.2403
S-N (Stearns-Noechel),01,5,7.6497
S-N (Stearns-Noechel),01,6,6.7244
S-N (Stearns-Noechel),01,7,6.8365
S-N (Stearns-Noechel),01,8,1.8575
S-N (Stearns-Noechel),01,9,1.9306
S-N (Stearns-Noechel),01,10,5.8695
S-N (Stearns-Noechel),01,11,5.7873
S-N (Stearns-Noechel),01,12,6.9100
S-N (Stearns-Noechel),01,13,4.3632
S-N (Stearns-Noechel),01,14,8.8662
S-N (Stearns-Noechel),01,15,6.0189
S-N (Stearns-Noechel),01,16,3.6154
S-N (Stearns-Noechel),01,17,6.0975
S-N (Stearns-Noechel),01,18,5.9216
S-N (Stearns-Noechel),01,19,9.5724
S-N (Stearns-Noechel),01,20,10.9723
S-N (Stearns-Noechel),01,21,2.1650
S-N (Stearns-Noechel),01,22,2.4413
S-N (Stearns-Noechel),01,23,6.3293
S-N (Stearns-Noechel),01,24,5.8708
S-N (Stearns-Noechel),01,25,2.4645
S-N (Stearns-Noechel),01,50,2.0418
S-N (Stearns-Noechel),01,75,5.0177
S-N (Stearns-Noechel),01,100,4.6985
S-N (Stearns-Noechel),01,125,5.3145
S-N (Stearns-Noechel),01,150,6.9745
S-N (Stearns-Noechel),01,175,6.4847
S-N (Stearns-Noechel),01,200,2.5981
S-N (Stearns-Noechel),01,225,1.0960
S-N (Stearns-Noechel),01,250,4.1111
S-N (Stearns-Noechel),01,275,5.0003
S-N (Stearns-Noechel),01,300,5.9791
S-N (Stearns-Noechel),01,325,2.8759
S-N (Stearns-Noechel),01,350,7.9209
S-N (Stearns-Noechel),01,375,4.4643
S-N (Stearns-Noechel),01,400,3.1765
S-N (Stearns-Noechel),01,425,3.5136
S-N (Stearns-Noechel),01,450,4.3066
S-N (Stearns-Noechel),01,475,6.6965
S-N (Stearns-Noechel),01,500,11.8073
S-N (Stearns-Noechel),01,525,1.6233
S-N (Stearns-Noechel),01,550,2.1446
S-N (Stearns-Noechel),01,575,6.4842
S-N (Stearns-Noechel),01,600,6.2122
S-N (Stearns-Noechel),02,1,1.8095
S-N (Stearns-Noechel),02,25,2.6181
S-N (Stearns-Noechel),02,26,3.0293
S-N (Stearns-Noechel),02,27,1.4346
S-N (Stearns-Noechel),02,28,3.9416
S-N (Stearns-Noechel),02,29,4.2374
S-N (Stearns-Noechel),02,30,5.4064
S-N (Stearns-Noechel),02,31,12.6707
S-N (Stearns-Noechel),02,32,7.1882
S-N (Stearns-Noechel),02,33,1.6221
S-N (Stearns-Noechel),02,34,3.8753
S-N (Stearns-Noechel),02,35,7.4588
S-N (Stearns-Noechel),02,36,2.4125
S-N (Stearns-Noechel),02,37,3.2012
S-N (Stearns-Noechel),02,38,6.2648
S-N (Stearns-Noechel),02,39,7.3828
S-N (Stearns-Noechel),02,40,5.7361
S-N (Stearns-Noechel),02,41,3.5418
S-N (Stearns-Noechel),02,42,5.1120
S-N (Stearns-Noechel),02,43,1.7901
S-N (Stearns-Noechel),02,44,6.2673
S-N (Stearns-Noechel),02,45,8.1002
S-N (Stearns-Noechel),02,46,4.0060
S-N (Stearns-Noechel),02,47,3.8445
S-N (Stearns-Noechel),02,48,3.0000
S-N (Stearns-Noechel),02,49,1.8902
S-N (Stearns-Noechel),02,51,2.6229
S-N (Stearns-Noechel),02,76,3.5054
S-N (Stearns-Noechel),02,101,4.0725
S-N (Stearns-Noechel),02,126,6.2371
S-N (Stearns-Noechel),02,151,12.8585
S-N (Stearns-Noechel),02,176,7.0794
S-N (Stearns-Noechel),02,201,1.3568
S-N (Stearns-Noechel),02,226,3.3319
S-N (Stearns-Noechel),02,251,5.2805
S-N (Stearns-Noechel),02,276,1.3591
S-N (Stearns-Noechel),02,301,2.7849
S-N (Stearns-Noechel),02,326,4.6051
S-N (Stearns-Noechel),02,351,6.4555
S-N (Stearns-Noechel),02,376,5.6469
S-N (Stearns-Noechel),02,401,4.4646
S-N (Stearns-Noechel),02,426,6.8414
S-N (Stearns-Noechel),02,451,3.4133
S-N (Stearns-Noechel),02,476,4.6106
S-N (Stearns-Noechel),02,501,8.6376
S-N (Stearns-Noechel),02,526,3.3279
S-N (Stearns-Noechel),02,551,3.5339
S-N (Stearns-Noechel),02,576,2.5464
S-N (Stearns-Noechel),02,601,2.5150
S-N (Stearns-Noechel),03,2,1.4801
S-N (Stearns-Noechel),03,27,1.4305
S-N (Stearns-Noechel),03,50,2.4633
S-N (Stearns-Noechel),03,51,2.6195
S-N (Stearns-Noechel),03,52,1.9702
S-N (Stearns-Noechel),03,53,5.1158
S-N (Stearns-Noechel),03,54,5.2559
S-N (Stearns-Noechel),03,55,5.3716
S-N (Stearns-Noechel),03,56,9.7576
S-N (Stearns-Noechel),03,57,4.6425
S-N (Stearns-Noechel),03,58,2.0878
S-N (Stearns-Noechel),03,59,2.3384
S-N (Stearns-Noechel),03,60,5.4991
S-N (Stearns-Noechel),03,61,1.9260
S-N (Stearns-Noechel),03,62,2.8063
S-N (Stearns-Noechel),03,63,5.8529
S-N (Stearns-Noechel),03,64,4.9650
S-N (Stearns-Noechel),03,65,4.1385
S-N (Stearns-Noechel),03,66,2.1869
S-N (Stearns-Noechel),03,67,3.9427
S-N (Stearns-Noechel),03,68,2.4085
S-N (Stearns-Noechel),03,69,4.5672
S-N (Stearns-Noechel),03,70,9.6220
S-N (Stearns-Noechel),03,71,2.4456
S-N (Stearns-Noechel),03,72,1.8443
S-N (Stearns-Noechel),03,73,3.1793
S-N (Stearns-Noechel),03,74,2.7931
S-N (Stearns-Noechel),03,77,3.4239
S-N (Stearns-Noechel),03,102,2.9645
S-N (Stearns-Noechel),03,127,4.3389
S-N (Stearns-Noechel),03,152,10.2020
S-N (Stearns-Noechel),03,177,5.1010
S-N (Stearns-Noechel),03,202,1.8897
S-N (Stearns-Noechel),03,227,3.1587
S-N (Stearns-Noechel),03,252,4.0229
S-N (Stearns-Noechel),03,277,1.8812
S-N (Stearns-Noechel),03,302,1.9160
S-N (Stearns-Noechel),03,327,3.6484
S-N (Stearns-Noechel),03,352,4.1707
S-N (Stearns-Noechel),03,377,3.0136
S-N (Stearns-Noechel),03,402,2.9359
S-N (Stearns-Noechel),03,427,4.6553
S-N (Stearns-Noechel),03,452,2.9562
S-N (Stearns-Noechel),03,477,1.9709
S-N (Stearns-Noechel),03,502,11.6054
S-N (Stearns-Noechel),03,527,6.6930
S-N (Stearns-Noechel),03,552,7.4507
S-N (Stearns-Noechel),03,577,8.9292
S-N (Stearns-Noechel),03,602,8.4321
S-N (Stearns-Noechel),05,3,5.9950
S-N (Stearns-Noechel),05,28,3.8501
S-N (Stearns-Noechel),05,53,5.1376
S-N (Stearns-Noechel),05,75,4.8655
S-N (Stearns-Noechel),05,76,3.5654
S-N (Stearns-Noechel),05,77,3.3929
S-N (Stearns-Noechel),05,78,4.5458
S-N (Stearns-Noechel),05,79,4.3759
S-N (Stearns-Noechel),05,80,4.9110
S-N (Stearns-Noechel),05,81,6.9930
S-N (Stearns-Noechel),05,82,4.6776
S-N (Stearns-Noechel),05,83,3.5370
S-N (Stearns-Noechel),05,84,3.2450
S-N (Stearns-Noechel),05,85,4.5892
S-N (Stearns-Noechel),05,86,2.5000
S-N (Stearns-Noechel),05,87,3.2638
S-N (Stearns-Noechel),05,88,4.4482
S-N (Stearns-Noechel),05,89,4.2642
S-N (Stearns-Noechel),05,90,4.2973
S-N (Stearns-Noechel),05,91,3.3107
S-N (Stearns-Noechel),05,92,2.9886
S-N (Stearns-Noechel),05,93,2.9141
S-N (Stearns-Noechel),05,94,5.3420
S-N (Stearns-Noechel),05,95,9.8705
S-N (Stearns-Noechel),05,96,3.7002
S-N (Stearns-Noechel),05,97,3.7430
S-N (Stearns-Noechel),05,98,4.7482
S-N (Stearns-Noechel),05,99,4.0002
S-N (Stearns-Noechel),05,103,4.6098
S-N (Stearns-Noechel),05,128,5.0175
S-N (Stearns-Noechel),05,153,7.9749
S-N (Stearns-Noechel),05,178,5.6847
S-N (Stearns-Noechel),05,203,3.1666
S-N (Stearns-Noechel),05,228,3.9084
S-N (Stearns-Noechel),05,253,5.3896
S-N (Stearns-Noechel),05,278,3.3263
S-N (Stearns-Noechel),05,303,4.4510
S-N (Stearns-Noechel),05,328,6.5976
S-N (Stearns-Noechel),05,353,4.6982
S-N (Stearns-Noechel),05,378,6.2376
S-N (Stearns-Noechel),05,403,6.8089
S-N (Stearns-Noechel),05,428,5.6341
S-N (Stearns-Noechel),05,453,5.5009
S-N (Stearns-Noechel),05,478,6.7515
S-N (Stearns-Noechel),05,503,10.1380
S-N (Stearns-Noechel),05,528,4.1667
S-N (Stearns-Noechel),05,553,4.2002
S-N (Stearns-Noechel),05,578,5.2172
S-N (Stearns-Noechel),05,603,4.0077
S-N (Stearns-Noechel),07,4,5.1083
S-N (Stearns-Noechel),07,29,4.0124
S-N (Stearns-Noechel),07,54,5.0620
S-N (Stearns-Noechel),07,79,4.3729
S-N (Stearns-Noechel),07,100,4.5436
S-N (Stearns-Noechel),07,101,4.3772
S-N (Stearns-Noechel),07,102,3.1272
S-N (Stearns-Noechel),07,103,4.6137
S-N (Stearns-Noechel),07,104,3.7288
S-N (Stearns-Noechel),07,105,3.8541
S-N (Stearns-Noechel),07,106,6.3852
S-N (Stearns-Noechel),07,107,3.8932
S-N (Stearns-Noechel),07,108,2.9404
S-N (Stearns-Noechel),07,109,4.0363
S-N (Stearns-Noechel),07,110,3.3512
S-N (Stearns-Noechel),07,111,2.6746
S-N (Stearns-Noechel),07,112,2.2730
S-N (Stearns-Noechel),07,113,5.1440
S-N (Stearns-Noechel),07,114,2.9464
S-N (Stearns-Noechel),07,115,3.3746
S-N (Stearns-Noechel),07,116,2.4531
S-N (Stearns-Noechel),07,117,2.7731
S-N (Stearns-Noechel),07,118,2.4989
S-N (Stearns-Noechel),07,119,4.5445
S-N (Stearns-Noechel),07,120,8.4646
S-N (Stearns-Noechel),07,121,2.7785
S-N (Stearns-Noechel),07,122,2.7462
S-N (Stearns-Noechel),07,123,4.6093
S-N (Stearns-Noechel),07,124,4.0180
S-N (Stearns-Noechel),07,129,3.7302
S-N (Stearns-Noechel),07,154,6.4364
S-N (Stearns-Noechel),07,179,4.1425
S-N (Stearns-Noechel),07,204,2.9723
S-N (Stearns-Noechel),07,229,5.9404
S-N (Stearns-Noechel),07,254,3.7438
S-N (Stearns-Noechel),07,279,3.4030
S-N (Stearns-Noechel),07,304,3.0999
S-N (Stearns-Noechel),07,329,4.1888
S-N (Stearns-Noechel),07,354,3.1793
S-N (Stearns-Noechel),07,379,3.9936
S-N (Stearns-Noechel),07,404,4.8525
S-N (Stearns-Noechel),07,429,3.4767
S-N (Stearns-Noechel),07,454,3.8839
S-N (Stearns-Noechel),07,479,4.9898
S-N (Stearns-Noechel),07,504,8.4452
S-N (Stearns-Noechel),07,529,3.3876
S-N (Stearns-Noechel),07,554,3.0280
S-N (Stearns-Noechel),07,579,4.5099
S-N (Stearns-Noechel),07,604,4.2330
S-N (Stearns-Noechel),12,5,5.8779
S-N (Stearns-Noechel),12,30,5.1838
S-N (Stearns-Noechel),12,55,4.9230
S-N (Stearns-Noechel),12,80,4.8761
S-N (Stearns-Noechel),12,105,3.8194
S-N (Stearns-Noechel),12,125,4.4188
S-N (Stearns-Noechel),12,126,6.3120
S-N (Stearns-Noechel),12,127,4.5140
S-N (Stearns-Noechel),12,128,5.1033
S-N (Stearns-Noechel),12,129,3.7756
S-N (Stearns-Noechel),12,130,2.8969
S-N (Stearns-Noechel),12,131,3.1798
S-N (Stearns-Noechel),12,132,2.9592
S-N (Stearns-Noechel),12,133,3.4640
S-N (Stearns-Noechel),12,134,4.8617
S-N (Stearns-Noechel),12,135,3.3970
S-N (Stearns-Noechel),12,136,4.7851
S-N (Stearns-Noechel),12,137,2.9588
S-N (Stearns-Noechel),12,138,5.6098
S-N (Stearns-Noechel),12,139,2.7765
S-N (Stearns-Noechel),12,140,3.3105
S-N (Stearns-Noechel),12,141,4.2974
S-N (Stearns-Noechel),12,142,3.0427
S-N (Stearns-Noechel),12,143,4.0294
S-N (Stearns-Noechel),12,144,3.9671
S-N (Stearns-Noechel),12,145,7.8733
S-N (Stearns-Noechel),12,146,3.5155
S-N (Stearns-Noechel),12,147,5.2371
S-N (Stearns-Noechel),12,148,5.2948
S-N (Stearns-Noechel),12,149,9.4809
S-N (Stearns-Noechel),12,155,3.7749
S-N (Stearns-Noechel),12,180,2.8276
S-N (Stearns-Noechel),12,205,3.5623
S-N (Stearns-Noechel),12,230,6.2703
S-N (Stearns-Noechel),12,255,2.0349
S-N (Stearns-Noechel),12,280,3.5629
S-N (Stearns-Noechel),12,305,1.8182
S-N (Stearns-Noechel),12,330,2.5600
S-N (Stearns-Noechel),12,355,1.7350
S-N (Stearns-Noechel),12,380,2.9075
S-N (Stearns-Noechel),12,405,4.5495
S-N (Stearns-Noechel),12,430,2.9448
S-N (Stearns-Noechel),12,455,3.7246
S-N (Stearns-Noechel),12,480,4.0377
S-N (Stearns-Noechel),12,505,8.2179
S-N (Stearns-Noechel),12,530,3.4389
S-N (Stearns-Noechel),12,555,2.1786
S-N (Stearns-Noechel),12,580,4.6737
S-N (Stearns-Noechel),12,605,4.2215
S-N (Stearns-Noechel),13,6,5.7130
S-N (Stearns-Noechel),13,31,12.2440
S-N (Stearns-Noechel),13,56,9.3437
S-N (Stearns-Noechel),13,81,6.8599
S-N (Stearns-Noechel),13,106,6.2889
S-N (Stearns-Noechel),13,131,3.1759
S-N (Stearns-Noechel),13,150,6.3049
S-N (Stearns-Noechel),13,151,12.8198
S-N (Stearns-Noechel),13,152,10.2683
S-N (Stearns-Noechel),13,153,8.0533
S-N (Stearns-Noechel),13,154,6.5676
S-N (Stearns-Noechel),13,155,3.7717
S-N (Stearns-Noechel),13,156,4.4614
S-N (Stearns-Noechel),13,157,3.5623
S-N (Stearns-Noechel),13,158,8.8607
S-N (Stearns-Noechel),13,159,7.2064
S-N (Stearns-Noechel),13,160,4.9426
S-N (Stearns-Noechel),13,161,8.8198
S-N (Stearns-Noechel),13,162,5.2116
S-N (Stearns-Noechel),13,163,5.8289
S-N (Stearns-Noechel),13,164,3.8504
S-N (Stearns-Noechel),13,165,4.8317
S-N (Stearns-Noechel),13,166,7.1376
S-N (Stearns-Noechel),13,167,3.7668
S-N (Stearns-Noechel),13,168,7.8426
S-N (Stearns-Noechel),13,169,5.5857
S-N (Stearns-Noechel),13,170,10.5499
S-N (Stearns-Noechel),13,171,5.9095
S-N (Stearns-Noechel),13,172,6.8229
S-N (Stearns-Noechel),13,173,6.5089
S-N (Stearns-Noechel),13,174,14.2755
S-N (Stearns-Noechel),13,181,3.4986
S-N (Stearns-Noechel),13,206,3.1396
S-N (Stearns-Noechel),13,231,3.5981
S-N (Stearns-Noechel),13,256,2.7730
S-N (Stearns-Noechel),13,281,5.8379
S-N (Stearns-Noechel),13,306,4.1599
S-N (Stearns-Noechel),13,331,2.3875
S-N (Stearns-Noechel),13,356,4.3519
S-N (Stearns-Noechel),13,381,4.4609
S-N (Stearns-Noechel),13,406,6.1347
S-N (Stearns-Noechel),13,431,3.9598
S-N (Stearns-Noechel),13,456,7.1754
S-N (Stearns-Noechel),13,481,5.7065
S-N (Stearns-Noechel),13,506,10.2062
S-N (Stearns-Noechel),13,531,3.6939
S-N (Stearns-Noechel),13,556,3.2790
S-N (Stearns-Noechel),13,581,5.4696
S-N (Stearns-Noechel),13,606,6.7261
S-N (Stearns-Noechel),15,7,5.2818
S-N (Stearns-Noechel),15,32,7.1586
S-N (Stearns-Noechel),15,57,4.3211
S-N (Stearns-Noechel),15,82,4.6812
S-N (Stearns-Noechel),15,107,3.8695
S-N (Stearns-Noechel),15,132,2.9559
S-N (Stearns-Noechel),15,157,3.5518
S-N (Stearns-Noechel),15,175,5.5730
S-N (Stearns-Noechel),15,176,7.1323
S-N (Stearns-Noechel),15,177,5.2426
S-N (Stearns-Noechel),15,178,5.7989
S-N (Stearns-Noechel),15,179,4.1912
S-N (Stearns-Noechel),15,180,2.8292
S-N (Stearns-Noechel),15,181,3.5236
S-N (Stearns-Noechel),15,182,3.1499
S-N (Stearns-Noechel),15,183,4.5424
S-N (Stearns-Noechel),15,184,4.1183
S-N (Stearns-Noechel),15,185,4.1461
S-N (Stearns-Noechel),15,186,6.0408
S-N (Stearns-Noechel),15,187,3.1107
S-N (Stearns-Noechel),15,188,5.0779
S-N (Stearns-Noechel),15,189,3.0320
S-N (Stearns-Noechel),15,190,3.5096
S-N (Stearns-Noechel),15,191,5.3811
S-N (Stearns-Noechel),15,192,2.6083
S-N (Stearns-Noechel),15,193,4.3895
S-N (Stearns-Noechel),15,194,4.5943
S-N (Stearns-Noechel),15,195,8.2277
S-N (Stearns-Noechel),15,196,4.2832
S-N (Stearns-Noechel),15,197,5.7765
S-N (Stearns-Noechel),15,198,5.2383
S-N (Stearns-Noechel),15,199,10.6555
S-N (Stearns-Noechel),15,207,2.3523
S-N (Stearns-Noechel),15,232,4.3996
S-N (Stearns-Noechel),15,257,2.2974
S-N (Stearns-Noechel),15,282,4.5861
S-N (Stearns-Noechel),15,307,2.5857
S-N (Stearns-Noechel),15,332,2.3538
S-N (Stearns-Noechel),15,357,2.4985
S-N (Stearns-Noechel),15,382,3.8769
S-N (Stearns-Noechel),15,407,5.0306
S-N (Stearns-Noechel),15,432,2.7299
S-N (Stearns-Noechel),15,457,5.2999
S-N (Stearns-Noechel),15,482,4.6775
S-N (Stearns-Noechel),15,507,5.9132
S-N (Stearns-Noechel),15,532,4.1319
S-N (Stearns-Noechel),15,557,3.7664
S-N (Stearns-Noechel),15,582,0.1325
S-N (Stearns-Noechel),15,607,2.3915
S-N (Stearns-Noechel),17,8,1.8297
S-N (Stearns-Noechel),17,33,1.8743
S-N (Stearns-Noechel),17,58,2.2152
S-N (Stearns-Noechel),17,83,3.6327
S-N (Stearns-Noechel),17,108,2.9202
S-N (Stearns-Noechel),17,133,3.4596
S-N (Stearns-Noechel),17,158,8.9630
S-N (Stearns-Noechel),17,183,4.5340
S-N (Stearns-Noechel),17,200,2.3877
S-N (Stearns-Noechel),17,201,1.3154
S-N (Stearns-Noechel),17,202,1.8451
S-N (Stearns-Noechel),17,203,3.1080
S-N (Stearns-Noechel),17,204,3.1029
S-N (Stearns-Noechel),17,205,3.6054
S-N (Stearns-Noechel),17,206,3.0484
S-N (Stearns-Noechel),17,207,2.4142
S-N (Stearns-Noechel),17,208,3.3284
S-N (Stearns-Noechel),17,209,3.7368
S-N (Stearns-Noechel),17,210,2.5145
S-N (Stearns-Noechel),17,211,2.1023
S-N (Stearns-Noechel),17,212,2.8510
S-N (Stearns-Noechel),17,213,3.5506
S-N (Stearns-Noechel),17,214,1.8591
S-N (Stearns-Noechel),17,215,2.5583
S-N (Stearns-Noechel),17,216,3.0314
S-N (Stearns-Noechel),17,217,4.0143
S-N (Stearns-Noechel),17,218,2.7521
S-N (Stearns-Noechel),17,219,2.5015
S-N (Stearns-Noechel),17,220,9.4272
S-N (Stearns-Noechel),17,221,3.1713
S-N (Stearns-Noechel),17,222,3.5164
S-N (Stearns-Noechel),17,223,8.2199
S-N (Stearns-Noechel),17,224,5.4145
S-N (Stearns-Noechel),17,233,2.5431
S-N (Stearns-Noechel),17,258,1.4354
S-N (Stearns-Noechel),17,283,1.8636
S-N (Stearns-Noechel),17,308,2.2163
S-N (Stearns-Noechel),17,333,1.7289
S-N (Stearns-Noechel),17,358,2.9982
S-N (Stearns-Noechel),17,383,2.0848
S-N (Stearns-Noechel),17,408,2.9208
S-N (Stearns-Noechel),17,433,4.8268
S-N (Stearns-Noechel),17,458,2.7735
S-N (Stearns-Noechel),17,483,1.3700
S-N (Stearns-Noechel),17,508,15.0505
S-N (Stearns-Noechel),17,533,8.2039
S-N (Stearns-Noechel),17,558,7.8318
S-N (Stearns-Noechel),17,583,9.7398
S-N (Stearns-Noechel),17,608,9.2712
S-N (Stearns-Noechel),18,9,1.2598
S-N (Stearns-Noechel),18,34,3.4858
S-N (Stearns-Noechel),18,59,1.8749
S-N (Stearns-Noechel),18,84,3.1708
S-N (Stearns-Noechel),18,109,3.6105
S-N (Stearns-Noechel),18,134,4.8892
S-N (Stearns-Noechel),18,159,7.3648
S-N (Stearns-Noechel),18,184,4.1721
S-N (Stearns-Noechel),18,209,3.7882
S-N (Stearns-Noechel),18,225,0.9462
S-N (Stearns-Noechel),18,226,3.3349
S-N (Stearns-Noechel),18,227,3.2329
S-N (Stearns-Noechel),18,228,4.2584
S-N (Stearns-Noechel),18,229,6.6710
S-N (Stearns-Noechel),18,230,6.5625
S-N (Stearns-Noechel),18,231,3.6364
S-N (Stearns-Noechel),18,232,4.6937
S-N (Stearns-Noechel),18,233,2.5794
S-N (Stearns-Noechel),18,234,2.9524
S-N (Stearns-Noechel),18,235,3.3344
S-N (Stearns-Noechel),18,236,2.9882
S-N (Stearns-Noechel),18,237,3.4456
S-N (Stearns-Noechel),18,238,3.0151
S-N (Stearns-Noechel),18,239,3.0973
S-N (Stearns-Noechel),18,240,3.5512
S-N (Stearns-Noechel),18,241,3.4951
S-N (Stearns-Noechel),18,242,3.6744
S-N (Stearns-Noechel),18,243,3.7440
S-N (Stearns-Noechel),18,244,2.8860
S-N (Stearns-Noechel),18,245,7.3470
S-N (Stearns-Noechel),18,246,3.2264
S-N (Stearns-Noechel),18,247,3.7092
S-N (Stearns-Noechel),18,248,7.0392
S-N (Stearns-Noechel),18,249,8.3290
S-N (Stearns-Noechel),18,259,1.8170
S-N (Stearns-Noechel),18,284,2.6335
S-N (Stearns-Noechel),18,309,1.5681
S-N (Stearns-Noechel),18,334,2.0191
S-N (Stearns-Noechel),18,359,1.1956
S-N (Stearns-Noechel),18,384,2.8831
S-N (Stearns-Noechel),18,409,2.9177
S-N (Stearns-Noechel),18,434,3.8674
S-N (Stearns-Noechel),18,459,1.4577
S-N (Stearns-Noechel),18,484,2.5331
S-N (Stearns-Noechel),18,509,10.3795
S-N (Stearns-Noechel),18,534,1.9780
S-N (Stearns-Noechel),18,559,1.4563
S-N (Stearns-Noechel),18,584,5.1934
S-N (Stearns-Noechel),18,609,6.4759
S-N (Stearns-Noechel),19,10,4.4180
S-N (Stearns-Noechel),19,35,7.0774
S-N (Stearns-Noechel),19,60,5.0781
S-N (Stearns-Noechel),19,85,4.5841
S-N (Stearns-Noechel),19,110,3.3405
S-N (Stearns-Noechel),19,135,3.3273
S-N (Stearns-Noechel),19,160,4.8595
S-N (Stearns-Noechel),19,185,4.0922
S-N (Stearns-Noechel),19,210,2.3888
S-N (Stearns-Noechel),19,235,3.1425
S-N (Stearns-Noechel),19,250,3.5398
S-N (Stearns-Noechel),19,251,5.1940
S-N (Stearns-Noechel),19,252,3.8887
S-N (Stearns-Noechel),19,253,5.3628
S-N (Stearns-Noechel),19,254,3.7075
S-N (Stearns-Noechel),19,255,2.0649
S-N (Stearns-Noechel),19,256,2.7338
S-N (Stearns-Noechel),19,257,2.3605
S-N (Stearns-Noechel),19,258,1.4245
S-N (Stearns-Noechel),19,259,1.8251
S-N (Stearns-Noechel),19,260,2.2213
S-N (Stearns-Noechel),19,261,4.6913
S-N (Stearns-Noechel),19,262,3.4227
S-N (Stearns-Noechel),19,263,1.7186
S-N (Stearns-Noechel),19,264,2.3984
S-N (Stearns-Noechel),19,265,3.3600
S-N (Stearns-Noechel),19,266,1.7669
S-N (Stearns-Noechel),19,267,3.0997
S-N (Stearns-Noechel),19,268,3.6430
S-N (Stearns-Noechel),19,269,4.0726
S-N (Stearns-Noechel),19,270,11.1675
S-N (Stearns-Noechel),19,271,1.9094
S-N (Stearns-Noechel),19,272,2.1962
S-N (Stearns-Noechel),19,273,4.6301
S-N (Stearns-Noechel),19,274,5.3288
S-N (Stearns-Noechel),19,285,4.4556
S-N (Stearns-Noechel),19,310,3.4510
S-N (Stearns-Noechel),19,335,1.6245
S-N (Stearns-Noechel),19,360,2.7430
S-N (Stearns-Noechel),19,385,2.6032
S-N (Stearns-Noechel),19,410,1.8842
S-N (Stearns-Noechel),19,435,2.8689
S-N (Stearns-Noechel),19,460,3.3849
S-N (Stearns-Noechel),19,485,3.7466
S-N (Stearns-Noechel),19,510,12.3983
S-N (Stearns-Noechel),19,535,2.3788
S-N (Stearns-Noechel),19,560,2.0345
S-N (Stearns-Noechel),19,585,5.9091
S-N (Stearns-Noechel),19,610,5.1113
S-N (Stearns-Noechel),20,11,4.8762
S-N (Stearns-Noechel),20,36,2.0268
S-N (Stearns-Noechel),20,61,1.7283
S-N (Stearns-Noechel),20,86,2.5453
S-N (Stearns-Noechel),20,111,2.7205
S-N (Stearns-Noechel),20,136,4.6997
S-N (Stearns-Noechel),20,161,8.7479
S-N (Stearns-Noechel),20,186,5.9660
S-N (Stearns-Noechel),20,211,2.0906
S-N (Stearns-Noechel),20,236,2.7497
S-N (Stearns-Noechel),20,261,4.7022
S-N (Stearns-Noechel),20,275,4.5553
S-N (Stearns-Noechel),20,276,1.3263
S-N (Stearns-Noechel),20,277,1.8745
S-N (Stearns-Noechel),20,278,3.2730
S-N (Stearns-Noechel),20,279,3.3321
S-N (Stearns-Noechel),20,280,3.6484
S-N (Stearns-Noechel),20,281,5.8100
S-N (Stearns-Noechel),20,282,4.6341
S-N (Stearns-Noechel),20,283,1.8326
S-N (Stearns-Noechel),20,284,2.4527
S-N (Stearns-Noechel),20,285,4.4677
S-N (Stearns-Noechel),20,286,1.6869
S-N (Stearns-Noechel),20,287,2.9104
S-N (Stearns-Noechel),20,288,4.9788
S-N (Stearns-Noechel),20,289,4.0871
S-N (Stearns-Noechel),20,290,5.6483
S-N (Stearns-Noechel),20,291,2.5385
S-N (Stearns-Noechel),20,292,2.6559
S-N (Stearns-Noechel),20,293,1.8927
S-N (Stearns-Noechel),20,294,4.6127
S-N (Stearns-Noechel),20,295,9.2850
S-N (Stearns-Noechel),20,296,3.0641
S-N (Stearns-Noechel),20,297,3.3556
S-N (Stearns-Noechel),20,298,3.4018
S-N (Stearns-Noechel),20,299,2.4190
S-N (Stearns-Noechel),20,311,3.1763
S-N (Stearns-Noechel),20,336,4.1280
S-N (Stearns-Noechel),20,361,4.8329
S-N (Stearns-Noechel),20,386,3.7479
S-N (Stearns-Noechel),20,411,3.0133
S-N (Stearns-Noechel),20,436,2.1098
S-N (Stearns-Noechel),20,461,2.1244
S-N (Stearns-Noechel),20,486,4.1805
S-N (Stearns-Noechel),20,511,9.6335
S-N (Stearns-Noechel),20,536,2.0199
S-N (Stearns-Noechel),20,561,2.6426
S-N (Stearns-Noechel),20,586,3.7091
S-N (Stearns-Noechel),20,611,3.1313
S-N (Stearns-Noechel),21,12,5.2823
S-N (Stearns-Noechel),21,37,3.0689
S-N (Stearns-Noechel),21,62,2.5378
S-N (Stearns-Noechel),21,87,3.2716
S-N (Stearns-Noechel),21,112,2.3042
S-N (Stearns-Noechel),21,137,2.9163
S-N (Stearns-Noechel),21,162,5.0766
S-N (Stearns-Noechel),21,187,3.0880
S-N (Stearns-Noechel),21,212,2.7646
S-N (Stearns-Noechel),21,237,3.1692
S-N (Stearns-Noechel),21,262,3.4080
S-N (Stearns-Noechel),21,287,2.9033
S-N (Stearns-Noechel),21,300,5.0073
S-N (Stearns-Noechel),21,301,2.8008
S-N (Stearns-Noechel),21,302,1.9230
S-N (Stearns-Noechel),21,303,4.3960
S-N (Stearns-Noechel),21,304,3.0417
S-N (Stearns-Noechel),21,305,1.8536
S-N (Stearns-Noechel),21,306,4.1071
S-N (Stearns-Noechel),21,307,2.6145
S-N (Stearns-Noechel),21,308,2.2028
S-N (Stearns-Noechel),21,309,1.5781
S-N (Stearns-Noechel),21,310,3.4557
S-N (Stearns-Noechel),21,311,3.1703
S-N (Stearns-Noechel),21,312,2.7454
S-N (Stearns-Noechel),21,313,3.5634
S-N (Stearns-Noechel),21,314,1.9307
S-N (Stearns-Noechel),21,315,2.9660
S-N (Stearns-Noechel),21,316,2.7686
S-N (Stearns-Noechel),21,317,2.6051
S-N (Stearns-Noechel),21,318,2.7479
S-N (Stearns-Noechel),21,319,4.0392
S-N (Stearns-Noechel),21,320,9.6812
S-N (Stearns-Noechel),21,321,2.9525
S-N (Stearns-Noechel),21,322,3.0833
S-N (Stearns-Noechel),21,323,3.5030
S-N (Stearns-Noechel),21,324,4.4888
S-N (Stearns-Noechel),21,337,1.6162
S-N (Stearns-Noechel),21,362,1.7818
S-N (Stearns-Noechel),21,387,2.5149
S-N (Stearns-Noechel),21,412,2.6986
S-N (Stearns-Noechel),21,437,2.9814
S-N (Stearns-Noechel),21,462,2.6097
S-N (Stearns-Noechel),21,487,4.0667
S-N (Stearns-Noechel),21,512,9.1090
S-N (Stearns-Noechel),21,537,2.9911
S-N (Stearns-Noechel),21,562,2.3201
S-N (Stearns-Noechel),21,587,3.4226
S-N (Stearns-Noechel),21,612,3.9063
S-N (Stearns-Noechel),22,13,3.1935
S-N (Stearns-Noechel),22,38,5.8862
S-N (Stearns-Noechel),22,63,5.3993
S-N (Stearns-Noechel),22,88,4.4292
S-N (Stearns-Noechel),22,113,5.0021
S-N (Stearns-Noechel),22,138,5.3954
S-N (Stearns-Noechel),22,163,5.7094
S-N (Stearns-Noechel),22,188,4.9598
S-N (Stearns-Noechel),22,213,3.3490
S-N (Stearns-Noechel),22,238,2.9325
S-N (Stearns-Noechel),22,263,1.7194
S-N (Stearns-Noechel),22,288,4.9331
S-N (Stearns-Noechel),22,313,3.5208
S-N (Stearns-Noechel),22,325,2.2993
S-N (Stearns-Noechel),22,326,4.4952
S-N (Stearns-Noechel),22,327,3.5267
S-N (Stearns-Noechel),22,328,6.4267
S-N (Stearns-Noechel),22,329,4.0699
S-N (Stearns-Noechel),22,330,2.4248
S-N (Stearns-Noechel),22,331,2.3646
S-N (Stearns-Noechel),22,332,2.4105
S-N (Stearns-Noechel),22,333,1.6838
S-N (Stearns-Noechel),22,334,2.0596
S-N (Stearns-Noechel),22,335,1.6235
S-N (Stearns-Noechel),22,336,4.1274
S-N (Stearns-Noechel),22,337,1.6180
S-N (Stearns-Noechel),22,338,1.5828
S-N (Stearns-Noechel),22,339,1.3541
S-N (Stearns-Noechel),22,340,1.7987
S-N (Stearns-Noechel),22,341,1.4970
S-N (Stearns-Noechel),22,342,2.5885
S-N (Stearns-Noechel),22,343,2.6140
S-N (Stearns-Noechel),22,344,2.2011
S-N (Stearns-Noechel),22,345,9.7771
S-N (Stearns-Noechel),22,346,1.6636
S-N (Stearns-Noechel),22,347,1.5397
S-N (Stearns-Noechel),22,348,3.0985
S-N (Stearns-Noechel),22,349,3.8845
S-N (Stearns-Noechel),22,363,1.9736
S-N (Stearns-Noechel),22,388,2.0608
S-N (Stearns-Noechel),22,413,1.9653
S-N (Stearns-Noechel),22,438,3.5920
S-N (Stearns-Noechel),22,463,4.7067
S-N (Stearns-Noechel),22,488,1.8820
S-N (Stearns-Noechel),22,513,12.2745
S-N (Stearns-Noechel),22,538,1.8509
S-N (Stearns-Noechel),22,563,1.8882
S-N (Stearns-Noechel),22,588,4.7610
S-N (Stearns-Noechel),22,613,6.4222
S-N (Stearns-Noechel),23,14,7.2319
S-N (Stearns-Noechel),23,39,7.1840
S-N (Stearns-Noechel),23,64,4.6866
S-N (Stearns-Noechel),23,89,4.3091
S-N (Stearns-Noechel),23,114,2.9400
S-N (Stearns-Noechel),23,139,2.7474
S-N (Stearns-Noechel),23,164,3.8268
S-N (Stearns-Noechel),23,189,3.0233
S-N (Stearns-Noechel),23,214,1.6953
S-N (Stearns-Noechel),23,239,2.7423
S-N (Stearns-Noechel),23,264,2.3689
S-N (Stearns-Noechel),23,289,4.0871
S-N (Stearns-Noechel),23,314,1.9227
S-N (Stearns-Noechel),23,339,1.3615
S-N (Stearns-Noechel),23,350,6.9661
S-N (Stearns-Noechel),23,351,6.5884
S-N (Stearns-Noechel),23,352,4.2957
S-N (Stearns-Noechel),23,353,4.7313
S-N (Stearns-Noechel),23,354,3.2002
S-N (Stearns-Noechel),23,355,1.7409
S-N (Stearns-Noechel),23,356,4.3879
S-N (Stearns-Noechel),23,357,2.5038
S-N (Stearns-Noechel),23,358,3.0450
S-N (Stearns-Noechel),23,359,1.1247
S-N (Stearns-Noechel),23,360,2.7696
S-N (Stearns-Noechel),23,361,4.8849
S-N (Stearns-Noechel),23,362,1.7807
S-N (Stearns-Noechel),23,363,2.0611
S-N (Stearns-Noechel),23,364,2.8726
S-N (Stearns-Noechel),23,365,2.6464
S-N (Stearns-Noechel),23,366,2.5896
S-N (Stearns-Noechel),23,367,2.3234
S-N (Stearns-Noechel),23,368,3.1794
S-N (Stearns-Noechel),23,369,3.9121
S-N (Stearns-Noechel),23,370,7.8646
S-N (Stearns-Noechel),23,371,1.3273
S-N (Stearns-Noechel),23,372,2.4031
S-N (Stearns-Noechel),23,373,3.6204
S-N (Stearns-Noechel),23,374,6.1620
S-N (Stearns-Noechel),23,389,2.3534
S-N (Stearns-Noechel),23,414,1.6796
S-N (Stearns-Noechel),23,439,2.7461
S-N (Stearns-Noechel),23,464,2.9260
S-N (Stearns-Noechel),23,489,4.0703
S-N (Stearns-Noechel),23,514,12.1401
S-N (Stearns-Noechel),23,539,5.4365
S-N (Stearns-Noechel),23,564,7.3276
S-N (Stearns-Noechel),23,589,7.6645
S-N (Stearns-Noechel),23,614,7.8066
S-N (Stearns-Noechel),24,15,4.7790
S-N (Stearns-Noechel),24,40,5.5737
S-N (Stearns-Noechel),24,65,3.7745
S-N (Stearns-Noechel),24,90,4.2961
S-N (Stearns-Noechel),24,115,3.3776
S-N (Stearns-Noechel),24,140,3.2427
S-N (Stearns-Noechel),24,165,4.7687
S-N (Stearns-Noechel),24,190,3.4577
S-N (Stearns-Noechel),24,215,2.4383
S-N (Stearns-Noechel),24,240,3.3248
S-N (Stearns-Noechel),24,265,3.3782
S-N (Stearns-Noechel),24,290,5.6961
S-N (Stearns-Noechel),24,315,2.9707
S-N (Stearns-Noechel),24,340,1.8121
S-N (Stearns-Noechel),24,365,2.6138
S-N (Stearns-Noechel),24,375,4.9478
S-N (Stearns-Noechel),24,376,5.6826
S-N (Stearns-Noechel),24,377,2.9872
S-N (Stearns-Noechel),24,378,6.2398
S-N (Stearns-Noechel),24,379,3.9870
S-N (Stearns-Noechel),24,380,3.0036
S-N (Stearns-Noechel),24,381,4.4877
S-N (Stearns-Noechel),24,382,3.9569
S-N (Stearns-Noechel),24,383,2.1864
S-N (Stearns-Noechel),24,384,3.0332
S-N (Stearns-Noechel),24,385,2.5870
S-N (Stearns-Noechel),24,386,3.7355
S-N (Stearns-Noechel),24,387,2.5265
S-N (Stearns-Noechel),24,388,2.0948
S-N (Stearns-Noechel),24,389,2.3877
S-N (Stearns-Noechel),24,390,2.8648
S-N (Stearns-Noechel),24,391,1.8342
S-N (Stearns-Noechel),24,392,2.9369
S-N (Stearns-Noechel),24,393,2.9168
S-N (Stearns-Noechel),24,394,4.9963
S-N (Stearns-Noechel),24,395,10.4951
S-N (Stearns-Noechel),24,396,2.3400
S-N (Stearns-Noechel),24,397,2.0689
S-N (Stearns-Noechel),24,398,6.0434
S-N (Stearns-Noechel),24,399,5.7050
S-N (Stearns-Noechel),24,415,2.5293
S-N (Stearns-Noechel),24,440,3.1495
S-N (Stearns-Noechel),24,465,4.9027
S-N (Stearns-Noechel),24,490,4.3734
S-N (Stearns-Noechel),24,515,10.9253
S-N (Stearns-Noechel),24,540,1.9771
S-N (Stearns-Noechel),24,565,1.8664
S-N (Stearns-Noechel),24,590,4.7670
S-N (Stearns-Noechel),24,615,4.9873
S-N (Stearns-Noechel),25,16,2.6192
S-N (Stearns-Noechel),25,41,3.4523
S-N (Stearns-Noechel),25,66,1.9839
S-N (Stearns-Noechel),25,91,3.3388
S-N (Stearns-Noechel),25,116,2.4796
S-N (Stearns-Noechel),25,141,4.1531
S-N (Stearns-Noechel),25,166,6.9881
S-N (Stearns-Noechel),25,191,5.2378
S-N (Stearns-Noechel),25,216,2.9586
S-N (Stearns-Noechel),25,241,3.3301
S-N (Stearns-Noechel),25,266,1.7700
S-N (Stearns-Noechel),25,291,2.5309
S-N (Stearns-Noechel),25,316,2.7182
S-N (Stearns-Noechel),25,341,1.4704
S-N (Stearns-Noechel),25,366,2.4711
S-N (Stearns-Noechel),25,391,1.8344
S-N (Stearns-Noechel),25,400,3.7558
S-N (Stearns-Noechel),25,401,4.5670
S-N (Stearns-Noechel),25,402,2.9909
S-N (Stearns-Noechel),25,403,6.8196
S-N (Stearns-Noechel),25,404,4.8233
S-N (Stearns-Noechel),25,405,4.7298
S-N (Stearns-Noechel),25,406,6.2357
S-N (Stearns-Noechel),25,407,5.1768
S-N (Stearns-Noechel),25,408,2.9939
S-N (Stearns-Noechel),25,409,3.0612
S-N (Stearns-Noechel),25,410,1.8916
S-N (Stearns-Noechel),25,411,3.0709
S-N (Stearns-Noechel),25,412,2.7157
S-N (Stearns-Noechel),25,413,1.9919
S-N (Stearns-Noechel),25,414,1.7270
S-N (Stearns-Noechel),25,415,2.5257
S-N (Stearns-Noechel),25,416,1.8635
S-N (Stearns-Noechel),25,417,2.1363
S-N (Stearns-Noechel),25,418,2.8241
S-N (Stearns-Noechel),25,419,5.0186
S-N (Stearns-Noechel),25,420,10.8794
S-N (Stearns-Noechel),25,421,2.0009
S-N (Stearns-Noechel),25,422,1.6667
S-N (Stearns-Noechel),25,423,5.7994
S-N (Stearns-Noechel),25,424,5.4677
S-N (Stearns-Noechel),25,441,3.5019
S-N (Stearns-Noechel),25,466,1.8305
S-N (Stearns-Noechel),25,491,2.9218
S-N (Stearns-Noechel),25,516,9.3181
S-N (Stearns-Noechel),25,541,4.0366
S-N (Stearns-Noechel),25,566,4.0112
S-N (Stearns-Noechel),25,591,4.2101
S-N (Stearns-Noechel),25,616,3.4814
S-N (Stearns-Noechel),27,17,4.1900
S-N (Stearns-Noechel),27,42,4.9723
S-N (Stearns-Noechel),27,67,3.6612
S-N (Stearns-Noechel),27,92,2.9872
S-N (Stearns-Noechel),27,117,2.7726
S-N (Stearns-Noechel),27,142,3.0193
S-N (Stearns-Noechel),27,167,3.7068
S-N (Stearns-Noechel),27,192,2.5923
S-N (Stearns-Noechel),27,217,3.8207
S-N (Stearns-Noechel),27,242,3.3596
S-N (Stearns-Noechel),27,267,3.1522
S-N (Stearns-Noechel),27,292,2.7234
S-N (Stearns-Noechel),27,317,2.5986
S-N (Stearns-Noechel),27,342,2.6095
S-N (Stearns-Noechel),27,367,2.3397
S-N (Stearns-Noechel),27,392,2.9360
S-N (Stearns-Noechel),27,417,2.1254
S-N (Stearns-Noechel),27,425,3.7902
S-N (Stearns-Noechel),27,426,7.0750
S-N (Stearns-Noechel),27,427,4.8123
S-N (Stearns-Noechel),27,428,5.6505
S-N (Stearns-Noechel),27,429,3.4790
S-N (Stearns-Noechel),27,430,2.9904
S-N (Stearns-Noechel),27,431,3.9926
S-N (Stearns-Noechel),27,432,2.7601
S-N (Stearns-Noechel),27,433,4.9986
S-N (Stearns-Noechel),27,434,4.0930
S-N (Stearns-Noechel),27,435,2.8560
S-N (Stearns-Noechel),27,436,2.1478
S-N (Stearns-Noechel),27,437,3.0027
S-N (Stearns-Noechel),27,438,3.6741
S-N (Stearns-Noechel),27,439,2.7275
S-N (Stearns-Noechel),27,440,3.1509
S-N (Stearns-Noechel),27,441,3.5221
S-N (Stearns-Noechel),27,442,5.5707
S-N (Stearns-Noechel),27,443,2.1399
S-N (Stearns-Noechel),27,444,3.7144
S-N (Stearns-Noechel),27,445,9.7077
S-N (Stearns-Noechel),27,446,4.2329
S-N (Stearns-Noechel),27,447,2.5783
S-N (Stearns-Noechel),27,448,5.7065
S-N (Stearns-Noechel),27,449,5.0856
S-N (Stearns-Noechel),27,467,2.8609
S-N (Stearns-Noechel),27,492,2.9054
S-N (Stearns-Noechel),27,517,9.5246
S-N (Stearns-Noechel),27,542,2.3911
S-N (Stearns-Noechel),27,567,2.4682
S-N (Stearns-Noechel),27,592,3.0232
S-N (Stearns-Noechel),27,617,3.1867
S-N (Stearns-Noechel),30,18,4.6618
S-N (Stearns-Noechel),30,43,1.6313
S-N (Stearns-Noechel),30,68,2.1915
S-N (Stearns-Noechel),30,93,2.9148
S-N (Stearns-Noechel),30,118,2.5044
S-N (Stearns-Noechel),30,143,3.8938
S-N (Stearns-Noechel),30,168,7.6526
S-N (Stearns-Noechel),30,193,4.2594
S-N (Stearns-Noechel),30,218,2.6729
S-N (Stearns-Noechel),30,243,3.2695
S-N (Stearns-Noechel),30,268,3.6254
S-N (Stearns-Noechel),30,293,1.8947
S-N (Stearns-Noechel),30,318,2.7426
S-N (Stearns-Noechel),30,343,2.6343
S-N (Stearns-Noechel),30,368,3.0753
S-N (Stearns-Noechel),30,393,2.9130
S-N (Stearns-Noechel),30,418,2.8361
S-N (Stearns-Noechel),30,443,2.1402
S-N (Stearns-Noechel),30,450,3.8925
S-N (Stearns-Noechel),30,451,3.7159
S-N (Stearns-Noechel),30,452,3.1161
S-N (Stearns-Noechel),30,453,5.5059
S-N (Stearns-Noechel),30,454,3.8786
S-N (Stearns-Noechel),30,455,3.8791
S-N (Stearns-Noechel),30,456,7.2873
S-N (Stearns-Noechel),30,457,5.4341
S-N (Stearns-Noechel),30,458,2.8649
S-N (Stearns-Noechel),30,459,1.6412
S-N (Stearns-Noechel),30,460,3.3937
S-N (Stearns-Noechel),30,461,2.1317
S-N (Stearns-Noechel),30,462,2.6216
S-N (Stearns-Noechel),30,463,4.8245
S-N (Stearns-Noechel),30,464,2.9964
S-N (Stearns-Noechel),30,465,4.9119
S-N (Stearns-Noechel),30,466,1.8283
S-N (Stearns-Noechel),30,467,2.8521
S-N (Stearns-Noechel),30,468,1.9965
S-N (Stearns-Noechel),30,469,5.1986
S-N (Stearns-Noechel),30,470,9.3054
S-N (Stearns-Noechel),30,471,2.0612
S-N (Stearns-Noechel),30,472,2.9000
S-N (Stearns-Noechel),30,473,4.8983
S-N (Stearns-Noechel),30,474,4.2613
S-N (Stearns-Noechel),30,493,3.9264
S-N (Stearns-Noechel),30,518,9.1429
S-N (Stearns-Noechel),30,543,2.0784
S-N (Stearns-Noechel),30,568,2.1423
S-N (Stearns-Noechel),30,593,3.8265
S-N (Stearns-Noechel),30,618,3.4111
S-N (Stearns-Noechel),37,19,9.0193
S-N (Stearns-Noechel),37,44,6.1244
S-N (Stearns-Noechel),37,69,4.4856
S-N (Stearns-Noechel),37,94,5.3418
S-N (Stearns-Noechel),37,119,4.5549
S-N (Stearns-Noechel),37,144,3.8903
S-N (Stearns-Noechel),37,169,5.5470
S-N (Stearns-Noechel),37,194,4.4997
S-N (Stearns-Noechel),37,219,2.4698
S-N (Stearns-Noechel),37,244,2.8238
S-N (Stearns-Noechel),37,269,4.1000
S-N (Stearns-Noechel),37,294,4.6283
S-N (Stearns-Noechel),37,319,4.0363
S-N (Stearns-Noechel),37,344,2.2322
S-N (Stearns-Noechel),37,369,3.8193
S-N (Stearns-Noechel),37,394,4.9983
S-N (Stearns-Noechel),37,419,5.0029
S-N (Stearns-Noechel),37,444,3.7117
S-N (Stearns-Noechel),37,469,5.1817
S-N (Stearns-Noechel),37,475,6.5731
S-N (Stearns-Noechel),37,476,4.5881
S-N (Stearns-Noechel),37,477,1.9292
S-N (Stearns-Noechel),37,478,6.7400
S-N (Stearns-Noechel),37,479,4.9800
S-N (Stearns-Noechel),37,480,4.1174
S-N (Stearns-Noechel),37,481,5.7370
S-N (Stearns-Noechel),37,482,4.7102
S-N (Stearns-Noechel),37,483,1.3766
S-N (Stearns-Noechel),37,484,2.5321
S-N (Stearns-Noechel),37,485,3.7321
S-N (Stearns-Noechel),37,486,4.1861
S-N (Stearns-Noechel),37,487,4.0742
S-N (Stearns-Noechel),37,488,1.8749
S-N (Stearns-Noechel),37,489,4.0564
S-N (Stearns-Noechel),37,490,4.3778
S-N (Stearns-Noechel),37,491,2.9172
S-N (Stearns-Noechel),37,492,2.9093
S-N (Stearns-Noechel),37,493,3.9184
S-N (Stearns-Noechel),37,494,6.7708
S-N (Stearns-Noechel),37,495,11.0487
S-N (Stearns-Noechel),37,496,1.5060
S-N (Stearns-Noechel),37,497,2.9646
S-N (Stearns-Noechel),37,498,6.3468
S-N (Stearns-Noechel),37,499,5.9563
S-N (Stearns-Noechel),37,519,11.4711
S-N (Stearns-Noechel),37,544,2.7774
S-N (Stearns-Noechel),37,569,2.6982
S-N (Stearns-Noechel),37,594,5.8546
S-N (Stearns-Noechel),37,619,5.6810
S-N (Stearns-Noechel),38,20,11.0503
S-N (Stearns-Noechel),38,45,8.2735
S-N (Stearns-Noechel),38,70,9.7258
S-N (Stearns-Noechel),38,95,9.9460
S-N (Stearns-Noechel),38,120,8.4968
S-N (Stearns-Noechel),38,145,7.8434
S-N (Stearns-Noechel),38,170,10.5245
S-N (Stearns-Noechel),38,195,8.2069
S-N (Stearns-Noechel),38,220,9.4207
S-N (Stearns-Noechel),38,245,7.3509
S-N (Stearns-Noechel),38,270,11.1978
S-N (Stearns-Noechel),38,295,9.2899
S-N (Stearns-Noechel),38,320,9.6804
S-N (Stearns-Noechel),38,345,9.7828
S-N (Stearns-Noechel),38,370,7.8737
S-N (Stearns-Noechel),38,395,10.4810
S-N (Stearns-Noechel),38,420,10.8529
S-N (Stearns-Noechel),38,445,9.6893
S-N (Stearns-Noechel),38,470,9.3126
S-N (Stearns-Noechel),38,495,11.0531
S-N (Stearns-Noechel),38,500,11.7331
S-N (Stearns-Noechel),38,501,8.6265
S-N (Stearns-Noechel),38,502,11.6263
S-N (Stearns-Noechel),38,503,10.0889
S-N (Stearns-Noechel),38,504,8.4127
S-N (Stearns-Noechel),38,505,8.2407
S-N (Stearns-Noechel),38,506,10.1988
S-N (Stearns-Noechel),38,507,5.9274
S-N (Stearns-Noechel),38,508,15.0730
S-N (Stearns-Noechel),38,509,10.2897
S-N (Stearns-Noechel),38,510,12.4549
S-N (Stearns-Noechel),38,511,9.6362
S-N (Stearns-Noechel),38,512,9.1079
S-N (Stearns-Noechel),38,513,12.3478
S-N (Stearns-Noechel),38,514,12.1622
S-N (Stearns-Noechel),38,515,10.9567
S-N (Stearns-Noechel),38,516,9.3432
S-N (Stearns-Noechel),38,517,9.5543
S-N (Stearns-Noechel),38,518,9.1326
S-N (Stearns-Noechel),38,519,11.4867
S-N (Stearns-Noechel),38,520,16.4817
S-N (Stearns-Noechel),38,521,12.0770
S-N (Stearns-Noechel),38,522,13.5719
S-N (Stearns-Noechel),38,523,10.8017
S-N (Stearns-Noechel),38,524,10.0466
S-N (Stearns-Noechel),38,545,9.8741
S-N (Stearns-Noechel),38,570,9.2643
S-N (Stearns-Noechel),38,595,10.7268
S-N (Stearns-Noechel),38,620,10.3646
S-N (Stearns-Noechel),40,21,1.4777
S-N (Stearns-Noechel),40,46,3.8180
S-N (Stearns-Noechel),40,71,2.1366
S-N (Stearns-Noechel),40,96,3.7788
S-N (Stearns-Noechel),40,121,2.7949
S-N (Stearns-Noechel),40,146,3.4297
S-N (Stearns-Noechel),40,171,5.8550
S-N (Stearns-Noechel),40,196,4.2115
S-N (Stearns-Noechel),40,221,3.1132
S-N (Stearns-Noechel),40,246,3.1638
S-N (Stearns-Noechel),40,271,1.9089
S-N (Stearns-Noechel),40,296,3.0860
S-N (Stearns-Noechel),40,321,2.9164
S-N (Stearns-Noechel),40,346,1.6660
S-N (Stearns-Noechel),40,371,1.2598
S-N (Stearns-Noechel),40,396,2.3080
S-N (Stearns-Noechel),40,421,1.9861
S-N (Stearns-Noechel),40,446,4.1410
S-N (Stearns-Noechel),40,471,1.9880
S-N (Stearns-Noechel),40,496,1.5326
S-N (Stearns-Noechel),40,521,12.0758
S-N (Stearns-Noechel),40,525,1.3779
S-N (Stearns-Noechel),40,526,3.2461
S-N (Stearns-Noechel),40,527,6.7197
S-N (Stearns-Noechel),40,528,4.0872
S-N (Stearns-Noechel),40,529,3.2684
S-N (Stearns-Noechel),40,530,3.3765
S-N (Stearns-Noechel),40,531,3.6878
S-N (Stearns-Noechel),40,532,4.1268
S-N (Stearns-Noechel),40,533,8.2133
S-N (Stearns-Noechel),40,534,2.0243
S-N (Stearns-Noechel),40,535,2.3911
S-N (Stearns-Noechel),40,536,2.0243
S-N (Stearns-Noechel),40,537,2.9431
S-N (Stearns-Noechel),40,538,1.8441
S-N (Stearns-Noechel),40,539,5.4098
S-N (Stearns-Noechel),40,540,1.9923
S-N (Stearns-Noechel),40,541,4.0703
S-N (Stearns-Noechel),40,542,2.4464
S-N (Stearns-Noechel),40,543,1.9982
S-N (Stearns-Noechel),40,544,2.7491
S-N (Stearns-Noechel),40,545,9.8717
S-N (Stearns-Noechel),40,546,1.9734
S-N (Stearns-Noechel),40,547,3.7996
S-N (Stearns-Noechel),40,548,5.3533
S-N (Stearns-Noechel),40,549,3.3339
S-N (Stearns-Noechel),40,571,1.6914
S-N (Stearns-Noechel),40,596,5.7359
S-N (Stearns-Noechel),40,621,5.3240
S-N (Stearns-Noechel),41,22,1.5128
S-N (Stearns-Noechel),41,47,3.7270
S-N (Stearns-Noechel),41,72,1.5943
S-N (Stearns-Noechel),41,97,3.8662
S-N (Stearns-Noechel),41,122,2.8540
S-N (Stearns-Noechel),41,147,5.1970
S-N (Stearns-Noechel),41,172,6.8069
S-N (Stearns-Noechel),41,197,5.7553
S-N (Stearns-Noechel),41,222,3.4773
S-N (Stearns-Noechel),41,247,3.6302
S-N (Stearns-Noechel),41,272,2.2107
S-N (Stearns-Noechel),41,297,3.3942
S-N (Stearns-Noechel),41,322,3.0906
S-N (Stearns-Noechel),41,347,1.5616
S-N (Stearns-Noechel),41,372,2.3843
S-N (Stearns-Noechel),41,397,2.1040
S-N (Stearns-Noechel),41,422,1.6806
S-N (Stearns-Noechel),41,447,2.5372
S-N (Stearns-Noechel),41,472,2.9956
S-N (Stearns-Noechel),41,497,3.0412
S-N (Stearns-Noechel),41,522,13.5870
S-N (Stearns-Noechel),41,547,3.7977
S-N (Stearns-Noechel),41,550,1.6707
S-N (Stearns-Noechel),41,551,3.4776
S-N (Stearns-Noechel),41,552,7.4777
S-N (Stearns-Noechel),41,553,4.1295
S-N (Stearns-Noechel),41,554,2.9271
S-N (Stearns-Noechel),41,555,2.1940
S-N (Stearns-Noechel),41,556,3.2357
S-N (Stearns-Noechel),41,557,3.7542
S-N (Stearns-Noechel),41,558,7.8455
S-N (Stearns-Noechel),41,559,1.4952
S-N (Stearns-Noechel),41,560,2.0382
S-N (Stearns-Noechel),41,561,2.6434
S-N (Stearns-Noechel),41,562,2.2828
S-N (Stearns-Noechel),41,563,1.8706
S-N (Stearns-Noechel),41,564,7.2921
S-N (Stearns-Noechel),41,565,1.8698
S-N (Stearns-Noechel),41,566,4.0358
S-N (Stearns-Noechel),41,567,2.5244
S-N (Stearns-Noechel),41,568,2.1017
S-N (Stearns-Noechel),41,569,2.6578
S-N (Stearns-Noechel),41,570,9.2459
S-N (Stearns-Noechel),41,571,1.6887
S-N (Stearns-Noechel),41,572,4.5797
S-N (Stearns-Noechel),41,573,5.1990
S-N (Stearns-Noechel),41,574,3.2640
S-N (Stearns-Noechel),41,597,7.6161
S-N (Stearns-Noechel),41,622,6.5105
S-N (Stearns-Noechel),43,23,5.7426
S-N (Stearns-Noechel),43,48,3.0215
S-N (Stearns-Noechel),43,73,3.2094
S-N (Stearns-Noechel),43,98,4.7528
S-N (Stearns-Noechel),43,123,4.5913
S-N (Stearns-Noechel),43,148,5.3994
S-N (Stearns-Noechel),43,173,6.5488
S-N (Stearns-Noechel),43,198,5.3832
S-N (Stearns-Noechel),43,223,8.2197
S-N (Stearns-Noechel),43,248,7.1347
S-N (Stearns-Noechel),43,273,4.7430
S-N (Stearns-Noechel),43,298,3.4403
S-N (Stearns-Noechel),43,323,3.5382
S-N (Stearns-Noechel),43,348,3.2364
S-N (Stearns-Noechel),43,373,3.5193
S-N (Stearns-Noechel),43,398,6.0529
S-N (Stearns-Noechel),43,423,5.7883
S-N (Stearns-Noechel),43,448,5.6856
S-N (Stearns-Noechel),43,473,4.8836
S-N (Stearns-Noechel),43,498,6.3434
S-N (Stearns-Noechel),43,523,10.8223
S-N (Stearns-Noechel),43,548,5.4373
S-N (Stearns-Noechel),43,573,5.2996
S-N (Stearns-Noechel),43,575,6.0873
S-N (Stearns-Noechel),43,576,2.6303
S-N (Stearns-Noechel),43,577,9.1286
S-N (Stearns-Noechel),43,578,5.2096
S-N (Stearns-Noechel),43,579,4.5256
S-N (Stearns-Noechel),43,580,4.6695
S-N (Stearns-Noechel),43,581,5.4812
S-N (Stearns-Noechel),43,582,0.2071
S-N (Stearns-Noechel),43,583,9.7405
S-N (Stearns-Noechel),43,584,5.0400
S-N (Stearns-Noechel),43,585,6.0550
S-N (Stearns-Noechel),43,586,3.7392
S-N (Stearns-Noechel),43,587,3.4491
S-N (Stearns-Noechel),43,588,4.9605
S-N (Stearns-Noechel),43,589,7.7181
S-N (Stearns-Noechel),43,590,4.8559
S-N (Stearns-Noechel),43,591,4.2792
S-N (Stearns-Noechel),43,592,3.1490
S-N (Stearns-Noechel),43,593,3.8858
S-N (Stearns-Noechel),43,594,5.9026
S-N (Stearns-Noechel),43,595,10.7332
S-N (Stearns-Noechel),43,596,5.7837
S-N (Stearns-Noechel),43,597,7.6328
S-N (Stearns-Noechel),43,598,5.1393
S-N (Stearns-Noechel),43,599,4.7361
S-N (Stearns-Noechel),43,623,4.5680
S-N (Stearns-Noechel),50,24,5.7407
S-N (Stearns-Noechel),50,49,1.8150
S-N (Stearns-Noechel),50,74,2.7626
S-N (Stearns-Noechel),50,99,4.0192
S-N (Stearns-Noechel),50,124,4.0321
S-N (Stearns-Noechel),50,149,9.3138
S-N (Stearns-Noechel),50,174,14.3627
S-N (Stearns-Noechel),50,199,10.4330
S-N (Stearns-Noechel),50,224,5.4063
S-N (Stearns-Noechel),50,249,8.2511
S-N (Stearns-Noechel),50,274,5.3360
S-N (Stearns-Noechel),50,299,2.4202
S-N (Stearns-Noechel),50,324,4.4530
S-N (Stearns-Noechel),50,349,3.9066
S-N (Stearns-Noechel),50,374,5.9541
S-N (Stearns-Noechel),50,399,5.6110
S-N (Stearns-Noechel),50,424,5.3422
S-N (Stearns-Noechel),50,449,4.9424
S-N (Stearns-Noechel),50,474,4.1783
S-N (Stearns-Noechel),50,499,5.9317
S-N (Stearns-Noechel),50,524,10.0071
S-N (Stearns-Noechel),50,549,3.2948
S-N (Stearns-Noechel),50,574,3.2527
S-N (Stearns-Noechel),50,599,4.7414
S-N (Stearns-Noechel),50,600,6.2228
S-N (Stearns-Noechel),50,601,2.7126
S-N (Stearns-Noechel),50,602,8.6062
S-N (Stearns-Noechel),50,603,3.9896
S-N (Stearns-Noechel),50,604,4.2181
S-N (Stearns-Noechel),50,605,4.2132
S-N (Stearns-Noechel),50,606,6.7223
S-N (Stearns-Noechel),50,607,2.1831
S-N (Stearns-Noechel),50,608,9.2519
S-N (Stearns-Noechel),50,609,6.2650
S-N (Stearns-Noechel),50,610,5.1671
S-N (Stearns-Noechel),50,611,3.1531
S-N (Stearns-Noechel),50,612,3.9101
S-N (Stearns-Noechel),50,613,6.6633
S-N (Stearns-Noechel),50,614,7.8019
S-N (Stearns-Noechel),50,615,5.0128
S-N (Stearns-Noechel),50,616,3.5278
S-N (Stearns-Noechel),50,617,3.1782
S-N (Stearns-Noechel),50,618,3.4599
S-N (Stearns-Noechel),50,619,5.7228
S-N (Stearns-Noechel),50,620,10.3817
S-N (Stearns-Noechel),50,621,5.3555
S-N (Stearns-Noechel),50,622,6.5026
S-N (Stearns-Noechel),50,623,4.5635
S-N (Stearns-Noechel),50,624,3.6219
ML ล้วน: GP,01,0,58.7661
ML ล้วน: GP,01,1,64.2557
ML ล้วน: GP,01,2,64.3557
ML ล้วน: GP,01,3,69.4058
ML ล้วน: GP,01,4,63.2934
ML ล้วน: GP,01,5,50.5240
ML ล้วน: GP,01,6,52.9638
ML ล้วน: GP,01,7,48.2796
ML ล้วน: GP,01,8,59.8883
ML ล้วน: GP,01,9,47.5767
ML ล้วน: GP,01,10,41.3976
ML ล้วน: GP,01,11,62.5967
ML ล้วน: GP,01,12,53.1578
ML ล้วน: GP,01,13,40.8988
ML ล้วน: GP,01,14,44.1665
ML ล้วน: GP,01,15,44.3707
ML ล้วน: GP,01,16,48.6044
ML ล้วน: GP,01,17,47.3086
ML ล้วน: GP,01,18,60.2349
ML ล้วน: GP,01,19,49.1965
ML ล้วน: GP,01,20,68.6612
ML ล้วน: GP,01,21,46.1882
ML ล้วน: GP,01,22,46.2024
ML ล้วน: GP,01,23,64.0994
ML ล้วน: GP,01,24,70.4970
ML ล้วน: GP,01,25,6.9232
ML ล้วน: GP,01,50,9.3008
ML ล้วน: GP,01,75,13.7875
ML ล้วน: GP,01,100,13.3663
ML ล้วน: GP,01,125,14.3722
ML ล้วน: GP,01,150,13.2753
ML ล้วน: GP,01,175,14.6991
ML ล้วน: GP,01,200,8.9133
ML ล้วน: GP,01,225,3.6938
ML ล้วน: GP,01,250,10.1157
ML ล้วน: GP,01,275,10.9743
ML ล้วน: GP,01,300,16.0728
ML ล้วน: GP,01,325,6.2522
ML ล้วน: GP,01,350,14.6684
ML ล้วน: GP,01,375,13.0893
ML ล้วน: GP,01,400,9.5292
ML ล้วน: GP,01,425,15.5682
ML ล้วน: GP,01,450,13.3257
ML ล้วน: GP,01,475,13.5431
ML ล้วน: GP,01,500,14.5665
ML ล้วน: GP,01,525,5.3811
ML ล้วน: GP,01,550,7.4640
ML ล้วน: GP,01,575,14.7335
ML ล้วน: GP,01,600,11.8025
ML ล้วน: GP,02,1,5.3084
ML ล้วน: GP,02,25,8.7179
ML ล้วน: GP,02,26,6.3428
ML ล้วน: GP,02,27,3.2882
ML ล้วน: GP,02,28,7.2960
ML ล้วน: GP,02,29,8.4117
ML ล้วน: GP,02,30,9.5986
ML ล้วน: GP,02,31,10.3536
ML ล้วน: GP,02,32,10.3606
ML ล้วน: GP,02,33,4.0487
ML ล้วน: GP,02,34,3.7326
ML ล้วน: GP,02,35,5.8824
ML ล้วน: GP,02,36,4.7797
ML ล้วน: GP,02,37,6.5237
ML ล้วน: GP,02,38,6.7825
ML ล้วน: GP,02,39,6.5024
ML ล้วน: GP,02,40,8.5220
ML ล้วน: GP,02,41,4.5465
ML ล้วน: GP,02,42,7.7607
ML ล้วน: GP,02,43,6.6330
ML ล้วน: GP,02,44,5.5638
ML ล้วน: GP,02,45,7.9317
ML ล้วน: GP,02,46,4.9841
ML ล้วน: GP,02,47,5.5274
ML ล้วน: GP,02,48,7.1387
ML ล้วน: GP,02,49,5.9948
ML ล้วน: GP,02,51,4.0324
ML ล้วน: GP,02,76,14.7332
ML ล้วน: GP,02,101,10.7017
ML ล้วน: GP,02,126,11.2270
ML ล้วน: GP,02,151,10.7775
ML ล้วน: GP,02,176,11.3315
ML ล้วน: GP,02,201,9.4540
ML ล้วน: GP,02,226,6.7098
ML ล้วน: GP,02,251,7.9343
ML ล้วน: GP,02,276,12.2221
ML ล้วน: GP,02,301,9.3806
ML ล้วน: GP,02,326,8.4173
ML ล้วน: GP,02,351,9.4277
ML ล้วน: GP,02,376,9.2139
ML ล้วน: GP,02,401,14.4839
ML ล้วน: GP,02,426,9.4838
ML ล้วน: GP,02,451,13.1613
ML ล้วน: GP,02,476,14.3910
ML ล้วน: GP,02,501,12.6834
ML ล้วน: GP,02,526,10.6360
ML ล้วน: GP,02,551,10.9077
ML ล้วน: GP,02,576,14.2880
ML ล้วน: GP,02,601,13.8165
ML ล้วน: GP,03,2,1.4790
ML ล้วน: GP,03,27,0.6565
ML ล้วน: GP,03,50,4.0494
ML ล้วน: GP,03,51,1.5057
ML ล้วน: GP,03,52,1.6141
ML ล้วน: GP,03,53,3.3306
ML ล้วน: GP,03,54,5.7854
ML ล้วน: GP,03,55,6.8627
ML ล้วน: GP,03,56,6.7712
ML ล้วน: GP,03,57,5.1781
ML ล้วน: GP,03,58,2.1054
ML ล้วน: GP,03,59,2.4360
ML ล้วน: GP,03,60,4.9928
ML ล้วน: GP,03,61,1.1036
ML ล้วน: GP,03,62,4.6905
ML ล้วน: GP,03,63,4.3893
ML ล้วน: GP,03,64,5.6170
ML ล้วน: GP,03,65,3.9910
ML ล้วน: GP,03,66,4.9857
ML ล้วน: GP,03,67,4.2836
ML ล้วน: GP,03,68,2.9465
ML ล้วน: GP,03,69,5.5130
ML ล้วน: GP,03,70,5.7000
ML ล้วน: GP,03,71,3.2992
ML ล้วน: GP,03,72,3.3413
ML ล้วน: GP,03,73,2.9577
ML ล้วน: GP,03,74,2.9604
ML ล้วน: GP,03,77,1.3170
ML ล้วน: GP,03,102,1.5745
ML ล้วน: GP,03,127,2.7031
ML ล้วน: GP,03,152,3.5162
ML ล้วน: GP,03,177,2.6787
ML ล้วน: GP,03,202,1.8473
ML ล้วน: GP,03,227,0.8074
ML ล้วน: GP,03,252,2.5503
ML ล้วน: GP,03,277,3.1934
ML ล้วน: GP,03,302,3.8685
ML ล้วน: GP,03,327,1.9189
ML ล้วน: GP,03,352,2.5592
ML ล้วน: GP,03,377,1.6481
ML ล้วน: GP,03,402,0.4776
ML ล้วน: GP,03,427,3.1072
ML ล้วน: GP,03,452,1.4106
ML ล้วน: GP,03,477,1.5170
ML ล้วน: GP,03,502,11.9440
ML ล้วน: GP,03,527,8.8568
ML ล้วน: GP,03,552,9.4393
ML ล้วน: GP,03,577,12.4384
ML ล้วน: GP,03,602,10.6987
ML ล้วน: GP,05,3,1.2338
ML ล้วน: GP,05,28,0.4189
ML ล้วน: GP,05,53,1.1170
ML ล้วน: GP,05,75,5.1393
ML ล้วน: GP,05,76,6.9484
ML ล้วน: GP,05,77,7.4844
ML ล้วน: GP,05,78,3.5638
ML ล้วน: GP,05,79,3.2945
ML ล้วน: GP,05,80,2.1567
ML ล้วน: GP,05,81,4.2764
ML ล้วน: GP,05,82,2.6628
ML ล้วน: GP,05,83,3.2716
ML ล้วน: GP,05,84,4.9662
ML ล้วน: GP,05,85,1.3571
ML ล้วน: GP,05,86,3.6024
ML ล้วน: GP,05,87,1.4184
ML ล้วน: GP,05,88,4.8174
ML ล้วน: GP,05,89,0.8145
ML ล้วน: GP,05,90,2.5652
ML ล้วน: GP,05,91,1.5743
ML ล้วน: GP,05,92,3.2605
ML ล้วน: GP,05,93,2.6366
ML ล้วน: GP,05,94,1.9697
ML ล้วน: GP,05,95,8.1770
ML ล้วน: GP,05,96,3.8539
ML ล้วน: GP,05,97,2.3157
ML ล้วน: GP,05,98,3.2433
ML ล้วน: GP,05,99,5.6602
ML ล้วน: GP,05,103,0.2954
ML ล้วน: GP,05,128,0.9501
ML ล้วน: GP,05,153,0.4923
ML ล้วน: GP,05,178,1.2182
ML ล้วน: GP,05,203,0.9010
ML ล้วน: GP,05,228,1.7999
ML ล้วน: GP,05,253,1.7055
ML ล้วน: GP,05,278,1.4063
ML ล้วน: GP,05,303,2.4701
ML ล้วน: GP,05,328,1.3215
ML ล้วน: GP,05,353,0.5179
ML ล้วน: GP,05,378,1.5982
ML ล้วน: GP,05,403,1.6640
ML ล้วน: GP,05,428,2.2319
ML ล้วน: GP,05,453,1.1717
ML ล้วน: GP,05,478,1.6133
ML ล้วน: GP,05,503,0.7142
ML ล้วน: GP,05,528,1.4761
ML ล้วน: GP,05,553,1.8049
ML ล้วน: GP,05,578,1.4453
ML ล้วน: GP,05,603,0.3803
ML ล้วน: GP,07,4,1.9463
ML ล้วน: GP,07,29,1.1387
ML ล้วน: GP,07,54,2.1148
ML ล้วน: GP,07,79,1.1823
ML ล้วน: GP,07,100,2.0113
ML ล้วน: GP,07,101,2.8729
ML ล้วน: GP,07,102,2.4185
ML ล้วน: GP,07,103,2.3362
ML ล้วน: GP,07,104,1.5328
ML ล้วน: GP,07,105,2.7383
ML ล้วน: GP,07,106,3.4062
ML ล้วน: GP,07,107,2.4019
ML ล้วน: GP,07,108,3.9051
ML ล้วน: GP,07,109,4.6716
ML ล้วน: GP,07,110,2.7132
ML ล้วน: GP,07,111,1.9888
ML ล้วน: GP,07,112,2.9147
ML ล้วน: GP,07,113,6.2280
ML ล้วน: GP,07,114,2.9217
ML ล้วน: GP,07,115,1.9113
ML ล้วน: GP,07,116,4.1930
ML ล้วน: GP,07,117,3.0558
ML ล้วน: GP,07,118,2.1119
ML ล้วน: GP,07,119,4.2813
ML ล้วน: GP,07,120,1.4870
ML ล้วน: GP,07,121,3.3192
ML ล้วน: GP,07,122,3.1616
ML ล้วน: GP,07,123,3.7559
ML ล้วน: GP,07,124,2.7896
ML ล้วน: GP,07,129,0.6439
ML ล้วน: GP,07,154,0.7462
ML ล้วน: GP,07,179,0.8519
ML ล้วน: GP,07,204,0.9478
ML ล้วน: GP,07,229,1.2027
ML ล้วน: GP,07,254,0.9441
ML ล้วน: GP,07,279,1.6697
ML ล้วน: GP,07,304,0.7629
ML ล้วน: GP,07,329,1.8827
ML ล้วน: GP,07,354,1.5514
ML ล้วน: GP,07,379,1.5557
ML ล้วน: GP,07,404,2.4226
ML ล้วน: GP,07,429,1.5684
ML ล้วน: GP,07,454,1.6369
ML ล้วน: GP,07,479,1.4632
ML ล้วน: GP,07,504,1.3570
ML ล้วน: GP,07,529,3.0169
ML ล้วน: GP,07,554,1.2329
ML ล้วน: GP,07,579,0.9630
ML ล้วน: GP,07,604,1.5419
ML ล้วน: GP,12,5,0.5705
ML ล้วน: GP,12,30,0.2844
ML ล้วน: GP,12,55,0.8475
ML ล้วน: GP,12,80,1.0966
ML ล้วน: GP,12,105,0.7722
ML ล้วน: GP,12,125,2.4537
ML ล้วน: GP,12,126,1.6303
ML ล้วน: GP,12,127,1.2396
ML ล้วน: GP,12,128,1.0685
ML ล้วน: GP,12,129,0.5549
ML ล้วน: GP,12,130,1.2385
ML ล้วน: GP,12,131,0.9786
ML ล้วน: GP,12,132,1.1724
ML ล้วน: GP,12,133,1.6726
ML ล้วน: GP,12,134,3.3211
ML ล้วน: GP,12,135,3.2398
ML ล้วน: GP,12,136,0.9208
ML ล้วน: GP,12,137,0.5558
ML ล้วน: GP,12,138,3.0944
ML ล้วน: GP,12,139,2.1692
ML ล้วน: GP,12,140,1.9771
ML ล้วน: GP,12,141,0.9190
ML ล้วน: GP,12,142,2.9120
ML ล้วน: GP,12,143,0.2341
ML ล้วน: GP,12,144,1.8488
ML ล้วน: GP,12,145,4.0672
ML ล้วน: GP,12,146,2.0485
ML ล้วน: GP,12,147,1.9075
ML ล้วน: GP,12,148,6.3309
ML ล้วน: GP,12,149,3.4012
ML ล้วน: GP,12,155,0.6123
ML ล้วน: GP,12,180,0.5363
ML ล้วน: GP,12,205,1.6926
ML ล้วน: GP,12,230,1.8131
ML ล้วน: GP,12,255,1.4591
ML ล้วน: GP,12,280,0.9260
ML ล้วน: GP,12,305,1.3924
ML ล้วน: GP,12,330,3.7562
ML ล้วน: GP,12,355,1.9615
ML ล้วน: GP,12,380,0.6965
ML ล้วน: GP,12,405,2.1831
ML ล้วน: GP,12,430,0.8972
ML ล้วน: GP,12,455,0.1888
ML ล้วน: GP,12,480,1.3406
ML ล้วน: GP,12,505,1.5032
ML ล้วน: GP,12,530,2.5053
ML ล้วน: GP,12,555,1.9500
ML ล้วน: GP,12,580,1.5647
ML ล้วน: GP,12,605,1.2697
ML ล้วน: GP,13,6,5.5041
ML ล้วน: GP,13,31,3.5108
ML ล้วน: GP,13,56,3.6727
ML ล้วน: GP,13,81,4.5392
ML ล้วน: GP,13,106,3.1917
ML ล้วน: GP,13,131,2.2018
ML ล้วน: GP,13,150,8.2113
ML ล้วน: GP,13,151,5.9813
ML ล้วน: GP,13,152,8.9024
ML ล้วน: GP,13,153,5.6826
ML ล้วน: GP,13,154,5.9641
ML ล้วน: GP,13,155,6.1898
ML ล้วน: GP,13,156,8.0989
ML ล้วน: GP,13,157,5.9797
ML ล้วน: GP,13,158,7.1637
ML ล้วน: GP,13,159,7.5216
ML ล้วน: GP,13,160,6.4198
ML ล้วน: GP,13,161,5.8679
ML ล้วน: GP,13,162,5.3438
ML ล้วน: GP,13,163,7.1586
ML ล้วน: GP,13,164,5.3324
ML ล้วน: GP,13,165,6.2593
ML ล้วน: GP,13,166,6.4232
ML ล้วน: GP,13,167,6.8178
ML ล้วน: GP,13,168,5.9373
ML ล้วน: GP,13,169,7.1760
ML ล้วน: GP,13,170,10.0711
ML ล้วน: GP,13,171,6.9571
ML ล้วน: GP,13,172,6.8924
ML ล้วน: GP,13,173,10.0624
ML ล้วน: GP,13,174,6.9260
ML ล้วน: GP,13,181,2.4909
ML ล้วน: GP,13,206,2.8904
ML ล้วน: GP,13,231,2.8147
ML ล้วน: GP,13,256,1.7404
ML ล้วน: GP,13,281,2.1403
ML ล้วน: GP,13,306,2.5713
ML ล้วน: GP,13,331,2.6749
ML ล้วน: GP,13,356,0.7993
ML ล้วน: GP,13,381,2.7997
ML ล้วน: GP,13,406,2.7909
ML ล้วน: GP,13,431,3.4710
ML ล้วน: GP,13,456,3.3556
ML ล้วน: GP,13,481,3.7954
ML ล้วน: GP,13,506,3.7089
ML ล้วน: GP,13,531,2.9831
ML ล้วน: GP,13,556,2.4748
ML ล้วน: GP,13,581,3.3060
ML ล้วน: GP,13,606,3.5991
ML ล้วน: GP,15,7,1.6337
ML ล้วน: GP,15,32,2.8395
ML ล้วน: GP,15,57,1.2133
ML ล้วน: GP,15,82,0.4406
ML ล้วน: GP,15,107,0.6782
ML ล้วน: GP,15,132,0.3665
ML ล้วน: GP,15,157,0.2927
ML ล้วน: GP,15,175,1.4954
ML ล้วน: GP,15,176,1.7997
ML ล้วน: GP,15,177,1.4556
ML ล้วน: GP,15,178,1.4516
ML ล้วน: GP,15,179,0.9298
ML ล้วน: GP,15,180,0.9332
ML ล้วน: GP,15,181,1.6501
ML ล้วน: GP,15,182,1.0144
ML ล้วน: GP,15,183,1.1663
ML ล้วน: GP,15,184,1.7324
ML ล้วน: GP,15,185,1.7556
ML ล้วน: GP,15,186,0.7126
ML ล้วน: GP,15,187,1.0439
ML ล้วน: GP,15,188,1.6207
ML ล้วน: GP,15,189,0.7241
ML ล้วน: GP,15,190,1.5211
ML ล้วน: GP,15,191,2.0247
ML ล้วน: GP,15,192,2.9977
ML ล้วน: GP,15,193,0.9305
ML ล้วน: GP,15,194,1.3912
ML ล้วน: GP,15,195,4.7099
ML ล้วน: GP,15,196,2.7047
ML ล้วน: GP,15,197,2.3219
ML ล้วน: GP,15,198,5.6178
ML ล้วน: GP,15,199,5.0047
ML ล้วน: GP,15,207,0.3079
ML ล้วน: GP,15,232,0.6234
ML ล้วน: GP,15,257,0.5861
ML ล้วน: GP,15,282,1.1211
ML ล้วน: GP,15,307,0.5624
ML ล้วน: GP,15,332,0.5178
ML ล้วน: GP,15,357,1.2781
ML ล้วน: GP,15,382,2.0869
ML ล้วน: GP,15,407,2.6869
ML ล้วน: GP,15,432,1.1838
ML ล้วน: GP,15,457,1.6067
ML ล้วน: GP,15,482,0.8795
ML ล้วน: GP,15,507,4.7769
ML ล้วน: GP,15,532,5.2320
ML ล้วน: GP,15,557,5.6544
ML ล้วน: GP,15,582,4.8302
ML ล้วน: GP,15,607,4.9153
ML ล้วน: GP,17,8,2.0955
ML ล้วน: GP,17,33,2.4393
ML ล้วน: GP,17,58,2.5251
ML ล้วน: GP,17,83,2.4676
ML ล้วน: GP,17,108,2.8876
ML ล้วน: GP,17,133,3.1375
ML ล้วน: GP,17,158,3.7339
ML ล้วน: GP,17,183,2.8491
ML ล้วน: GP,17,200,2.3997
ML ล้วน: GP,17,201,3.4977
ML ล้วน: GP,17,202,5.3999
ML ล้วน: GP,17,203,4.3641
ML ล้วน: GP,17,204,4.6686
ML ล้วน: GP,17,205,5.3638
ML ล้วน: GP,17,206,5.4231
ML ล้วน: GP,17,207,4.6920
ML ล้วน: GP,17,208,3.5290
ML ล้วน: GP,17,209,5.3519
ML ล้วน: GP,17,210,5.4656
ML ล้วน: GP,17,211,4.3391
ML ล้วน: GP,17,212,4.1461
ML ล้วน: GP,17,213,5.9528
ML ล้วน: GP,17,214,4.7965
ML ล้วน: GP,17,215,5.3722
ML ล้วน: GP,17,216,3.7106
ML ล้วน: GP,17,217,6.5357
ML ล้วน: GP,17,218,3.9742
ML ล้วน: GP,17,219,4.5316
ML ล้วน: GP,17,220,7.8012
ML ล้วน: GP,17,221,5.1734
ML ล้วน: GP,17,222,4.9725
ML ล้วน: GP,17,223,8.8430
ML ล้วน: GP,17,224,3.4829
ML ล้วน: GP,17,233,2.2361
ML ล้วน: GP,17,258,3.2585
ML ล้วน: GP,17,283,3.4630
ML ล้วน: GP,17,308,4.0320
ML ล้วน: GP,17,333,3.5217
ML ล้วน: GP,17,358,4.9397
ML ล้วน: GP,17,383,3.7685
ML ล้วน: GP,17,408,5.1826
ML ล้วน: GP,17,433,3.7052
ML ล้วน: GP,17,458,3.9724
ML ล้วน: GP,17,483,5.2256
ML ล้วน: GP,17,508,9.3083
ML ล้วน: GP,17,533,8.4205
ML ล้วน: GP,17,558,9.0382
ML ล้วน: GP,17,583,10.2633
ML ล้วน: GP,17,608,10.4070
ML ล้วน: GP,18,9,1.5898
ML ล้วน: GP,18,34,1.6392
ML ล้วน: GP,18,59,1.8618
ML ล้วน: GP,18,84,5.5432
ML ล้วน: GP,18,109,5.9647
ML ล้วน: GP,18,134,7.0280
ML ล้วน: GP,18,159,6.1731
ML ล้วน: GP,18,184,5.1497
ML ล้วน: GP,18,209,3.2837
ML ล้วน: GP,18,225,3.3786
ML ล้วน: GP,18,226,2.6476
ML ล้วน: GP,18,227,3.4076
ML ล้วน: GP,18,228,6.1353
ML ล้วน: GP,18,229,6.2269
ML ล้วน: GP,18,230,6.0562
ML ล้วน: GP,18,231,4.2314
ML ล้วน: GP,18,232,5.1953
ML ล้วน: GP,18,233,5.2771
ML ล้วน: GP,18,234,2.4935
ML ล้วน: GP,18,235,4.6366
ML ล้วน: GP,18,236,4.5535
ML ล้วน: GP,18,237,5.1289
ML ล้วน: GP,18,238,3.4654
ML ล้วน: GP,18,239,4.8184
ML ล้วน: GP,18,240,4.5904
ML ล้วน: GP,18,241,6.3707
ML ล้วน: GP,18,242,3.4367
ML ล้วน: GP,18,243,5.4140
ML ล้วน: GP,18,244,4.2795
ML ล้วน: GP,18,245,1.8967
ML ล้วน: GP,18,246,4.2101
ML ล้วน: GP,18,247,5.3046
ML ล้วน: GP,18,248,3.4453
ML ล้วน: GP,18,249,8.5388
ML ล้วน: GP,18,259,3.4407
ML ล้วน: GP,18,284,3.4169
ML ล้วน: GP,18,309,5.3131
ML ล้วน: GP,18,334,3.0112
ML ล้วน: GP,18,359,3.4347
ML ล้วน: GP,18,384,2.7225
ML ล้วน: GP,18,409,1.8488
ML ล้วน: GP,18,434,3.2117
ML ล้วน: GP,18,459,4.5054
ML ล้วน: GP,18,484,3.6118
ML ล้วน: GP,18,509,6.8921
ML ล้วน: GP,18,534,2.5175
ML ล้วน: GP,18,559,3.4184
ML ล้วน: GP,18,584,6.4952
ML ล้วน: GP,18,609,4.9073
ML ล้วน: GP,19,10,2.1383
ML ล้วน: GP,19,35,2.1310
ML ล้วน: GP,19,60,1.8959
ML ล้วน: GP,19,85,0.5819
ML ล้วน: GP,19,110,1.1298
ML ล้วน: GP,19,135,2.4793
ML ล้วน: GP,19,160,1.4602
ML ล้วน: GP,19,185,2.1943
ML ล้วน: GP,19,210,1.9980
ML ล้วน: GP,19,235,0.3431
ML ล้วน: GP,19,250,1.6448
ML ล้วน: GP,19,251,1.7994
ML ล้วน: GP,19,252,2.5422
ML ล้วน: GP,19,253,1.2960
ML ล้วน: GP,19,254,0.6345
ML ล้วน: GP,19,255,1.3430
ML ล้วน: GP,19,256,0.9852
ML ล้วน: GP,19,257,0.4238
ML ล้วน: GP,19,258,1.0564
ML ล้วน: GP,19,259,1.0625
ML ล้วน: GP,19,260,1.4148
ML ล้วน: GP,19,261,1.0893
ML ล้วน: GP,19,262,0.7014
ML ล้วน: GP,19,263,0.5742
ML ล้วน: GP,19,264,1.2653
ML ล้วน: GP,19,265,1.8290
ML ล้วน: GP,19,266,1.2524
ML ล้วน: GP,19,267,3.1838
ML ล้วน: GP,19,268,1.3089
ML ล้วน: GP,19,269,0.6618
ML ล้วน: GP,19,270,7.5639
ML ล้วน: GP,19,271,1.2501
ML ล้วน: GP,19,272,1.8543
ML ล้วน: GP,19,273,0.9477
ML ล้วน: GP,19,274,3.3790
ML ล้วน: GP,19,285,1.9543
ML ล้วน: GP,19,310,4.2876
ML ล้วน: GP,19,335,0.8162
ML ล้วน: GP,19,360,2.2822
ML ล้วน: GP,19,385,2.0667
ML ล้วน: GP,19,410,1.0566
ML ล้วน: GP,19,435,2.3871
ML ล้วน: GP,19,460,3.4273
ML ล้วน: GP,19,485,1.7377
ML ล้วน: GP,19,510,4.4929
ML ล้วน: GP,19,535,0.5972
ML ล้วน: GP,19,560,2.4888
ML ล้วน: GP,19,585,3.7002
ML ล้วน: GP,19,610,1.2635
ML ล้วน: GP,20,11,1.6421
ML ล้วน: GP,20,36,1.0948
ML ล้วน: GP,20,61,1.3927
ML ล้วน: GP,20,86,1.4911
ML ล้วน: GP,20,111,1.0448
ML ล้วน: GP,20,136,1.5284
ML ล้วน: GP,20,161,1.5027
ML ล้วน: GP,20,186,0.9055
ML ล้วน: GP,20,211,1.2205
ML ล้วน: GP,20,236,1.2585
ML ล้วน: GP,20,261,1.1553
ML ล้วน: GP,20,275,4.5194
ML ล้วน: GP,20,276,4.7993
ML ล้วน: GP,20,277,4.6108
ML ล้วน: GP,20,278,5.4844
ML ล้วน: GP,20,279,4.6006
ML ล้วน: GP,20,280,4.8686
ML ล้วน: GP,20,281,3.9221
ML ล้วน: GP,20,282,4.7092
ML ล้วน: GP,20,283,6.9123
ML ล้วน: GP,20,284,5.2127
ML ล้วน: GP,20,285,4.1741
ML ล้วน: GP,20,286,4.2829
ML ล้วน: GP,20,287,4.9871
ML ล้วน: GP,20,288,3.9543
ML ล้วน: GP,20,289,5.0798
ML ล้วน: GP,20,290,5.8158
ML ล้วน: GP,20,291,6.7361
ML ล้วน: GP,20,292,3.7462
ML ล้วน: GP,20,293,4.8042
ML ล้วน: GP,20,294,5.1308
ML ล้วน: GP,20,295,2.7860
ML ล้วน: GP,20,296,4.8729
ML ล้วน: GP,20,297,5.5427
ML ล้วน: GP,20,298,6.6879
ML ล้วน: GP,20,299,4.8783
ML ล้วน: GP,20,311,0.8941
ML ล้วน: GP,20,336,1.5183
ML ล้วน: GP,20,361,1.8108
ML ล้วน: GP,20,386,1.4129
ML ล้วน: GP,20,411,2.0225
ML ล้วน: GP,20,436,2.4456
ML ล้วน: GP,20,461,1.7191
ML ล้วน: GP,20,486,1.9606
ML ล้วน: GP,20,511,1.9724
ML ล้วน: GP,20,536,1.2818
ML ล้วน: GP,20,561,1.5825
ML ล้วน: GP,20,586,0.9621
ML ล้วน: GP,20,611,0.8057
ML ล้วน: GP,21,12,2.0839
ML ล้วน: GP,21,37,1.5538
ML ล้วน: GP,21,62,1.6614
ML ล้วน: GP,21,87,1.6512
ML ล้วน: GP,21,112,1.2579
ML ล้วน: GP,21,137,1.0007
ML ล้วน: GP,21,162,1.1076
ML ล้วน: GP,21,187,0.7067
ML ล้วน: GP,21,212,1.0248
ML ล้วน: GP,21,237,1.2248
ML ล้วน: GP,21,262,0.6971
ML ล้วน: GP,21,287,1.3674
ML ล้วน: GP,21,300,6.5050
ML ล้วน: GP,21,301,6.7002
ML ล้วน: GP,21,302,5.9062
ML ล้วน: GP,21,303,4.8431
ML ล้วน: GP,21,304,2.4696
ML ล้วน: GP,21,305,2.4288
ML ล้วน: GP,21,306,3.8553
ML ล้วน: GP,21,307,1.9741
ML ล้วน: GP,21,308,5.9851
ML ล้วน: GP,21,309,4.5742
ML ล้วน: GP,21,310,4.8588
ML ล้วน: GP,21,311,3.3773
ML ล้วน: GP,21,312,2.9803
ML ล้วน: GP,21,313,5.6153
ML ล้วน: GP,21,314,2.9300
ML ล้วน: GP,21,315,3.1431
ML ล้วน: GP,21,316,3.9621
ML ล้วน: GP,21,317,1.0725
ML ล้วน: GP,21,318,3.7778
ML ล้วน: GP,21,319,2.9802
ML ล้วน: GP,21,320,4.9609
ML ล้วน: GP,21,321,4.4445
ML ล้วน: GP,21,322,4.0996
ML ล้วน: GP,21,323,5.1739
ML ล้วน: GP,21,324,7.4029
ML ล้วน: GP,21,337,1.1382
ML ล้วน: GP,21,362,1.5382
ML ล้วน: GP,21,387,1.0409
ML ล้วน: GP,21,412,2.3648
ML ล้วน: GP,21,437,0.6230
ML ล้วน: GP,21,462,1.0665
ML ล้วน: GP,21,487,1.3898
ML ล้วน: GP,21,512,1.5453
ML ล้วน: GP,21,537,2.7586
ML ล้วน: GP,21,562,0.9734
ML ล้วน: GP,21,587,2.5083
ML ล้วน: GP,21,612,2.5601
ML ล้วน: GP,22,13,1.5905
ML ล้วน: GP,22,38,1.2923
ML ล้วน: GP,22,63,0.9128
ML ล้วน: GP,22,88,4.9995
ML ล้วน: GP,22,113,5.2760
ML ล้วน: GP,22,138,2.5190
ML ล้วน: GP,22,163,2.4039
ML ล้วน: GP,22,188,2.4824
ML ล้วน: GP,22,213,1.8570
ML ล้วน: GP,22,238,1.7611
ML ล้วน: GP,22,263,2.1502
ML ล้วน: GP,22,288,2.0014
ML ล้วน: GP,22,313,2.7093
ML ล้วน: GP,22,325,1.3074
ML ล้วน: GP,22,326,2.1839
ML ล้วน: GP,22,327,3.1082
ML ล้วน: GP,22,328,2.2111
ML ล้วน: GP,22,329,3.1233
ML ล้วน: GP,22,330,3.6748
ML ล้วน: GP,22,331,3.2980
ML ล้วน: GP,22,332,2.7021
ML ล้วน: GP,22,333,1.2093
ML ล้วน: GP,22,334,3.4680
ML ล้วน: GP,22,335,2.7806
ML ล้วน: GP,22,336,3.1231
ML ล้วน: GP,22,337,2.3746
ML ล้วน: GP,22,338,4.1711
ML ล้วน: GP,22,339,2.1356
ML ล้วน: GP,22,340,2.3568
ML ล้วน: GP,22,341,1.4215
ML ล้วน: GP,22,342,4.4654
ML ล้วน: GP,22,343,2.3739
ML ล้วน: GP,22,344,2.9791
ML ล้วน: GP,22,345,9.3070
ML ล้วน: GP,22,346,2.8686
ML ล้วน: GP,22,347,1.9830
ML ล้วน: GP,22,348,2.5487
ML ล้วน: GP,22,349,2.6188
ML ล้วน: GP,22,363,1.8816
ML ล้วน: GP,22,388,2.7320
ML ล้วน: GP,22,413,3.1148
ML ล้วน: GP,22,438,3.9311
ML ล้วน: GP,22,463,5.8819
ML ล้วน: GP,22,488,4.1542
ML ล้วน: GP,22,513,2.1710
ML ล้วน: GP,22,538,1.4083
ML ล้วน: GP,22,563,1.8392
ML ล้วน: GP,22,588,3.1599
ML ล้วน: GP,22,613,2.7542
ML ล้วน: GP,23,14,2.2979
ML ล้วน: GP,23,39,2.2053
ML ล้วน: GP,23,64,1.3269
ML ล้วน: GP,23,89,1.1457
ML ล้วน: GP,23,114,1.4046
ML ล้วน: GP,23,139,1.4188
ML ล้วน: GP,23,164,0.7081
ML ล้วน: GP,23,189,1.5660
ML ล้วน: GP,23,214,0.8702
ML ล้วน: GP,23,239,1.0486
ML ล้วน: GP,23,264,1.2108
ML ล้วน: GP,23,289,1.4597
ML ล้วน: GP,23,314,1.7701
ML ล้วน: GP,23,339,1.2621
ML ล้วน: GP,23,350,5.9057
ML ล้วน: GP,23,351,5.0589
ML ล้วน: GP,23,352,3.7371
ML ล้วน: GP,23,353,2.2353
ML ล้วน: GP,23,354,2.5662
ML ล้วน: GP,23,355,3.2291
ML ล้วน: GP,23,356,2.9582
ML ล้วน: GP,23,357,2.7291
ML ล้วน: GP,23,358,5.2173
ML ล้วน: GP,23,359,2.7561
ML ล้วน: GP,23,360,2.5312
ML ล้วน: GP,23,361,2.9109
ML ล้วน: GP,23,362,2.7986
ML ล้วน: GP,23,363,2.3729
ML ล้วน: GP,23,364,3.4347
ML ล้วน: GP,23,365,2.5867
ML ล้วน: GP,23,366,3.8897
ML ล้วน: GP,23,367,2.4874
ML ล้วน: GP,23,368,3.0246
ML ล้วน: GP,23,369,3.1928
ML ล้วน: GP,23,370,2.8654
ML ล้วน: GP,23,371,2.4750
ML ล้วน: GP,23,372,3.2061
ML ล้วน: GP,23,373,5.0680
ML ล้วน: GP,23,374,4.6114
ML ล้วน: GP,23,389,1.5398
ML ล้วน: GP,23,414,1.8209
ML ล้วน: GP,23,439,1.1834
ML ล้วน: GP,23,464,1.3124
ML ล้วน: GP,23,489,0.8760
ML ล้วน: GP,23,514,4.7365
ML ล้วน: GP,23,539,5.4554
ML ล้วน: GP,23,564,6.9275
ML ล้วน: GP,23,589,4.4806
ML ล้วน: GP,23,614,4.4919
ML ล้วน: GP,24,15,1.9575
ML ล้วน: GP,24,40,2.3500
ML ล้วน: GP,24,65,1.0413
ML ล้วน: GP,24,90,1.0223
ML ล้วน: GP,24,115,1.0092
ML ล้วน: GP,24,140,1.2504
ML ล้วน: GP,24,165,0.6693
ML ล้วน: GP,24,190,1.0730
ML ล้วน: GP,24,215,0.8421
ML ล้วน: GP,24,240,0.5444
ML ล้วน: GP,24,265,1.7116
ML ล้วน: GP,24,290,2.5760
ML ล้วน: GP,24,315,1.5870
ML ล้วน: GP,24,340,0.8753
ML ล้วน: GP,24,365,1.5770
ML ล้วน: GP,24,375,3.6779
ML ล้วน: GP,24,376,2.2053
ML ล้วน: GP,24,377,2.4976
ML ล้วน: GP,24,378,2.0612
ML ล้วน: GP,24,379,1.1139
ML ล้วน: GP,24,380,0.8518
ML ล้วน: GP,24,381,1.7689
ML ล้วน: GP,24,382,2.3033
ML ล้วน: GP,24,383,1.8770
ML ล้วน: GP,24,384,1.0986
ML ล้วน: GP,24,385,1.8098
ML ล้วน: GP,24,386,0.6222
ML ล้วน: GP,24,387,0.6748
ML ล้วน: GP,24,388,1.5757
ML ล้วน: GP,24,389,1.0170
ML ล้วน: GP,24,390,1.7451
ML ล้วน: GP,24,391,1.9021
ML ล้วน: GP,24,392,2.6191
ML ล้วน: GP,24,393,0.4866
ML ล้วน: GP,24,394,1.8156
ML ล้วน: GP,24,395,6.3918
ML ล้วน: GP,24,396,1.7088
ML ล้วน: GP,24,397,2.1865
ML ล้วน: GP,24,398,2.2761
ML ล้วน: GP,24,399,3.9375
ML ล้วน: GP,24,415,1.6607
ML ล้วน: GP,24,440,1.0437
ML ล้วน: GP,24,465,1.7300
ML ล้วน: GP,24,490,1.6855
ML ล้วน: GP,24,515,2.5590
ML ล้วน: GP,24,540,0.9381
ML ล้วน: GP,24,565,0.8186
ML ล้วน: GP,24,590,1.1509
ML ล้วน: GP,24,615,0.7627
ML ล้วน: GP,25,16,2.9629
ML ล้วน: GP,25,41,2.3233
ML ล้วน: GP,25,66,2.9758
ML ล้วน: GP,25,91,2.3147
ML ล้วน: GP,25,116,2.0742
ML ล้วน: GP,25,141,1.5760
ML ล้วน: GP,25,166,2.0030
ML ล้วน: GP,25,191,2.0559
ML ล้วน: GP,25,216,2.2998
ML ล้วน: GP,25,241,2.6461
ML ล้วน: GP,25,266,1.5820
ML ล้วน: GP,25,291,3.1762
ML ล้วน: GP,25,316,2.2414
ML ล้วน: GP,25,341,1.9308
ML ล้วน: GP,25,366,2.9962
ML ล้วน: GP,25,391,2.5229
ML ล้วน: GP,25,400,4.0871
ML ล้วน: GP,25,401,3.5513
ML ล้วน: GP,25,402,3.6957
ML ล้วน: GP,25,403,1.3639
ML ล้วน: GP,25,404,2.0829
ML ล้วน: GP,25,405,2.8758
ML ล้วน: GP,25,406,2.9807
ML ล้วน: GP,25,407,3.3141
ML ล้วน: GP,25,408,3.7936
ML ล้วน: GP,25,409,2.7364
ML ล้วน: GP,25,410,3.2781
ML ล้วน: GP,25,411,1.7043
ML ล้วน: GP,25,412,2.8623
ML ล้วน: GP,25,413,3.0784
ML ล้วน: GP,25,414,2.8327
ML ล้วน: GP,25,415,2.9758
ML ล้วน: GP,25,416,5.1876
ML ล้วน: GP,25,417,3.3091
ML ล้วน: GP,25,418,2.2621
ML ล้วน: GP,25,419,4.0462
ML ล้วน: GP,25,420,3.5929
ML ล้วน: GP,25,421,4.4535
ML ล้วน: GP,25,422,4.8213
ML ล้วน: GP,25,423,1.6294
ML ล้วน: GP,25,424,2.7040
ML ล้วน: GP,25,441,2.5138
ML ล้วน: GP,25,466,2.3571
ML ล้วน: GP,25,491,3.1985
ML ล้วน: GP,25,516,3.4492
ML ล้วน: GP,25,541,6.7200
ML ล้วน: GP,25,566,6.8207
ML ล้วน: GP,25,591,4.0503
ML ล้วน: GP,25,616,4.5024
ML ล้วน: GP,27,17,2.8579
ML ล้วน: GP,27,42,1.2761
ML ล้วน: GP,27,67,0.8800
ML ล้วน: GP,27,92,2.7836
ML ล้วน: GP,27,117,3.2524
ML ล้วน: GP,27,142,3.4993
ML ล้วน: GP,27,167,2.6420
ML ล้วน: GP,27,192,3.3104
ML ล้วน: GP,27,217,3.0266
ML ล้วน: GP,27,242,1.4163
ML ล้วน: GP,27,267,3.8814
ML ล้วน: GP,27,292,2.6441
ML ล้วน: GP,27,317,3.9300
ML ล้วน: GP,27,342,3.1998
ML ล้วน: GP,27,367,3.9465
ML ล้วน: GP,27,392,4.3671
ML ล้วน: GP,27,417,3.5457
ML ล้วน: GP,27,425,5.0832
ML ล้วน: GP,27,426,6.4521
ML ล้วน: GP,27,427,6.4869
ML ล้วน: GP,27,428,4.6022
ML ล้วน: GP,27,429,3.5187
ML ล้วน: GP,27,430,3.0742
ML ล้วน: GP,27,431,3.6987
ML ล้วน: GP,27,432,2.9489
ML ล้วน: GP,27,433,4.9656
ML ล้วน: GP,27,434,4.2380
ML ล้วน: GP,27,435,3.2191
ML ล้วน: GP,27,436,4.1922
ML ล้วน: GP,27,437,3.9054
ML ล้วน: GP,27,438,4.3017
ML ล้วน: GP,27,439,3.5312
ML ล้วน: GP,27,440,3.9989
ML ล้วน: GP,27,441,4.3033
ML ล้วน: GP,27,442,6.8759
ML ล้วน: GP,27,443,3.1374
ML ล้วน: GP,27,444,2.3817
ML ล้วน: GP,27,445,7.4069
ML ล้วน: GP,27,446,4.6062
ML ล้วน: GP,27,447,2.8681
ML ล้วน: GP,27,448,4.5849
ML ล้วน: GP,27,449,6.9795
ML ล้วน: GP,27,467,3.3740
ML ล้วน: GP,27,492,2.7651
ML ล้วน: GP,27,517,4.0271
ML ล้วน: GP,27,542,1.8197
ML ล้วน: GP,27,567,2.8803
ML ล้วน: GP,27,592,2.4635
ML ล้วน: GP,27,617,1.5189
ML ล้วน: GP,30,18,1.6087
ML ล้วน: GP,30,43,1.6920
ML ล้วน: GP,30,68,1.4767
ML ล้วน: GP,30,93,0.9535
ML ล้วน: GP,30,118,0.5802
ML ล้วน: GP,30,143,1.0660
ML ล้วน: GP,30,168,1.6208
ML ล้วน: GP,30,193,0.7430
ML ล้วน: GP,30,218,0.9315
ML ล้วน: GP,30,243,1.3900
ML ล้วน: GP,30,268,1.6482
ML ล้วน: GP,30,293,1.2203
ML ล้วน: GP,30,318,1.5316
ML ล้วน: GP,30,343,1.9074
ML ล้วน: GP,30,368,2.0946
ML ล้วน: GP,30,393,1.2653
ML ล้วน: GP,30,418,2.1220
ML ล้วน: GP,30,443,0.9992
ML ล้วน: GP,30,450,3.0877
ML ล้วน: GP,30,451,4.6711
ML ล้วน: GP,30,452,5.2037
ML ล้วน: GP,30,453,3.9048
ML ล้วน: GP,30,454,2.4958
ML ล้วน: GP,30,455,2.0259
ML ล้วน: GP,30,456,3.2910
ML ล้วน: GP,30,457,1.7716
ML ล้วน: GP,30,458,3.5589
ML ล้วน: GP,30,459,2.9374
ML ล้วน: GP,30,460,2.7570
ML ล้วน: GP,30,461,2.7145
ML ล้วน: GP,30,462,1.3728
ML ล้วน: GP,30,463,5.5244
ML ล้วน: GP,30,464,1.8559
ML ล้วน: GP,30,465,1.6113
ML ล้วน: GP,30,466,2.4188
ML ล้วน: GP,30,467,3.9086
ML ล้วน: GP,30,468,1.8064
ML ล้วน: GP,30,469,1.6877
ML ล้วน: GP,30,470,7.0212
ML ล้วน: GP,30,471,3.7386
ML ล้วน: GP,30,472,1.9150
ML ล้วน: GP,30,473,3.8027
ML ล้วน: GP,30,474,5.2131
ML ล้วน: GP,30,493,1.7544
ML ล้วน: GP,30,518,1.1683
ML ล้วน: GP,30,543,1.5378
ML ล้วน: GP,30,568,1.1250
ML ล้วน: GP,30,593,1.5450
ML ล้วน: GP,30,618,1.8743
ML ล้วน: GP,37,19,4.7950
ML ล้วน: GP,37,44,3.3829
ML ล้วน: GP,37,69,3.0301
ML ล้วน: GP,37,94,3.0853
ML ล้วน: GP,37,119,2.8104
ML ล้วน: GP,37,144,1.2419
ML ล้วน: GP,37,169,1.4735
ML ล้วน: GP,37,194,1.4366
ML ล้วน: GP,37,219,1.7852
ML ล้วน: GP,37,244,1.6207
ML ล้วน: GP,37,269,0.5876
ML ล้วน: GP,37,294,1.7611
ML ล้วน: GP,37,319,1.4148
ML ล้วน: GP,37,344,0.8052
ML ล้วน: GP,37,369,2.5814
ML ล้วน: GP,37,394,2.4400
ML ล้วน: GP,37,419,3.9747
ML ล้วน: GP,37,444,1.6945
ML ล้วน: GP,37,469,1.9238
ML ล้วน: GP,37,475,6.2858
ML ล้วน: GP,37,476,4.9272
ML ล้วน: GP,37,477,5.0749
ML ล้วน: GP,37,478,1.7614
ML ล้วน: GP,37,479,3.0273
ML ล้วน: GP,37,480,4.2127
ML ล้วน: GP,37,481,5.1674
ML ล้วน: GP,37,482,4.0509
ML ล้วน: GP,37,483,6.7378
ML ล้วน: GP,37,484,4.1954
ML ล้วน: GP,37,485,4.7555
ML ล้วน: GP,37,486,3.8487
ML ล้วน: GP,37,487,4.0152
ML ล้วน: GP,37,488,5.3282
ML ล้วน: GP,37,489,4.1817
ML ล้วน: GP,37,490,5.4349
ML ล้วน: GP,37,491,7.2891
ML ล้วน: GP,37,492,4.4686
ML ล้วน: GP,37,493,4.2978
ML ล้วน: GP,37,494,7.4525
ML ล้วน: GP,37,495,1.6667
ML ล้วน: GP,37,496,7.4214
ML ล้วน: GP,37,497,7.1330
ML ล้วน: GP,37,498,3.8695
ML ล้วน: GP,37,499,3.7789
ML ล้วน: GP,37,519,1.2579
ML ล้วน: GP,37,544,1.9646
ML ล้วน: GP,37,569,0.8931
ML ล้วน: GP,37,594,1.9953
ML ล้วน: GP,37,619,2.0394
ML ล้วน: GP,38,20,8.9693
ML ล้วน: GP,38,45,8.2125
ML ล้วน: GP,38,70,8.2638
ML ล้วน: GP,38,95,6.5192
ML ล้วน: GP,38,120,5.6510
ML ล้วน: GP,38,145,4.5670
ML ล้วน: GP,38,170,5.9295
ML ล้วน: GP,38,195,5.2570
ML ล้วน: GP,38,220,6.5540
ML ล้วน: GP,38,245,5.7370
ML ล้วน: GP,38,270,8.9953
ML ล้วน: GP,38,295,7.1696
ML ล้วน: GP,38,320,6.7862
ML ล้วน: GP,38,345,9.2408
ML ล้วน: GP,38,370,5.3690
ML ล้วน: GP,38,395,8.1656
ML ล้วน: GP,38,420,8.2635
ML ล้วน: GP,38,445,7.2884
ML ล้วน: GP,38,470,6.9237
ML ล้วน: GP,38,495,6.8858
ML ล้วน: GP,38,500,8.6607
ML ล้วน: GP,38,501,8.7735
ML ล้วน: GP,38,502,10.2846
ML ล้วน: GP,38,503,6.9242
ML ล้วน: GP,38,504,6.2987
ML ล้วน: GP,38,505,6.7486
ML ล้วน: GP,38,506,8.0362
ML ล้วน: GP,38,507,6.2404
ML ล้วน: GP,38,508,13.2153
ML ล้วน: GP,38,509,8.7419
ML ล้วน: GP,38,510,10.1642
ML ล้วน: GP,38,511,7.8511
ML ล้วน: GP,38,512,6.6326
ML ล้วน: GP,38,513,10.7898
ML ล้วน: GP,38,514,9.6606
ML ล้วน: GP,38,515,8.6115
ML ล้วน: GP,38,516,6.8571
ML ล้วน: GP,38,517,8.0790
ML ล้วน: GP,38,518,7.1282
ML ล้วน: GP,38,519,7.6349
ML ล้วน: GP,38,520,13.6737
ML ล้วน: GP,38,521,9.7157
ML ล้วน: GP,38,522,11.0152
ML ล้วน: GP,38,523,6.7289
ML ล้วน: GP,38,524,7.7237
ML ล้วน: GP,38,545,8.4166
ML ล้วน: GP,38,570,7.0982
ML ล้วน: GP,38,595,6.2552
ML ล้วน: GP,38,620,6.2510
ML ล้วน: GP,40,21,1.0451
ML ล้วน: GP,40,46,0.4485
ML ล้วน: GP,40,71,1.2769
ML ล้วน: GP,40,96,0.9744
ML ล้วน: GP,40,121,1.2030
ML ล้วน: GP,40,146,2.5350
ML ล้วน: GP,40,171,2.1186
ML ล้วน: GP,40,196,2.7155
ML ล้วน: GP,40,221,1.1343
ML ล้วน: GP,40,246,1.2526
ML ล้วน: GP,40,271,0.9151
ML ล้วน: GP,40,296,1.5716
ML ล้วน: GP,40,321,1.4365
ML ล้วน: GP,40,346,0.7095
ML ล้วน: GP,40,371,2.0466
ML ล้วน: GP,40,396,1.8605
ML ล้วน: GP,40,421,3.4363
ML ล้วน: GP,40,446,2.6111
ML ล้วน: GP,40,471,2.3620
ML ล้วน: GP,40,496,2.8691
ML ล้วน: GP,40,521,1.7420
ML ล้วน: GP,40,525,1.2022
ML ล้วน: GP,40,526,0.4487
ML ล้วน: GP,40,527,6.7050
ML ล้วน: GP,40,528,1.0943
ML ล้วน: GP,40,529,2.3832
ML ล้วน: GP,40,530,1.7227
ML ล้วน: GP,40,531,2.0259
ML ล้วน: GP,40,532,4.6665
ML ล้วน: GP,40,533,6.0007
ML ล้วน: GP,40,534,1.4167
ML ล้วน: GP,40,535,0.7753
ML ล้วน: GP,40,536,1.0778
ML ล้วน: GP,40,537,3.2275
ML ล้วน: GP,40,538,1.4163
ML ล้วน: GP,40,539,5.1487
ML ล้วน: GP,40,540,1.5573
ML ล้วน: GP,40,541,5.8521
ML ล้วน: GP,40,542,0.2650
ML ล้วน: GP,40,543,1.7915
ML ล้วน: GP,40,544,2.1227
ML ล้วน: GP,40,545,6.7960
ML ล้วน: GP,40,546,2.3133
ML ล้วน: GP,40,547,2.5495
ML ล้วน: GP,40,548,3.2432
ML ล้วน: GP,40,549,1.3524
ML ล้วน: GP,40,571,0.6789
ML ล้วน: GP,40,596,1.4984
ML ล้วน: GP,40,621,1.4109
ML ล้วน: GP,41,22,1.8187
ML ล้วน: GP,41,47,0.6704
ML ล้วน: GP,41,72,0.9590
ML ล้วน: GP,41,97,1.3501
ML ล้วน: GP,41,122,1.3974
ML ล้วน: GP,41,147,2.1206
ML ล้วน: GP,41,172,1.9656
ML ล้วน: GP,41,197,2.1293
ML ล้วน: GP,41,222,0.7148
ML ล้วน: GP,41,247,1.4733
ML ล้วน: GP,41,272,1.8421
ML ล้วน: GP,41,297,2.0074
ML ล้วน: GP,41,322,1.8816
ML ล้วน: GP,41,347,1.3141
ML ล้วน: GP,41,372,2.6453
ML ล้วน: GP,41,397,2.5435
ML ล้วน: GP,41,422,2.8419
ML ล้วน: GP,41,447,1.1914
ML ล้วน: GP,41,472,1.4304
ML ล้วน: GP,41,497,2.6902
ML ล้วน: GP,41,522,3.2151
ML ล้วน: GP,41,547,2.5957
ML ล้วน: GP,41,550,0.8302
ML ล้วน: GP,41,551,0.5849
ML ล้วน: GP,41,552,6.6954
ML ล้วน: GP,41,553,1.1973
ML ล้วน: GP,41,554,0.7386
ML ล้วน: GP,41,555,2.1102
ML ล้วน: GP,41,556,1.4265
ML ล้วน: GP,41,557,5.2389
ML ล้วน: GP,41,558,7.4097
ML ล้วน: GP,41,559,1.2244
ML ล้วน: GP,41,560,2.1514
ML ล้วน: GP,41,561,0.9285
ML ล้วน: GP,41,562,0.1871
ML ล้วน: GP,41,563,1.2839
ML ล้วน: GP,41,564,6.3722
ML ล้วน: GP,41,565,1.6007
ML ล้วน: GP,41,566,4.7196
ML ล้วน: GP,41,567,2.6753
ML ล้วน: GP,41,568,0.9670
ML ล้วน: GP,41,569,1.0566
ML ล้วน: GP,41,570,6.2906
ML ล้วน: GP,41,571,0.4423
ML ล้วน: GP,41,572,3.9580
ML ล้วน: GP,41,573,1.8213
ML ล้วน: GP,41,574,0.6487
ML ล้วน: GP,41,597,2.9341
ML ล้วน: GP,41,622,1.3865
ML ล้วน: GP,43,23,1.3907
ML ล้วน: GP,43,48,0.5689
ML ล้วน: GP,43,73,0.7367
ML ล้วน: GP,43,98,1.4549
ML ล้วน: GP,43,123,1.5663
ML ล้วน: GP,43,148,6.5895
ML ล้วน: GP,43,173,8.3229
ML ล้วน: GP,43,198,6.7860
ML ล้วน: GP,43,223,5.9190
ML ล้วน: GP,43,248,8.7061
ML ล้วน: GP,43,273,1.4171
ML ล้วน: GP,43,298,1.4768
ML ล้วน: GP,43,323,2.0943
ML ล้วน: GP,43,348,2.4932
ML ล้วน: GP,43,373,2.4284
ML ล้วน: GP,43,398,2.6029
ML ล้วน: GP,43,423,0.8767
ML ล้วน: GP,43,448,2.5991
ML ล้วน: GP,43,473,1.7609
ML ล้วน: GP,43,498,1.6138
ML ล้วน: GP,43,523,1.3373
ML ล้วน: GP,43,548,3.5049
ML ล้วน: GP,43,573,2.1147
ML ล้วน: GP,43,575,4.1636
ML ล้วน: GP,43,576,4.3850
ML ล้วน: GP,43,577,11.7052
ML ล้วน: GP,43,578,3.4962
ML ล้วน: GP,43,579,2.4764
ML ล้วน: GP,43,580,1.4110
ML ล้วน: GP,43,581,2.0864
ML ล้วน: GP,43,582,5.4134
ML ล้วน: GP,43,583,6.4262
ML ล้วน: GP,43,584,4.2610
ML ล้วน: GP,43,585,2.9406
ML ล้วน: GP,43,586,3.6514
ML ล้วน: GP,43,587,3.7580
ML ล้วน: GP,43,588,3.7604
ML ล้วน: GP,43,589,3.1961
ML ล้วน: GP,43,590,1.6179
ML ล้วน: GP,43,591,5.0256
ML ล้วน: GP,43,592,1.9136
ML ล้วน: GP,43,593,3.4268
ML ล้วน: GP,43,594,3.6268
ML ล้วน: GP,43,595,3.1416
ML ล้วน: GP,43,596,3.8480
ML ล้วน: GP,43,597,3.8873
ML ล้วน: GP,43,598,4.1004
ML ล้วน: GP,43,599,3.8812
ML ล้วน: GP,43,623,1.8842
ML ล้วน: GP,50,24,1.6048
ML ล้วน: GP,50,49,1.4283
ML ล้วน: GP,50,74,1.5449
ML ล้วน: GP,50,99,1.0086
ML ล้วน: GP,50,124,2.7649
ML ล้วน: GP,50,149,7.1016
ML ล้วน: GP,50,174,9.3111
ML ล้วน: GP,50,199,7.4968
ML ล้วน: GP,50,224,8.0432
ML ล้วน: GP,50,249,9.4660
ML ล้วน: GP,50,274,4.5601
ML ล้วน: GP,50,299,2.4755
ML ล้วน: GP,50,324,5.2352
ML ล้วน: GP,50,349,4.4461
ML ล้วน: GP,50,374,4.7471
ML ล้วน: GP,50,399,2.2197
ML ล้วน: GP,50,424,2.0146
ML ล้วน: GP,50,449,1.8707
ML ล้วน: GP,50,474,1.5922
ML ล้วน: GP,50,499,1.6122
ML ล้วน: GP,50,524,1.6251
ML ล้วน: GP,50,549,2.3127
ML ล้วน: GP,50,574,2.7233
ML ล้วน: GP,50,599,2.6401
ML ล้วน: GP,50,600,9.1199
ML ล้วน: GP,50,601,7.0386
ML ล้วน: GP,50,602,7.5298
ML ล้วน: GP,50,603,6.9489
ML ล้วน: GP,50,604,5.4379
ML ล้วน: GP,50,605,6.1924
ML ล้วน: GP,50,606,6.6215
ML ล้วน: GP,50,607,10.1448
ML ล้วน: GP,50,608,15.1512
ML ล้วน: GP,50,609,9.0064
ML ล้วน: GP,50,610,7.4333
ML ล้วน: GP,50,611,6.6865
ML ล้วน: GP,50,612,7.3292
ML ล้วน: GP,50,613,10.9890
ML ล้วน: GP,50,614,3.7375
ML ล้วน: GP,50,615,6.8527
ML ล้วน: GP,50,616,10.5217
ML ล้วน: GP,50,617,8.2538
ML ล้วน: GP,50,618,6.3903
ML ล้วน: GP,50,619,9.3491
ML ล้วน: GP,50,620,6.2107
ML ล้วน: GP,50,621,9.8910
ML ล้วน: GP,50,622,7.5750
ML ล้วน: GP,50,623,9.0141
ML ล้วน: GP,50,624,9.1199
ML ล้วน: Polynomial Ridge,01,0,133.8749
ML ล้วน: Polynomial Ridge,01,1,127.2331
ML ล้วน: Polynomial Ridge,01,2,128.5551
ML ล้วน: Polynomial Ridge,01,3,139.1501
ML ล้วน: Polynomial Ridge,01,4,132.9845
ML ล้วน: Polynomial Ridge,01,5,119.1080
ML ล้วน: Polynomial Ridge,01,6,122.2849
ML ล้วน: Polynomial Ridge,01,7,118.4978
ML ล้วน: Polynomial Ridge,01,8,126.3153
ML ล้วน: Polynomial Ridge,01,9,120.0451
ML ล้วน: Polynomial Ridge,01,10,116.4014
ML ล้วน: Polynomial Ridge,01,11,134.8520
ML ล้วน: Polynomial Ridge,01,12,122.9183
ML ล้วน: Polynomial Ridge,01,13,117.4646
ML ล้วน: Polynomial Ridge,01,14,116.6204
ML ล้วน: Polynomial Ridge,01,15,117.0115
ML ล้วน: Polynomial Ridge,01,16,119.2821
ML ล้วน: Polynomial Ridge,01,17,118.6658
ML ล้วน: Polynomial Ridge,01,18,131.1741
ML ล้วน: Polynomial Ridge,01,19,119.4636
ML ล้วน: Polynomial Ridge,01,20,131.9434
ML ล้วน: Polynomial Ridge,01,21,118.6000
ML ล้วน: Polynomial Ridge,01,22,118.2678
ML ล้วน: Polynomial Ridge,01,23,129.0253
ML ล้วน: Polynomial Ridge,01,24,135.3277
ML ล้วน: Polynomial Ridge,01,25,123.8867
ML ล้วน: Polynomial Ridge,01,50,125.1258
ML ล้วน: Polynomial Ridge,01,75,135.5016
ML ล้วน: Polynomial Ridge,01,100,128.5309
ML ล้วน: Polynomial Ridge,01,125,113.6398
ML ล้วน: Polynomial Ridge,01,150,116.4900
ML ล้วน: Polynomial Ridge,01,175,112.6215
ML ล้วน: Polynomial Ridge,01,200,122.1125
ML ล้วน: Polynomial Ridge,01,225,114.9598
ML ล้วน: Polynomial Ridge,01,250,110.8223
ML ล้วน: Polynomial Ridge,01,275,131.3166
ML ล้วน: Polynomial Ridge,01,300,117.9609
ML ล้วน: Polynomial Ridge,01,325,111.8836
ML ล้วน: Polynomial Ridge,01,350,110.4438
ML ล้วน: Polynomial Ridge,01,375,112.3089
ML ล้วน: Polynomial Ridge,01,400,115.0183
ML ล้วน: Polynomial Ridge,01,425,114.4227
ML ล้วน: Polynomial Ridge,01,450,127.4093
ML ล้วน: Polynomial Ridge,01,475,115.8139
ML ล้วน: Polynomial Ridge,01,500,129.3176
ML ล้วน: Polynomial Ridge,01,525,112.9434
ML ล้วน: Polynomial Ridge,01,550,112.4448
ML ล้วน: Polynomial Ridge,01,575,125.4907
ML ล้วน: Polynomial Ridge,01,600,133.3566
ML ล้วน: Polynomial Ridge,02,1,27.6774
ML ล้วน: Polynomial Ridge,02,25,25.4702
ML ล้วน: Polynomial Ridge,02,26,46.7765
ML ล้วน: Polynomial Ridge,02,27,20.4731
ML ล้วน: Polynomial Ridge,02,28,23.7758
ML ล้วน: Polynomial Ridge,02,29,25.7596
ML ล้วน: Polynomial Ridge,02,30,28.8956
ML ล้วน: Polynomial Ridge,02,31,29.8829
ML ล้วน: Polynomial Ridge,02,32,33.4018
ML ล้วน: Polynomial Ridge,02,33,22.1881
ML ล้วน: Polynomial Ridge,02,34,19.1252
ML ล้วน: Polynomial Ridge,02,35,29.9967
ML ล้วน: Polynomial Ridge,02,36,24.0307
ML ล้วน: Polynomial Ridge,02,37,28.1299
ML ล้วน: Polynomial Ridge,02,38,22.5757
ML ล้วน: Polynomial Ridge,02,39,32.7850
ML ล้วน: Polynomial Ridge,02,40,30.5439
ML ล้วน: Polynomial Ridge,02,41,27.8405
ML ล้วน: Polynomial Ridge,02,42,29.1240
ML ล้วน: Polynomial Ridge,02,43,25.3697
ML ล้วน: Polynomial Ridge,02,44,30.9098
ML ล้วน: Polynomial Ridge,02,45,25.8610
ML ล้วน: Polynomial Ridge,02,46,22.9246
ML ล้วน: Polynomial Ridge,02,47,25.2632
ML ล้วน: Polynomial Ridge,02,48,27.7641
ML ล้วน: Polynomial Ridge,02,49,25.1928
ML ล้วน: Polynomial Ridge,02,51,24.3882
ML ล้วน: Polynomial Ridge,02,76,28.8129
ML ล้วน: Polynomial Ridge,02,101,29.6802
ML ล้วน: Polynomial Ridge,02,126,30.6013
ML ล้วน: Polynomial Ridge,02,151,30.8183
ML ล้วน: Polynomial Ridge,02,176,33.0663
ML ล้วน: Polynomial Ridge,02,201,24.2791
ML ล้วน: Polynomial Ridge,02,226,17.2947
ML ล้วน: Polynomial Ridge,02,251,30.2998
ML ล้วน: Polynomial Ridge,02,276,25.0921
ML ล้วน: Polynomial Ridge,02,301,29.1279
ML ล้วน: Polynomial Ridge,02,326,23.2270
ML ล้วน: Polynomial Ridge,02,351,32.8720
ML ล้วน: Polynomial Ridge,02,376,32.0986
ML ล้วน: Polynomial Ridge,02,401,31.5749
ML ล้วน: Polynomial Ridge,02,426,31.1995
ML ล้วน: Polynomial Ridge,02,451,28.3709
ML ล้วน: Polynomial Ridge,02,476,36.4485
ML ล้วน: Polynomial Ridge,02,501,28.4302
ML ล้วน: Polynomial Ridge,02,526,25.0858
ML ล้วน: Polynomial Ridge,02,551,27.9819
ML ล้วน: Polynomial Ridge,02,576,31.4594
ML ล้วน: Polynomial Ridge,02,601,27.2734
ML ล้วน: Polynomial Ridge,03,2,8.7326
ML ล้วน: Polynomial Ridge,03,27,7.1536
ML ล้วน: Polynomial Ridge,03,50,10.6273
ML ล้วน: Polynomial Ridge,03,51,8.5420
ML ล้วน: Polynomial Ridge,03,52,14.9649
ML ล้วน: Polynomial Ridge,03,53,13.1752
ML ล้วน: Polynomial Ridge,03,54,13.1560
ML ล้วน: Polynomial Ridge,03,55,14.0288
ML ล้วน: Polynomial Ridge,03,56,12.9590
ML ล้วน: Polynomial Ridge,03,57,11.3394
ML ล้วน: Polynomial Ridge,03,58,9.3659
ML ล้วน: Polynomial Ridge,03,59,8.0015
ML ล้วน: Polynomial Ridge,03,60,8.0022
ML ล้วน: Polynomial Ridge,03,61,10.1017
ML ล้วน: Polynomial Ridge,03,62,10.0543
ML ล้วน: Polynomial Ridge,03,63,6.8145
ML ล้วน: Polynomial Ridge,03,64,9.3250
ML ล้วน: Polynomial Ridge,03,65,8.8595
ML ล้วน: Polynomial Ridge,03,66,6.8444
ML ล้วน: Polynomial Ridge,03,67,10.1698
ML ล้วน: Polynomial Ridge,03,68,11.0352
ML ล้วน: Polynomial Ridge,03,69,10.7354
ML ล้วน: Polynomial Ridge,03,70,12.6375
ML ล้วน: Polynomial Ridge,03,71,8.2860
ML ล้วน: Polynomial Ridge,03,72,8.9796
ML ล้วน: Polynomial Ridge,03,73,10.5632
ML ล้วน: Polynomial Ridge,03,74,11.7117
ML ล้วน: Polynomial Ridge,03,77,8.5010
ML ล้วน: Polynomial Ridge,03,102,9.3569
ML ล้วน: Polynomial Ridge,03,127,11.7841
ML ล้วน: Polynomial Ridge,03,152,12.1345
ML ล้วน: Polynomial Ridge,03,177,11.6056
ML ล้วน: Polynomial Ridge,03,202,8.3098
ML ล้วน: Polynomial Ridge,03,227,5.5274
ML ล้วน: Polynomial Ridge,03,252,7.8780
ML ล้วน: Polynomial Ridge,03,277,9.2818
ML ล้วน: Polynomial Ridge,03,302,9.5204
ML ล้วน: Polynomial Ridge,03,327,6.3239
ML ล้วน: Polynomial Ridge,03,352,9.3997
ML ล้วน: Polynomial Ridge,03,377,7.9097
ML ล้วน: Polynomial Ridge,03,402,6.3477
ML ล้วน: Polynomial Ridge,03,427,9.1633
ML ล้วน: Polynomial Ridge,03,452,8.3088
ML ล้วน: Polynomial Ridge,03,477,9.0490
ML ล้วน: Polynomial Ridge,03,502,16.2287
ML ล้วน: Polynomial Ridge,03,527,11.5850
ML ล้วน: Polynomial Ridge,03,552,12.4114
ML ล้วน: Polynomial Ridge,03,577,16.3904
ML ล้วน: Polynomial Ridge,03,602,15.1276
ML ล้วน: Polynomial Ridge,05,3,25.4429
ML ล้วน: Polynomial Ridge,05,28,26.1848
ML ล้วน: Polynomial Ridge,05,53,25.2424
ML ล้วน: Polynomial Ridge,05,75,34.6379
ML ล้วน: Polynomial Ridge,05,76,34.3062
ML ล้วน: Polynomial Ridge,05,77,31.9769
ML ล้วน: Polynomial Ridge,05,78,44.1283
ML ล้วน: Polynomial Ridge,05,79,23.3802
ML ล้วน: Polynomial Ridge,05,80,22.2579
ML ล้วน: Polynomial Ridge,05,81,25.0370
ML ล้วน: Polynomial Ridge,05,82,22.8401
ML ล้วน: Polynomial Ridge,05,83,26.5735
ML ล้วน: Polynomial Ridge,05,84,29.0822
ML ล้วน: Polynomial Ridge,05,85,21.7860
ML ล้วน: Polynomial Ridge,05,86,24.7984
ML ล้วน: Polynomial Ridge,05,87,21.8997
ML ล้วน: Polynomial Ridge,05,88,25.8537
ML ล้วน: Polynomial Ridge,05,89,21.4667
ML ล้วน: Polynomial Ridge,05,90,23.7965
ML ล้วน: Polynomial Ridge,05,91,24.1458
ML ล้วน: Polynomial Ridge,05,92,22.0242
ML ล้วน: Polynomial Ridge,05,93,24.4042
ML ล้วน: Polynomial Ridge,05,94,26.1766
ML ล้วน: Polynomial Ridge,05,95,27.5528
ML ล้วน: Polynomial Ridge,05,96,26.9223
ML ล้วน: Polynomial Ridge,05,97,25.1275
ML ล้วน: Polynomial Ridge,05,98,26.8568
ML ล้วน: Polynomial Ridge,05,99,30.9707
ML ล้วน: Polynomial Ridge,05,103,22.3117
ML ล้วน: Polynomial Ridge,05,128,21.7203
ML ล้วน: Polynomial Ridge,05,153,25.4992
ML ล้วน: Polynomial Ridge,05,178,21.9992
ML ล้วน: Polynomial Ridge,05,203,22.6725
ML ล้วน: Polynomial Ridge,05,228,28.2551
ML ล้วน: Polynomial Ridge,05,253,23.2383
ML ล้วน: Polynomial Ridge,05,278,21.2073
ML ล้วน: Polynomial Ridge,05,303,19.9405
ML ล้วน: Polynomial Ridge,05,328,30.8751
ML ล้วน: Polynomial Ridge,05,353,21.8701
ML ล้วน: Polynomial Ridge,05,378,24.5100
ML ล้วน: Polynomial Ridge,05,403,23.5742
ML ล้วน: Polynomial Ridge,05,428,23.1366
ML ล้วน: Polynomial Ridge,05,453,22.9854
ML ล้วน: Polynomial Ridge,05,478,25.9037
ML ล้วน: Polynomial Ridge,05,503,24.5769
ML ล้วน: Polynomial Ridge,05,528,24.9681
ML ล้วน: Polynomial Ridge,05,553,23.7304
ML ล้วน: Polynomial Ridge,05,578,24.5456
ML ล้วน: Polynomial Ridge,05,603,25.8533
ML ล้วน: Polynomial Ridge,07,4,15.0934
ML ล้วน: Polynomial Ridge,07,29,18.3332
ML ล้วน: Polynomial Ridge,07,54,17.6288
ML ล้วน: Polynomial Ridge,07,79,17.1550
ML ล้วน: Polynomial Ridge,07,100,13.1674
ML ล้วน: Polynomial Ridge,07,101,16.1920
ML ล้วน: Polynomial Ridge,07,102,15.5616
ML ล้วน: Polynomial Ridge,07,103,16.2321
ML ล้วน: Polynomial Ridge,07,104,33.1526
ML ล้วน: Polynomial Ridge,07,105,15.0308
ML ล้วน: Polynomial Ridge,07,106,16.6181
ML ล้วน: Polynomial Ridge,07,107,14.0269
ML ล้วน: Polynomial Ridge,07,108,17.7609
ML ล้วน: Polynomial Ridge,07,109,21.2244
ML ล้วน: Polynomial Ridge,07,110,15.8998
ML ล้วน: Polynomial Ridge,07,111,15.4651
ML ล้วน: Polynomial Ridge,07,112,14.9631
ML ล้วน: Polynomial Ridge,07,113,20.1470
ML ล้วน: Polynomial Ridge,07,114,15.4124
ML ล้วน: Polynomial Ridge,07,115,14.0285
ML ล้วน: Polynomial Ridge,07,116,16.0717
ML ล้วน: Polynomial Ridge,07,117,14.7942
ML ล้วน: Polynomial Ridge,07,118,13.9779
ML ล้วน: Polynomial Ridge,07,119,16.9543
ML ล้วน: Polynomial Ridge,07,120,16.2939
ML ล้วน: Polynomial Ridge,07,121,16.8969
ML ล้วน: Polynomial Ridge,07,122,15.5651
ML ล้วน: Polynomial Ridge,07,123,16.9190
ML ล้วน: Polynomial Ridge,07,124,15.2692
ML ล้วน: Polynomial Ridge,07,129,15.4409
ML ล้วน: Polynomial Ridge,07,154,16.9441
ML ล้วน: Polynomial Ridge,07,179,14.1266
ML ล้วน: Polynomial Ridge,07,204,19.3892
ML ล้วน: Polynomial Ridge,07,229,23.7929
ML ล้วน: Polynomial Ridge,07,254,15.6374
ML ล้วน: Polynomial Ridge,07,279,16.8070
ML ล้วน: Polynomial Ridge,07,304,16.4314
ML ล้วน: Polynomial Ridge,07,329,18.9257
ML ล้วน: Polynomial Ridge,07,354,16.1198
ML ล้วน: Polynomial Ridge,07,379,14.3221
ML ล้วน: Polynomial Ridge,07,404,16.5026
ML ล้วน: Polynomial Ridge,07,429,14.6668
ML ล้วน: Polynomial Ridge,07,454,14.5269
ML ล้วน: Polynomial Ridge,07,479,17.5953
ML ล้วน: Polynomial Ridge,07,504,17.4019
ML ล้วน: Polynomial Ridge,07,529,18.2404
ML ล้วน: Polynomial Ridge,07,554,16.6258
ML ล้วน: Polynomial Ridge,07,579,17.9993
ML ล้วน: Polynomial Ridge,07,604,16.8152
ML ล้วน: Polynomial Ridge,12,5,10.0614
ML ล้วน: Polynomial Ridge,12,30,9.7063
ML ล้วน: Polynomial Ridge,12,55,11.4123
ML ล้วน: Polynomial Ridge,12,80,6.4769
ML ล้วน: Polynomial Ridge,12,105,5.3736
ML ล้วน: Polynomial Ridge,12,125,3.3226
ML ล้วน: Polynomial Ridge,12,126,5.6011
ML ล้วน: Polynomial Ridge,12,127,4.3692
ML ล้วน: Polynomial Ridge,12,128,1.6083
ML ล้วน: Polynomial Ridge,12,129,1.1316
ML ล้วน: Polynomial Ridge,12,130,7.0404
ML ล้วน: Polynomial Ridge,12,131,2.9848
ML ล้วน: Polynomial Ridge,12,132,2.9208
ML ล้วน: Polynomial Ridge,12,133,5.0803
ML ล้วน: Polynomial Ridge,12,134,7.6635
ML ล้วน: Polynomial Ridge,12,135,5.6153
ML ล้วน: Polynomial Ridge,12,136,2.4012
ML ล้วน: Polynomial Ridge,12,137,2.3591
ML ล้วน: Polynomial Ridge,12,138,7.5893
ML ล้วน: Polynomial Ridge,12,139,2.5717
ML ล้วน: Polynomial Ridge,12,140,4.5806
ML ล้วน: Polynomial Ridge,12,141,4.6695
ML ล้วน: Polynomial Ridge,12,142,2.4555
ML ล้วน: Polynomial Ridge,12,143,2.8617
ML ล้วน: Polynomial Ridge,12,144,3.8547
ML ล้วน: Polynomial Ridge,12,145,2.6229
ML ล้วน: Polynomial Ridge,12,146,7.0669
ML ล้วน: Polynomial Ridge,12,147,5.2967
ML ล้วน: Polynomial Ridge,12,148,3.9745
ML ล้วน: Polynomial Ridge,12,149,6.2045
ML ล้วน: Polynomial Ridge,12,155,5.0613
ML ล้วน: Polynomial Ridge,12,180,5.8289
ML ล้วน: Polynomial Ridge,12,205,7.4033
ML ล้วน: Polynomial Ridge,12,230,5.8544
ML ล้วน: Polynomial Ridge,12,255,10.5920
ML ล้วน: Polynomial Ridge,12,280,5.5262
ML ล้วน: Polynomial Ridge,12,305,5.9797
ML ล้วน: Polynomial Ridge,12,330,6.9443
ML ล้วน: Polynomial Ridge,12,355,5.4707
ML ล้วน: Polynomial Ridge,12,380,9.2267
ML ล้วน: Polynomial Ridge,12,405,11.8337
ML ล้วน: Polynomial Ridge,12,430,6.6896
ML ล้วน: Polynomial Ridge,12,455,7.2196
ML ล้วน: Polynomial Ridge,12,480,10.7388
ML ล้วน: Polynomial Ridge,12,505,7.1217
ML ล้วน: Polynomial Ridge,12,530,11.3712
ML ล้วน: Polynomial Ridge,12,555,10.5531
ML ล้วน: Polynomial Ridge,12,580,7.2400
ML ล้วน: Polynomial Ridge,12,605,7.7204
ML ล้วน: Polynomial Ridge,13,6,35.2594
ML ล้วน: Polynomial Ridge,13,31,40.3899
ML ล้วน: Polynomial Ridge,13,56,36.7501
ML ล้วน: Polynomial Ridge,13,81,35.1134
ML ล้วน: Polynomial Ridge,13,106,40.8536
ML ล้วน: Polynomial Ridge,13,131,42.7143
ML ล้วน: Polynomial Ridge,13,150,32.1887
ML ล้วน: Polynomial Ridge,13,151,42.0036
ML ล้วน: Polynomial Ridge,13,152,37.6860
ML ล้วน: Polynomial Ridge,13,153,34.9702
ML ล้วน: Polynomial Ridge,13,154,38.2269
ML ล้วน: Polynomial Ridge,13,155,37.9595
ML ล้วน: Polynomial Ridge,13,156,62.2081
ML ล้วน: Polynomial Ridge,13,157,38.1872
ML ล้วน: Polynomial Ridge,13,158,38.7666
ML ล้วน: Polynomial Ridge,13,159,40.8255
ML ล้วน: Polynomial Ridge,13,160,40.9896
ML ล้วน: Polynomial Ridge,13,161,37.7983
ML ล้วน: Polynomial Ridge,13,162,40.1996
ML ล้วน: Polynomial Ridge,13,163,41.1273
ML ล้วน: Polynomial Ridge,13,164,38.7660
ML ล้วน: Polynomial Ridge,13,165,39.1776
ML ล้วน: Polynomial Ridge,13,166,40.9510
ML ล้วน: Polynomial Ridge,13,167,38.2823
ML ล้วน: Polynomial Ridge,13,168,38.2817
ML ล้วน: Polynomial Ridge,13,169,36.0549
ML ล้วน: Polynomial Ridge,13,170,35.7477
ML ล้วน: Polynomial Ridge,13,171,43.3424
ML ล้วน: Polynomial Ridge,13,172,41.9502
ML ล้วน: Polynomial Ridge,13,173,32.7533
ML ล้วน: Polynomial Ridge,13,174,37.8191
ML ล้วน: Polynomial Ridge,13,181,43.2003
ML ล้วน: Polynomial Ridge,13,206,37.2462
ML ล้วน: Polynomial Ridge,13,231,41.9220
ML ล้วน: Polynomial Ridge,13,256,49.8277
ML ล้วน: Polynomial Ridge,13,281,38.6620
ML ล้วน: Polynomial Ridge,13,306,44.7227
ML ล้วน: Polynomial Ridge,13,331,51.0683
ML ล้วน: Polynomial Ridge,13,356,46.2290
ML ล้วน: Polynomial Ridge,13,381,47.2238
ML ล้วน: Polynomial Ridge,13,406,45.1324
ML ล้วน: Polynomial Ridge,13,431,45.3543
ML ล้วน: Polynomial Ridge,13,456,39.9816
ML ล้วน: Polynomial Ridge,13,481,43.3960
ML ล้วน: Polynomial Ridge,13,506,35.9148
ML ล้วน: Polynomial Ridge,13,531,48.7811
ML ล้วน: Polynomial Ridge,13,556,46.6495
ML ล้วน: Polynomial Ridge,13,581,36.2867
ML ล้วน: Polynomial Ridge,13,606,33.4975
ML ล้วน: Polynomial Ridge,15,7,3.6323
ML ล้วน: Polynomial Ridge,15,32,5.0837
ML ล้วน: Polynomial Ridge,15,57,3.1782
ML ล้วน: Polynomial Ridge,15,82,1.1755
ML ล้วน: Polynomial Ridge,15,107,0.4451
ML ล้วน: Polynomial Ridge,15,132,1.9068
ML ล้วน: Polynomial Ridge,15,157,1.5749
ML ล้วน: Polynomial Ridge,15,175,2.0636
ML ล้วน: Polynomial Ridge,15,176,1.9331
ML ล้วน: Polynomial Ridge,15,177,2.7362
ML ล้วน: Polynomial Ridge,15,178,2.4119
ML ล้วน: Polynomial Ridge,15,179,2.2479
ML ล้วน: Polynomial Ridge,15,180,2.9639
ML ล้วน: Polynomial Ridge,15,181,2.7587
ML ล้วน: Polynomial Ridge,15,182,3.1438
ML ล้วน: Polynomial Ridge,15,183,1.7627
ML ล้วน: Polynomial Ridge,15,184,2.5458
ML ล้วน: Polynomial Ridge,15,185,3.1781
ML ล้วน: Polynomial Ridge,15,186,1.7824
ML ล้วน: Polynomial Ridge,15,187,2.3167
ML ล้วน: Polynomial Ridge,15,188,2.4931
ML ล้วน: Polynomial Ridge,15,189,2.1749
ML ล้วน: Polynomial Ridge,15,190,2.5382
ML ล้วน: Polynomial Ridge,15,191,1.4022
ML ล้วน: Polynomial Ridge,15,192,4.1749
ML ล้วน: Polynomial Ridge,15,193,2.7604
ML ล้วน: Polynomial Ridge,15,194,3.3452
ML ล้วน: Polynomial Ridge,15,195,2.4118
ML ล้วน: Polynomial Ridge,15,196,2.8888
ML ล้วน: Polynomial Ridge,15,197,2.6987
ML ล้วน: Polynomial Ridge,15,198,5.5830
ML ล้วน: Polynomial Ridge,15,199,4.4311
ML ล้วน: Polynomial Ridge,15,207,4.2220
ML ล้วน: Polynomial Ridge,15,232,2.5173
ML ล้วน: Polynomial Ridge,15,257,2.1316
ML ล้วน: Polynomial Ridge,15,282,1.7727
ML ล้วน: Polynomial Ridge,15,307,1.3195
ML ล้วน: Polynomial Ridge,15,332,3.0185
ML ล้วน: Polynomial Ridge,15,357,1.2513
ML ล้วน: Polynomial Ridge,15,382,1.8735
ML ล้วน: Polynomial Ridge,15,407,2.9362
ML ล้วน: Polynomial Ridge,15,432,2.2009
ML ล้วน: Polynomial Ridge,15,457,1.6517
ML ล้วน: Polynomial Ridge,15,482,2.5263
ML ล้วน: Polynomial Ridge,15,507,5.2911
ML ล้วน: Polynomial Ridge,15,532,6.7856
ML ล้วน: Polynomial Ridge,15,557,8.3511
ML ล้วน: Polynomial Ridge,15,582,5.7911
ML ล้วน: Polynomial Ridge,15,607,5.3890
ML ล้วน: Polynomial Ridge,17,8,5.8537
ML ล้วน: Polynomial Ridge,17,33,4.4571
ML ล้วน: Polynomial Ridge,17,58,4.9383
ML ล้วน: Polynomial Ridge,17,83,5.3867
ML ล้วน: Polynomial Ridge,17,108,6.0279
ML ล้วน: Polynomial Ridge,17,133,5.9658
ML ล้วน: Polynomial Ridge,17,158,6.7013
ML ล้วน: Polynomial Ridge,17,183,5.5916
ML ล้วน: Polynomial Ridge,17,200,7.9984
ML ล้วน: Polynomial Ridge,17,201,5.9220
ML ล้วน: Polynomial Ridge,17,202,5.9740
ML ล้วน: Polynomial Ridge,17,203,8.0436
ML ล้วน: Polynomial Ridge,17,204,8.2705
ML ล้วน: Polynomial Ridge,17,205,8.5853
ML ล้วน: Polynomial Ridge,17,206,8.7400
ML ล้วน: Polynomial Ridge,17,207,8.0634
ML ล้วน: Polynomial Ridge,17,208,11.6174
ML ล้วน: Polynomial Ridge,17,209,5.1015
ML ล้วน: Polynomial Ridge,17,210,6.2227
ML ล้วน: Polynomial Ridge,17,211,7.4308
ML ล้วน: Polynomial Ridge,17,212,6.8572
ML ล้วน: Polynomial Ridge,17,213,4.9702
ML ล้วน: Polynomial Ridge,17,214,8.7799
ML ล้วน: Polynomial Ridge,17,215,6.7489
ML ล้วน: Polynomial Ridge,17,216,8.0032
ML ล้วน: Polynomial Ridge,17,217,7.4958
ML ล้วน: Polynomial Ridge,17,218,6.4952
ML ล้วน: Polynomial Ridge,17,219,7.6998
ML ล้วน: Polynomial Ridge,17,220,6.5409
ML ล้วน: Polynomial Ridge,17,221,4.9033
ML ล้วน: Polynomial Ridge,17,222,5.1262
ML ล้วน: Polynomial Ridge,17,223,8.0873
ML ล้วน: Polynomial Ridge,17,224,11.3527
ML ล้วน: Polynomial Ridge,17,233,4.2205
ML ล้วน: Polynomial Ridge,17,258,6.3064
ML ล้วน: Polynomial Ridge,17,283,5.5420
ML ล้วน: Polynomial Ridge,17,308,5.9016
ML ล้วน: Polynomial Ridge,17,333,5.3938
ML ล้วน: Polynomial Ridge,17,358,7.6915
ML ล้วน: Polynomial Ridge,17,383,7.1844
ML ล้วน: Polynomial Ridge,17,408,8.2352
ML ล้วน: Polynomial Ridge,17,433,7.9585
ML ล้วน: Polynomial Ridge,17,458,6.4801
ML ล้วน: Polynomial Ridge,17,483,8.6638
ML ล้วน: Polynomial Ridge,17,508,11.7962
ML ล้วน: Polynomial Ridge,17,533,9.5642
ML ล้วน: Polynomial Ridge,17,558,11.5905
ML ล้วน: Polynomial Ridge,17,583,13.8669
ML ล้วน: Polynomial Ridge,17,608,11.8290
ML ล้วน: Polynomial Ridge,18,9,8.0263
ML ล้วน: Polynomial Ridge,18,34,5.4188
ML ล้วน: Polynomial Ridge,18,59,5.9009
ML ล้วน: Polynomial Ridge,18,84,11.9334
ML ล้วน: Polynomial Ridge,18,109,11.7205
ML ล้วน: Polynomial Ridge,18,134,14.3483
ML ล้วน: Polynomial Ridge,18,159,14.3228
ML ล้วน: Polynomial Ridge,18,184,12.2268
ML ล้วน: Polynomial Ridge,18,209,9.1525
ML ล้วน: Polynomial Ridge,18,225,7.4648
ML ล้วน: Polynomial Ridge,18,226,6.3171
ML ล้วน: Polynomial Ridge,18,227,7.4644
ML ล้วน: Polynomial Ridge,18,228,9.5348
ML ล้วน: Polynomial Ridge,18,229,9.1324
ML ล้วน: Polynomial Ridge,18,230,9.2138
ML ล้วน: Polynomial Ridge,18,231,9.1186
ML ล้วน: Polynomial Ridge,18,232,9.4305
ML ล้วน: Polynomial Ridge,18,233,7.7404
ML ล้วน: Polynomial Ridge,18,234,11.3849
ML ล้วน: Polynomial Ridge,18,235,8.3013
ML ล้วน: Polynomial Ridge,18,236,8.1010
ML ล้วน: Polynomial Ridge,18,237,8.4542
ML ล้วน: Polynomial Ridge,18,238,7.8678
ML ล้วน: Polynomial Ridge,18,239,7.6182
ML ล้วน: Polynomial Ridge,18,240,8.4353
ML ล้วน: Polynomial Ridge,18,241,6.8530
ML ล้วน: Polynomial Ridge,18,242,8.8464
ML ล้วน: Polynomial Ridge,18,243,8.9285
ML ล้วน: Polynomial Ridge,18,244,9.0743
ML ล้วน: Polynomial Ridge,18,245,9.0143
ML ล้วน: Polynomial Ridge,18,246,8.1788
ML ล้วน: Polynomial Ridge,18,247,8.4486
ML ล้วน: Polynomial Ridge,18,248,11.2942
ML ล้วน: Polynomial Ridge,18,249,8.7161
ML ล้วน: Polynomial Ridge,18,259,8.1768
ML ล้วน: Polynomial Ridge,18,284,10.7723
ML ล้วน: Polynomial Ridge,18,309,9.1871
ML ล้วน: Polynomial Ridge,18,334,6.7929
ML ล้วน: Polynomial Ridge,18,359,9.0153
ML ล้วน: Polynomial Ridge,18,384,7.7550
ML ล้วน: Polynomial Ridge,18,409,5.9675
ML ล้วน: Polynomial Ridge,18,434,7.9640
ML ล้วน: Polynomial Ridge,18,459,10.0125
ML ล้วน: Polynomial Ridge,18,484,8.3431
ML ล้วน: Polynomial Ridge,18,509,11.4902
ML ล้วน: Polynomial Ridge,18,534,7.1702
ML ล้วน: Polynomial Ridge,18,559,7.2339
ML ล้วน: Polynomial Ridge,18,584,10.7203
ML ล้วน: Polynomial Ridge,18,609,12.2888
ML ล้วน: Polynomial Ridge,19,10,2.8583
ML ล้วน: Polynomial Ridge,19,35,1.9236
ML ล้วน: Polynomial Ridge,19,60,2.1191
ML ล้วน: Polynomial Ridge,19,85,2.0694
ML ล้วน: Polynomial Ridge,19,110,2.0302
ML ล้วน: Polynomial Ridge,19,135,3.0295
ML ล้วน: Polynomial Ridge,19,160,2.2172
ML ล้วน: Polynomial Ridge,19,185,3.5995
ML ล้วน: Polynomial Ridge,19,210,2.4390
ML ล้วน: Polynomial Ridge,19,235,1.6843
ML ล้วน: Polynomial Ridge,19,250,3.1056
ML ล้วน: Polynomial Ridge,19,251,1.4532
ML ล้วน: Polynomial Ridge,19,252,2.1148
ML ล้วน: Polynomial Ridge,19,253,1.6466
ML ล้วน: Polynomial Ridge,19,254,2.0236
ML ล้วน: Polynomial Ridge,19,255,2.5922
ML ล้วน: Polynomial Ridge,19,256,1.7894
ML ล้วน: Polynomial Ridge,19,257,2.4632
ML ล้วน: Polynomial Ridge,19,258,3.1177
ML ล้วน: Polynomial Ridge,19,259,1.9064
ML ล้วน: Polynomial Ridge,19,260,4.9336
ML ล้วน: Polynomial Ridge,19,261,2.0078
ML ล้วน: Polynomial Ridge,19,262,3.7735
ML ล้วน: Polynomial Ridge,19,263,1.6275
ML ล้วน: Polynomial Ridge,19,264,2.9448
ML ล้วน: Polynomial Ridge,19,265,5.5506
ML ล้วน: Polynomial Ridge,19,266,2.4269
ML ล้วน: Polynomial Ridge,19,267,3.9904
ML ล้วน: Polynomial Ridge,19,268,3.8789
ML ล้วน: Polynomial Ridge,19,269,4.0626
ML ล้วน: Polynomial Ridge,19,270,5.4941
ML ล้วน: Polynomial Ridge,19,271,2.3206
ML ล้วน: Polynomial Ridge,19,272,2.5734
ML ล้วน: Polynomial Ridge,19,273,2.8090
ML ล้วน: Polynomial Ridge,19,274,2.3402
ML ล้วน: Polynomial Ridge,19,285,2.6738
ML ล้วน: Polynomial Ridge,19,310,3.7166
ML ล้วน: Polynomial Ridge,19,335,1.3415
ML ล้วน: Polynomial Ridge,19,360,2.9750
ML ล้วน: Polynomial Ridge,19,385,4.8715
ML ล้วน: Polynomial Ridge,19,410,1.7341
ML ล้วน: Polynomial Ridge,19,435,2.3973
ML ล้วน: Polynomial Ridge,19,460,4.5771
ML ล้วน: Polynomial Ridge,19,485,3.6925
ML ล้วน: Polynomial Ridge,19,510,5.0308
ML ล้วน: Polynomial Ridge,19,535,1.7197
ML ล้วน: Polynomial Ridge,19,560,2.5997
ML ล้วน: Polynomial Ridge,19,585,3.0704
ML ล้วน: Polynomial Ridge,19,610,3.0295
ML ล้วน: Polynomial Ridge,20,11,8.8193
ML ล้วน: Polynomial Ridge,20,36,8.7487
ML ล้วน: Polynomial Ridge,20,61,9.4383
ML ล้วน: Polynomial Ridge,20,86,7.1724
ML ล้วน: Polynomial Ridge,20,111,6.5311
ML ล้วน: Polynomial Ridge,20,136,6.6136
ML ล้วน: Polynomial Ridge,20,161,6.8383
ML ล้วน: Polynomial Ridge,20,186,6.2360
ML ล้วน: Polynomial Ridge,20,211,9.5003
ML ล้วน: Polynomial Ridge,20,236,11.2151
ML ล้วน: Polynomial Ridge,20,261,9.1136
ML ล้วน: Polynomial Ridge,20,275,10.5716
ML ล้วน: Polynomial Ridge,20,276,9.9146
ML ล้วน: Polynomial Ridge,20,277,9.9234
ML ล้วน: Polynomial Ridge,20,278,10.2017
ML ล้วน: Polynomial Ridge,20,279,8.4303
ML ล้วน: Polynomial Ridge,20,280,8.0272
ML ล้วน: Polynomial Ridge,20,281,9.1897
ML ล้วน: Polynomial Ridge,20,282,7.3740
ML ล้วน: Polynomial Ridge,20,283,10.5538
ML ล้วน: Polynomial Ridge,20,284,9.7782
ML ล้วน: Polynomial Ridge,20,285,8.4521
ML ล้วน: Polynomial Ridge,20,286,16.2425
ML ล้วน: Polynomial Ridge,20,287,8.2590
ML ล้วน: Polynomial Ridge,20,288,8.4805
ML ล้วน: Polynomial Ridge,20,289,8.9881
ML ล้วน: Polynomial Ridge,20,290,9.0003
ML ล้วน: Polynomial Ridge,20,291,10.8258
ML ล้วน: Polynomial Ridge,20,292,8.6568
ML ล้วน: Polynomial Ridge,20,293,8.8777
ML ล้วน: Polynomial Ridge,20,294,8.9110
ML ล้วน: Polynomial Ridge,20,295,8.0498
ML ล้วน: Polynomial Ridge,20,296,8.5888
ML ล้วน: Polynomial Ridge,20,297,9.0371
ML ล้วน: Polynomial Ridge,20,298,10.9461
ML ล้วน: Polynomial Ridge,20,299,10.7094
ML ล้วน: Polynomial Ridge,20,311,8.0361
ML ล้วน: Polynomial Ridge,20,336,11.2058
ML ล้วน: Polynomial Ridge,20,361,8.3465
ML ล้วน: Polynomial Ridge,20,386,8.6415
ML ล้วน: Polynomial Ridge,20,411,10.1902
ML ล้วน: Polynomial Ridge,20,436,8.9932
ML ล้วน: Polynomial Ridge,20,461,8.2687
ML ล้วน: Polynomial Ridge,20,486,8.6748
ML ล้วน: Polynomial Ridge,20,511,7.5085
ML ล้วน: Polynomial Ridge,20,536,10.3408
ML ล้วน: Polynomial Ridge,20,561,10.7331
ML ล้วน: Polynomial Ridge,20,586,8.1299
ML ล้วน: Polynomial Ridge,20,611,7.9943
ML ล้วน: Polynomial Ridge,21,12,2.9676
ML ล้วน: Polynomial Ridge,21,37,2.2810
ML ล้วน: Polynomial Ridge,21,62,2.1440
ML ล้วน: Polynomial Ridge,21,87,2.1714
ML ล้วน: Polynomial Ridge,21,112,1.9396
ML ล้วน: Polynomial Ridge,21,137,1.4041
ML ล้วน: Polynomial Ridge,21,162,1.9539
ML ล้วน: Polynomial Ridge,21,187,1.5588
ML ล้วน: Polynomial Ridge,21,212,2.4768
ML ล้วน: Polynomial Ridge,21,237,1.0678
ML ล้วน: Polynomial Ridge,21,262,1.3593
ML ล้วน: Polynomial Ridge,21,287,2.2335
ML ล้วน: Polynomial Ridge,21,300,5.9013
ML ล้วน: Polynomial Ridge,21,301,5.8472
ML ล้วน: Polynomial Ridge,21,302,4.2098
ML ล้วน: Polynomial Ridge,21,303,4.5054
ML ล้วน: Polynomial Ridge,21,304,3.6631
ML ล้วน: Polynomial Ridge,21,305,3.2026
ML ล้วน: Polynomial Ridge,21,306,3.8300
ML ล้วน: Polynomial Ridge,21,307,2.4583
ML ล้วน: Polynomial Ridge,21,308,5.7092
ML ล้วน: Polynomial Ridge,21,309,3.9678
ML ล้วน: Polynomial Ridge,21,310,3.2805
ML ล้วน: Polynomial Ridge,21,311,3.9371
ML ล้วน: Polynomial Ridge,21,312,4.1540
ML ล้วน: Polynomial Ridge,21,313,3.7363
ML ล้วน: Polynomial Ridge,21,314,3.7612
ML ล้วน: Polynomial Ridge,21,315,3.4149
ML ล้วน: Polynomial Ridge,21,316,4.5891
ML ล้วน: Polynomial Ridge,21,317,3.0557
ML ล้วน: Polynomial Ridge,21,318,3.4707
ML ล้วน: Polynomial Ridge,21,319,2.5681
ML ล้วน: Polynomial Ridge,21,320,3.1143
ML ล้วน: Polynomial Ridge,21,321,3.4342
ML ล้วน: Polynomial Ridge,21,322,3.1756
ML ล้วน: Polynomial Ridge,21,323,5.6484
ML ล้วน: Polynomial Ridge,21,324,6.4887
ML ล้วน: Polynomial Ridge,21,337,2.5430
ML ล้วน: Polynomial Ridge,21,362,2.3976
ML ล้วน: Polynomial Ridge,21,387,1.2805
ML ล้วน: Polynomial Ridge,21,412,3.4183
ML ล้วน: Polynomial Ridge,21,437,2.7220
ML ล้วน: Polynomial Ridge,21,462,1.3336
ML ล้วน: Polynomial Ridge,21,487,1.4412
ML ล้วน: Polynomial Ridge,21,512,1.6293
ML ล้วน: Polynomial Ridge,21,537,2.0488
ML ล้วน: Polynomial Ridge,21,562,2.4117
ML ล้วน: Polynomial Ridge,21,587,3.4145
ML ล้วน: Polynomial Ridge,21,612,2.3830
ML ล้วน: Polynomial Ridge,22,13,12.8865
ML ล้วน: Polynomial Ridge,22,38,6.4220
ML ล้วน: Polynomial Ridge,22,63,9.6947
ML ล้วน: Polynomial Ridge,22,88,13.8415
ML ล้วน: Polynomial Ridge,22,113,14.2202
ML ล้วน: Polynomial Ridge,22,138,11.1062
ML ล้วน: Polynomial Ridge,22,163,10.0913
ML ล้วน: Polynomial Ridge,22,188,11.7029
ML ล้วน: Polynomial Ridge,22,213,8.8202
ML ล้วน: Polynomial Ridge,22,238,6.3648
ML ล้วน: Polynomial Ridge,22,263,11.2112
ML ล้วน: Polynomial Ridge,22,288,11.2257
ML ล้วน: Polynomial Ridge,22,313,14.2684
ML ล้วน: Polynomial Ridge,22,325,11.2733
ML ล้วน: Polynomial Ridge,22,326,6.9465
ML ล้วน: Polynomial Ridge,22,327,8.5757
ML ล้วน: Polynomial Ridge,22,328,9.5711
ML ล้วน: Polynomial Ridge,22,329,9.7540
ML ล้วน: Polynomial Ridge,22,330,14.2180
ML ล้วน: Polynomial Ridge,22,331,11.4049
ML ล้วน: Polynomial Ridge,22,332,12.4661
ML ล้วน: Polynomial Ridge,22,333,9.5749
ML ล้วน: Polynomial Ridge,22,334,6.5415
ML ล้วน: Polynomial Ridge,22,335,10.3675
ML ล้วน: Polynomial Ridge,22,336,10.9905
ML ล้วน: Polynomial Ridge,22,337,14.3651
ML ล้วน: Polynomial Ridge,22,338,18.9573
ML ล้วน: Polynomial Ridge,22,339,12.5901
ML ล้วน: Polynomial Ridge,22,340,9.5282
ML ล้วน: Polynomial Ridge,22,341,10.5714
ML ล้วน: Polynomial Ridge,22,342,9.8377
ML ล้วน: Polynomial Ridge,22,343,12.1997
ML ล้วน: Polynomial Ridge,22,344,12.1762
ML ล้วน: Polynomial Ridge,22,345,12.8806
ML ล้วน: Polynomial Ridge,22,346,7.6710
ML ล้วน: Polynomial Ridge,22,347,8.2324
ML ล้วน: Polynomial Ridge,22,348,15.4516
ML ล้วน: Polynomial Ridge,22,349,15.3137
ML ล้วน: Polynomial Ridge,22,363,13.8234
ML ล้วน: Polynomial Ridge,22,388,12.0987
ML ล้วน: Polynomial Ridge,22,413,12.7056
ML ล้วน: Polynomial Ridge,22,438,13.8529
ML ล้วน: Polynomial Ridge,22,463,16.7758
ML ล้วน: Polynomial Ridge,22,488,16.5999
ML ล้วน: Polynomial Ridge,22,513,13.0923
ML ล้วน: Polynomial Ridge,22,538,8.2523
ML ล้วน: Polynomial Ridge,22,563,9.0828
ML ล้วน: Polynomial Ridge,22,588,16.3621
ML ล้วน: Polynomial Ridge,22,613,13.5748
ML ล้วน: Polynomial Ridge,23,14,2.7084
ML ล้วน: Polynomial Ridge,23,39,2.7239
ML ล้วน: Polynomial Ridge,23,64,1.9287
ML ล้วน: Polynomial Ridge,23,89,2.4306
ML ล้วน: Polynomial Ridge,23,114,2.1630
ML ล้วน: Polynomial Ridge,23,139,1.3987
ML ล้วน: Polynomial Ridge,23,164,0.9526
ML ล้วน: Polynomial Ridge,23,189,1.7526
ML ล้วน: Polynomial Ridge,23,214,1.9679
ML ล้วน: Polynomial Ridge,23,239,1.2657
ML ล้วน: Polynomial Ridge,23,264,1.7116
ML ล้วน: Polynomial Ridge,23,289,2.0797
ML ล้วน: Polynomial Ridge,23,314,2.2305
ML ล้วน: Polynomial Ridge,23,339,2.1885
ML ล้วน: Polynomial Ridge,23,350,6.5208
ML ล้วน: Polynomial Ridge,23,351,5.6792
ML ล้วน: Polynomial Ridge,23,352,3.1727
ML ล้วน: Polynomial Ridge,23,353,2.5133
ML ล้วน: Polynomial Ridge,23,354,3.0953
ML ล้วน: Polynomial Ridge,23,355,2.8381
ML ล้วน: Polynomial Ridge,23,356,3.6739
ML ล้วน: Polynomial Ridge,23,357,2.4871
ML ล้วน: Polynomial Ridge,23,358,5.5347
ML ล้วน: Polynomial Ridge,23,359,3.2468
ML ล้วน: Polynomial Ridge,23,360,2.4034
ML ล้วน: Polynomial Ridge,23,361,3.7687
ML ล้วน: Polynomial Ridge,23,362,2.8356
ML ล้วน: Polynomial Ridge,23,363,3.1978
ML ล้วน: Polynomial Ridge,23,364,3.9923
ML ล้วน: Polynomial Ridge,23,365,2.9251
ML ล้วน: Polynomial Ridge,23,366,4.1440
ML ล้วน: Polynomial Ridge,23,367,3.2319
ML ล้วน: Polynomial Ridge,23,368,2.5386
ML ล้วน: Polynomial Ridge,23,369,2.4229
ML ล้วน: Polynomial Ridge,23,370,2.8513
ML ล้วน: Polynomial Ridge,23,371,2.8957
ML ล้วน: Polynomial Ridge,23,372,2.6343
ML ล้วน: Polynomial Ridge,23,373,5.7194
ML ล้วน: Polynomial Ridge,23,374,4.9717
ML ล้วน: Polynomial Ridge,23,389,2.2289
ML ล้วน: Polynomial Ridge,23,414,2.5425
ML ล้วน: Polynomial Ridge,23,439,2.1472
ML ล้วน: Polynomial Ridge,23,464,1.4675
ML ล้วน: Polynomial Ridge,23,489,2.2259
ML ล้วน: Polynomial Ridge,23,514,4.4669
ML ล้วน: Polynomial Ridge,23,539,5.3377
ML ล้วน: Polynomial Ridge,23,564,5.6101
ML ล้วน: Polynomial Ridge,23,589,3.4417
ML ล้วน: Polynomial Ridge,23,614,4.0655
ML ล้วน: Polynomial Ridge,24,15,1.9910
ML ล้วน: Polynomial Ridge,24,40,1.3939
ML ล้วน: Polynomial Ridge,24,65,0.7463
ML ล้วน: Polynomial Ridge,24,90,1.2121
ML ล้วน: Polynomial Ridge,24,115,1.5089
ML ล้วน: Polynomial Ridge,24,140,1.5045
ML ล้วน: Polynomial Ridge,24,165,0.7140
ML ล้วน: Polynomial Ridge,24,190,1.2566
ML ล้วน: Polynomial Ridge,24,215,0.3214
ML ล้วน: Polynomial Ridge,24,240,0.9302
ML ล้วน: Polynomial Ridge,24,265,3.5527
ML ล้วน: Polynomial Ridge,24,290,2.4332
ML ล้วน: Polynomial Ridge,24,315,1.9555
ML ล้วน: Polynomial Ridge,24,340,1.4762
ML ล้วน: Polynomial Ridge,24,365,1.9749
ML ล้วน: Polynomial Ridge,24,375,3.9646
ML ล้วน: Polynomial Ridge,24,376,1.8800
ML ล้วน: Polynomial Ridge,24,377,3.3120
ML ล้วน: Polynomial Ridge,24,378,2.6392
ML ล้วน: Polynomial Ridge,24,379,1.5124
ML ล้วน: Polynomial Ridge,24,380,2.4879
ML ล้วน: Polynomial Ridge,24,381,1.8489
ML ล้วน: Polynomial Ridge,24,382,2.9003
ML ล้วน: Polynomial Ridge,24,383,0.4375
ML ล้วน: Polynomial Ridge,24,384,1.0585
ML ล้วน: Polynomial Ridge,24,385,3.2414
ML ล้วน: Polynomial Ridge,24,386,0.4307
ML ล้วน: Polynomial Ridge,24,387,0.7760
ML ล้วน: Polynomial Ridge,24,388,1.5369
ML ล้วน: Polynomial Ridge,24,389,1.9855
ML ล้วน: Polynomial Ridge,24,390,3.3566
ML ล้วน: Polynomial Ridge,24,391,1.0350
ML ล้วน: Polynomial Ridge,24,392,1.1719
ML ล้วน: Polynomial Ridge,24,393,2.1552
ML ล้วน: Polynomial Ridge,24,394,2.6299
ML ล้วน: Polynomial Ridge,24,395,3.0327
ML ล้วน: Polynomial Ridge,24,396,0.7525
ML ล้วน: Polynomial Ridge,24,397,1.2887
ML ล้วน: Polynomial Ridge,24,398,1.6953
ML ล้วน: Polynomial Ridge,24,399,4.5905
ML ล้วน: Polynomial Ridge,24,415,2.4510
ML ล้วน: Polynomial Ridge,24,440,1.0041
ML ล้วน: Polynomial Ridge,24,465,2.6999
ML ล้วน: Polynomial Ridge,24,490,3.3408
ML ล้วน: Polynomial Ridge,24,515,2.6326
ML ล้วน: Polynomial Ridge,24,540,1.1646
ML ล้วน: Polynomial Ridge,24,565,0.6238
ML ล้วน: Polynomial Ridge,24,590,0.8236
ML ล้วน: Polynomial Ridge,24,615,1.3924
ML ล้วน: Polynomial Ridge,25,16,3.4035
ML ล้วน: Polynomial Ridge,25,41,3.2043
ML ล้วน: Polynomial Ridge,25,66,2.7903
ML ล้วน: Polynomial Ridge,25,91,2.3610
ML ล้วน: Polynomial Ridge,25,116,2.2867
ML ล้วน: Polynomial Ridge,25,141,1.6960
ML ล้วน: Polynomial Ridge,25,166,2.0518
ML ล้วน: Polynomial Ridge,25,191,1.3727
ML ล้วน: Polynomial Ridge,25,216,2.7816
ML ล้วน: Polynomial Ridge,25,241,1.8296
ML ล้วน: Polynomial Ridge,25,266,0.9823
ML ล้วน: Polynomial Ridge,25,291,3.1519
ML ล้วน: Polynomial Ridge,25,316,3.0715
ML ล้วน: Polynomial Ridge,25,341,2.5608
ML ล้วน: Polynomial Ridge,25,366,3.1971
ML ล้วน: Polynomial Ridge,25,391,2.1600
ML ล้วน: Polynomial Ridge,25,400,4.0941
ML ล้วน: Polynomial Ridge,25,401,3.4214
ML ล้วน: Polynomial Ridge,25,402,3.7663
ML ล้วน: Polynomial Ridge,25,403,1.7707
ML ล้วน: Polynomial Ridge,25,404,2.3329
ML ล้วน: Polynomial Ridge,25,405,4.0915
ML ล้วน: Polynomial Ridge,25,406,3.7674
ML ล้วน: Polynomial Ridge,25,407,3.6553
ML ล้วน: Polynomial Ridge,25,408,2.5199
ML ล้วน: Polynomial Ridge,25,409,3.2457
ML ล้วน: Polynomial Ridge,25,410,3.0051
ML ล้วน: Polynomial Ridge,25,411,2.0244
ML ล้วน: Polynomial Ridge,25,412,2.7063
ML ล้วน: Polynomial Ridge,25,413,3.8492
ML ล้วน: Polynomial Ridge,25,414,3.1666
ML ล้วน: Polynomial Ridge,25,415,3.1737
ML ล้วน: Polynomial Ridge,25,416,4.7827
ML ล้วน: Polynomial Ridge,25,417,2.9034
ML ล้วน: Polynomial Ridge,25,418,1.5085
ML ล้วน: Polynomial Ridge,25,419,3.3044
ML ล้วน: Polynomial Ridge,25,420,1.9032
ML ล้วน: Polynomial Ridge,25,421,3.4985
ML ล้วน: Polynomial Ridge,25,422,3.9389
ML ล้วน: Polynomial Ridge,25,423,1.6758
ML ล้วน: Polynomial Ridge,25,424,2.3555
ML ล้วน: Polynomial Ridge,25,441,3.5565
ML ล้วน: Polynomial Ridge,25,466,1.0853
ML ล้วน: Polynomial Ridge,25,491,3.2190
ML ล้วน: Polynomial Ridge,25,516,3.0443
ML ล้วน: Polynomial Ridge,25,541,5.8900
ML ล้วน: Polynomial Ridge,25,566,6.9407
ML ล้วน: Polynomial Ridge,25,591,4.3708
ML ล้วน: Polynomial Ridge,25,616,3.5948
ML ล้วน: Polynomial Ridge,27,17,3.4213
ML ล้วน: Polynomial Ridge,27,42,1.1750
ML ล้วน: Polynomial Ridge,27,67,0.9896
ML ล้วน: Polynomial Ridge,27,92,2.6261
ML ล้วน: Polynomial Ridge,27,117,3.2771
ML ล้วน: Polynomial Ridge,27,142,4.4949
ML ล้วน: Polynomial Ridge,27,167,3.2511
ML ล้วน: Polynomial Ridge,27,192,4.3168
ML ล้วน: Polynomial Ridge,27,217,4.0525
ML ล้วน: Polynomial Ridge,27,242,2.2458
ML ล้วน: Polynomial Ridge,27,267,3.9831
ML ล้วน: Polynomial Ridge,27,292,3.5896
ML ล้วน: Polynomial Ridge,27,317,4.4437
ML ล้วน: Polynomial Ridge,27,342,2.6870
ML ล้วน: Polynomial Ridge,27,367,5.0571
ML ล้วน: Polynomial Ridge,27,392,4.8569
ML ล้วน: Polynomial Ridge,27,417,4.1279
ML ล้วน: Polynomial Ridge,27,425,3.4911
ML ล้วน: Polynomial Ridge,27,426,4.7850
ML ล้วน: Polynomial Ridge,27,427,6.0440
ML ล้วน: Polynomial Ridge,27,428,3.6079
ML ล้วน: Polynomial Ridge,27,429,2.8418
ML ล้วน: Polynomial Ridge,27,430,2.6730
ML ล้วน: Polynomial Ridge,27,431,2.6289
ML ล้วน: Polynomial Ridge,27,432,2.5013
ML ล้วน: Polynomial Ridge,27,433,3.8820
ML ล้วน: Polynomial Ridge,27,434,3.0669
ML ล้วน: Polynomial Ridge,27,435,3.3795
ML ล้วน: Polynomial Ridge,27,436,3.8257
ML ล้วน: Polynomial Ridge,27,437,4.5327
ML ล้วน: Polynomial Ridge,27,438,4.1591
ML ล้วน: Polynomial Ridge,27,439,4.2113
ML ล้วน: Polynomial Ridge,27,440,4.4656
ML ล้วน: Polynomial Ridge,27,441,5.0215
ML ล้วน: Polynomial Ridge,27,442,7.8106
ML ล้วน: Polynomial Ridge,27,443,2.8301
ML ล้วน: Polynomial Ridge,27,444,2.2682
ML ล้วน: Polynomial Ridge,27,445,3.6644
ML ล้วน: Polynomial Ridge,27,446,4.4997
ML ล้วน: Polynomial Ridge,27,447,3.1177
ML ล้วน: Polynomial Ridge,27,448,3.5738
ML ล้วน: Polynomial Ridge,27,449,5.8299
ML ล้วน: Polynomial Ridge,27,467,3.4781
ML ล้วน: Polynomial Ridge,27,492,2.1990
ML ล้วน: Polynomial Ridge,27,517,3.8094
ML ล้วน: Polynomial Ridge,27,542,2.5483
ML ล้วน: Polynomial Ridge,27,567,3.4507
ML ล้วน: Polynomial Ridge,27,592,3.0642
ML ล้วน: Polynomial Ridge,27,617,2.4817
ML ล้วน: Polynomial Ridge,30,18,6.0381
ML ล้วน: Polynomial Ridge,30,43,4.9820
ML ล้วน: Polynomial Ridge,30,68,5.6102
ML ล้วน: Polynomial Ridge,30,93,5.3589
ML ล้วน: Polynomial Ridge,30,118,4.7363
ML ล้วน: Polynomial Ridge,30,143,4.7495
ML ล้วน: Polynomial Ridge,30,168,4.9572
ML ล้วน: Polynomial Ridge,30,193,5.2904
ML ล้วน: Polynomial Ridge,30,218,5.2838
ML ล้วน: Polynomial Ridge,30,243,4.1481
ML ล้วน: Polynomial Ridge,30,268,6.7345
ML ล้วน: Polynomial Ridge,30,293,4.7724
ML ล้วน: Polynomial Ridge,30,318,6.2456
ML ล้วน: Polynomial Ridge,30,343,6.1462
ML ล้วน: Polynomial Ridge,30,368,4.9834
ML ล้วน: Polynomial Ridge,30,393,6.3243
ML ล้วน: Polynomial Ridge,30,418,5.5832
ML ล้วน: Polynomial Ridge,30,443,5.0836
ML ล้วน: Polynomial Ridge,30,450,7.5650
ML ล้วน: Polynomial Ridge,30,451,7.1074
ML ล้วน: Polynomial Ridge,30,452,7.3847
ML ล้วน: Polynomial Ridge,30,453,7.1441
ML ล้วน: Polynomial Ridge,30,454,5.2569
ML ล้วน: Polynomial Ridge,30,455,5.3401
ML ล้วน: Polynomial Ridge,30,456,5.7298
ML ล้วน: Polynomial Ridge,30,457,5.8289
ML ล้วน: Polynomial Ridge,30,458,5.7278
ML ล้วน: Polynomial Ridge,30,459,5.2884
ML ล้วน: Polynomial Ridge,30,460,6.6699
ML ล้วน: Polynomial Ridge,30,461,5.4178
ML ล้วน: Polynomial Ridge,30,462,5.8029
ML ล้วน: Polynomial Ridge,30,463,5.0116
ML ล้วน: Polynomial Ridge,30,464,4.5095
ML ล้วน: Polynomial Ridge,30,465,5.3163
ML ล้วน: Polynomial Ridge,30,466,4.1612
ML ล้วน: Polynomial Ridge,30,467,5.0906
ML ล้วน: Polynomial Ridge,30,468,10.2016
ML ล้วน: Polynomial Ridge,30,469,6.3172
ML ล้วน: Polynomial Ridge,30,470,7.0902
ML ล้วน: Polynomial Ridge,30,471,5.8074
ML ล้วน: Polynomial Ridge,30,472,6.2681
ML ล้วน: Polynomial Ridge,30,473,6.8275
ML ล้วน: Polynomial Ridge,30,474,8.2077
ML ล้วน: Polynomial Ridge,30,493,7.4689
ML ล้วน: Polynomial Ridge,30,518,6.2543
ML ล้วน: Polynomial Ridge,30,543,7.2787
ML ล้วน: Polynomial Ridge,30,568,5.4560
ML ล้วน: Polynomial Ridge,30,593,6.0570
ML ล้วน: Polynomial Ridge,30,618,5.9877
ML ล้วน: Polynomial Ridge,37,19,16.8968
ML ล้วน: Polynomial Ridge,37,44,11.6938
ML ล้วน: Polynomial Ridge,37,69,14.9335
ML ล้วน: Polynomial Ridge,37,94,14.8487
ML ล้วน: Polynomial Ridge,37,119,14.0608
ML ล้วน: Polynomial Ridge,37,144,17.2242
ML ล้วน: Polynomial Ridge,37,169,15.0717
ML ล้วน: Polynomial Ridge,37,194,18.2378
ML ล้วน: Polynomial Ridge,37,219,15.7104
ML ล้วน: Polynomial Ridge,37,244,11.5063
ML ล้วน: Polynomial Ridge,37,269,15.7943
ML ล้วน: Polynomial Ridge,37,294,15.1644
ML ล้วน: Polynomial Ridge,37,319,19.8412
ML ล้วน: Polynomial Ridge,37,344,11.9935
ML ล้วน: Polynomial Ridge,37,369,17.6834
ML ล้วน: Polynomial Ridge,37,394,18.2546
ML ล้วน: Polynomial Ridge,37,419,17.9991
ML ล้วน: Polynomial Ridge,37,444,18.1883
ML ล้วน: Polynomial Ridge,37,469,17.4638
ML ล้วน: Polynomial Ridge,37,475,18.9568
ML ล้วน: Polynomial Ridge,37,476,17.1801
ML ล้วน: Polynomial Ridge,37,477,17.8523
ML ล้วน: Polynomial Ridge,37,478,17.2229
ML ล้วน: Polynomial Ridge,37,479,14.9341
ML ล้วน: Polynomial Ridge,37,480,16.7545
ML ล้วน: Polynomial Ridge,37,481,15.3616
ML ล้วน: Polynomial Ridge,37,482,16.7192
ML ล้วน: Polynomial Ridge,37,483,14.0380
ML ล้วน: Polynomial Ridge,37,484,11.3752
ML ล้วน: Polynomial Ridge,37,485,12.3465
ML ล้วน: Polynomial Ridge,37,486,15.4455
ML ล้วน: Polynomial Ridge,37,487,17.2771
ML ล้วน: Polynomial Ridge,37,488,9.7316
ML ล้วน: Polynomial Ridge,37,489,15.9707
ML ล้วน: Polynomial Ridge,37,490,15.2005
ML ล้วน: Polynomial Ridge,37,491,14.9257
ML ล้วน: Polynomial Ridge,37,492,16.5972
ML ล้วน: Polynomial Ridge,37,493,16.8841
ML ล้วน: Polynomial Ridge,37,494,27.8362
ML ล้วน: Polynomial Ridge,37,495,16.1786
ML ล้วน: Polynomial Ridge,37,496,10.0951
ML ล้วน: Polynomial Ridge,37,497,12.5499
ML ล้วน: Polynomial Ridge,37,498,18.9822
ML ล้วน: Polynomial Ridge,37,499,22.3612
ML ล้วน: Polynomial Ridge,37,519,17.8118
ML ล้วน: Polynomial Ridge,37,544,13.2268
ML ล้วน: Polynomial Ridge,37,569,15.2442
ML ล้วน: Polynomial Ridge,37,594,20.1862
ML ล้วน: Polynomial Ridge,37,619,18.9347
ML ล้วน: Polynomial Ridge,38,20,9.4490
ML ล้วน: Polynomial Ridge,38,45,7.6768
ML ล้วน: Polynomial Ridge,38,70,8.3355
ML ล้วน: Polynomial Ridge,38,95,6.8576
ML ล้วน: Polynomial Ridge,38,120,5.8820
ML ล้วน: Polynomial Ridge,38,145,4.8580
ML ล้วน: Polynomial Ridge,38,170,5.9432
ML ล้วน: Polynomial Ridge,38,195,5.8163
ML ล้วน: Polynomial Ridge,38,220,6.7247
ML ล้วน: Polynomial Ridge,38,245,5.0025
ML ล้วน: Polynomial Ridge,38,270,9.7161
ML ล้วน: Polynomial Ridge,38,295,7.5316
ML ล้วน: Polynomial Ridge,38,320,7.6969
ML ล้วน: Polynomial Ridge,38,345,8.5153
ML ล้วน: Polynomial Ridge,38,370,6.5141
ML ล้วน: Polynomial Ridge,38,395,9.0751
ML ล้วน: Polynomial Ridge,38,420,8.9751
ML ล้วน: Polynomial Ridge,38,445,7.6233
ML ล้วน: Polynomial Ridge,38,470,7.5151
ML ล้วน: Polynomial Ridge,38,495,8.0331
ML ล้วน: Polynomial Ridge,38,500,8.1888
ML ล้วน: Polynomial Ridge,38,501,7.9460
ML ล้วน: Polynomial Ridge,38,502,9.9792
ML ล้วน: Polynomial Ridge,38,503,6.5685
ML ล้วน: Polynomial Ridge,38,504,5.5773
ML ล้วน: Polynomial Ridge,38,505,5.8952
ML ล้วน: Polynomial Ridge,38,506,6.3775
ML ล้วน: Polynomial Ridge,38,507,4.9695
ML ล้วน: Polynomial Ridge,38,508,11.8582
ML ล้วน: Polynomial Ridge,38,509,7.4011
ML ล้วน: Polynomial Ridge,38,510,8.9199
ML ล้วน: Polynomial Ridge,38,511,7.6729
ML ล้วน: Polynomial Ridge,38,512,6.5956
ML ล้วน: Polynomial Ridge,38,513,9.0569
ML ล้วน: Polynomial Ridge,38,514,9.8415
ML ล้วน: Polynomial Ridge,38,515,8.2037
ML ล้วน: Polynomial Ridge,38,516,6.8307
ML ล้วน: Polynomial Ridge,38,517,7.2423
ML ล้วน: Polynomial Ridge,38,518,7.0250
ML ล้วน: Polynomial Ridge,38,519,7.4078
ML ล้วน: Polynomial Ridge,38,520,13.7376
ML ล้วน: Polynomial Ridge,38,521,9.0292
ML ล้วน: Polynomial Ridge,38,522,10.0785
ML ล้วน: Polynomial Ridge,38,523,6.2822
ML ล้วน: Polynomial Ridge,38,524,7.5886
ML ล้วน: Polynomial Ridge,38,545,8.6296
ML ล้วน: Polynomial Ridge,38,570,7.5037
ML ล้วน: Polynomial Ridge,38,595,6.6519
ML ล้วน: Polynomial Ridge,38,620,6.7483
ML ล้วน: Polynomial Ridge,40,21,2.1913
ML ล้วน: Polynomial Ridge,40,46,1.1510
ML ล้วน: Polynomial Ridge,40,71,1.6325
ML ล้วน: Polynomial Ridge,40,96,2.0953
ML ล้วน: Polynomial Ridge,40,121,1.2646
ML ล้วน: Polynomial Ridge,40,146,2.8603
ML ล้วน: Polynomial Ridge,40,171,1.7080
ML ล้วน: Polynomial Ridge,40,196,3.2715
ML ล้วน: Polynomial Ridge,40,221,1.9162
ML ล้วน: Polynomial Ridge,40,246,1.9141
ML ล้วน: Polynomial Ridge,40,271,2.0359
ML ล้วน: Polynomial Ridge,40,296,1.7335
ML ล้วน: Polynomial Ridge,40,321,2.4497
ML ล้วน: Polynomial Ridge,40,346,0.9833
ML ล้วน: Polynomial Ridge,40,371,2.6090
ML ล้วน: Polynomial Ridge,40,396,1.5736
ML ล้วน: Polynomial Ridge,40,421,0.4265
ML ล้วน: Polynomial Ridge,40,446,2.3874
ML ล้วน: Polynomial Ridge,40,471,2.3645
ML ล้วน: Polynomial Ridge,40,496,1.1297
ML ล้วน: Polynomial Ridge,40,521,4.7830
ML ล้วน: Polynomial Ridge,40,525,2.0123
ML ล้วน: Polynomial Ridge,40,526,1.2323
ML ล้วน: Polynomial Ridge,40,527,7.2794
ML ล้วน: Polynomial Ridge,40,528,2.1891
ML ล้วน: Polynomial Ridge,40,529,3.1197
ML ล้วน: Polynomial Ridge,40,530,3.1652
ML ล้วน: Polynomial Ridge,40,531,2.8568
ML ล้วน: Polynomial Ridge,40,532,2.8981
ML ล้วน: Polynomial Ridge,40,533,4.9633
ML ล้วน: Polynomial Ridge,40,534,1.4927
ML ล้วน: Polynomial Ridge,40,535,1.7704
ML ล้วน: Polynomial Ridge,40,536,1.0851
ML ล้วน: Polynomial Ridge,40,537,4.4262
ML ล้วน: Polynomial Ridge,40,538,1.1767
ML ล้วน: Polynomial Ridge,40,539,6.6113
ML ล้วน: Polynomial Ridge,40,540,2.4298
ML ล้วน: Polynomial Ridge,40,541,3.0754
ML ล้วน: Polynomial Ridge,40,542,3.3474
ML ล้วน: Polynomial Ridge,40,543,4.5110
ML ล้วน: Polynomial Ridge,40,544,2.8750
ML ล้วน: Polynomial Ridge,40,545,5.0976
ML ล้วน: Polynomial Ridge,40,546,2.5936
ML ล้วน: Polynomial Ridge,40,547,4.8304
ML ล้วน: Polynomial Ridge,40,548,4.5352
ML ล้วน: Polynomial Ridge,40,549,3.7678
ML ล้วน: Polynomial Ridge,40,571,2.2265
ML ล้วน: Polynomial Ridge,40,596,2.8831
ML ล้วน: Polynomial Ridge,40,621,3.5187
ML ล้วน: Polynomial Ridge,41,22,2.1618
ML ล้วน: Polynomial Ridge,41,47,1.9923
ML ล้วน: Polynomial Ridge,41,72,2.2626
ML ล้วน: Polynomial Ridge,41,97,1.4206
ML ล้วน: Polynomial Ridge,41,122,0.9121
ML ล้วน: Polynomial Ridge,41,147,2.2339
ML ล้วน: Polynomial Ridge,41,172,0.8375
ML ล้วน: Polynomial Ridge,41,197,2.1593
ML ล้วน: Polynomial Ridge,41,222,1.6909
ML ล้วน: Polynomial Ridge,41,247,2.1276
ML ล้วน: Polynomial Ridge,41,272,1.1537
ML ล้วน: Polynomial Ridge,41,297,1.1912
ML ล้วน: Polynomial Ridge,41,322,0.9118
ML ล้วน: Polynomial Ridge,41,347,1.3085
ML ล้วน: Polynomial Ridge,41,372,1.1134
ML ล้วน: Polynomial Ridge,41,397,0.6528
ML ล้วน: Polynomial Ridge,41,422,2.0694
ML ล้วน: Polynomial Ridge,41,447,1.5472
ML ล้วน: Polynomial Ridge,41,472,2.6054
ML ล้วน: Polynomial Ridge,41,497,1.9109
ML ล้วน: Polynomial Ridge,41,522,4.7726
ML ล้วน: Polynomial Ridge,41,547,4.4955
ML ล้วน: Polynomial Ridge,41,550,2.8286
ML ล้วน: Polynomial Ridge,41,551,1.2300
ML ล้วน: Polynomial Ridge,41,552,5.0887
ML ล้วน: Polynomial Ridge,41,553,2.5049
ML ล้วน: Polynomial Ridge,41,554,2.1070
ML ล้วน: Polynomial Ridge,41,555,2.6448
ML ล้วน: Polynomial Ridge,41,556,2.5455
ML ล้วน: Polynomial Ridge,41,557,7.3087
ML ล้วน: Polynomial Ridge,41,558,7.9381
ML ล้วน: Polynomial Ridge,41,559,1.2009
ML ล้วน: Polynomial Ridge,41,560,2.9098
ML ล้วน: Polynomial Ridge,41,561,2.7719
ML ล้วน: Polynomial Ridge,41,562,2.1624
ML ล้วน: Polynomial Ridge,41,563,1.6668
ML ล้วน: Polynomial Ridge,41,564,3.9157
ML ล้วน: Polynomial Ridge,41,565,2.0488
ML ล้วน: Polynomial Ridge,41,566,5.5692
ML ล้วน: Polynomial Ridge,41,567,3.1769
ML ล้วน: Polynomial Ridge,41,568,1.6566
ML ล้วน: Polynomial Ridge,41,569,2.7361
ML ล้วน: Polynomial Ridge,41,570,0.9085
ML ล้วน: Polynomial Ridge,41,571,1.9133
ML ล้วน: Polynomial Ridge,41,572,5.4930
ML ล้วน: Polynomial Ridge,41,573,1.3192
ML ล้วน: Polynomial Ridge,41,574,2.8294
ML ล้วน: Polynomial Ridge,41,597,3.3521
ML ล้วน: Polynomial Ridge,41,622,3.5158
ML ล้วน: Polynomial Ridge,43,23,11.5100
ML ล้วน: Polynomial Ridge,43,48,12.9819
ML ล้วน: Polynomial Ridge,43,73,12.6814
ML ล้วน: Polynomial Ridge,43,98,10.0420
ML ล้วน: Polynomial Ridge,43,123,9.8991
ML ล้วน: Polynomial Ridge,43,148,10.6928
ML ล้วน: Polynomial Ridge,43,173,10.1514
ML ล้วน: Polynomial Ridge,43,198,10.4568
ML ล้วน: Polynomial Ridge,43,223,12.8755
ML ล้วน: Polynomial Ridge,43,248,10.8693
ML ล้วน: Polynomial Ridge,43,273,13.0826
ML ล้วน: Polynomial Ridge,43,298,11.9395
ML ล้วน: Polynomial Ridge,43,323,12.6192
ML ล้วน: Polynomial Ridge,43,348,18.3048
ML ล้วน: Polynomial Ridge,43,373,12.8765
ML ล้วน: Polynomial Ridge,43,398,9.9546
ML ล้วน: Polynomial Ridge,43,423,12.1588
ML ล้วน: Polynomial Ridge,43,448,10.9847
ML ล้วน: Polynomial Ridge,43,473,10.2464
ML ล้วน: Polynomial Ridge,43,498,11.1161
ML ล้วน: Polynomial Ridge,43,523,11.7734
ML ล้วน: Polynomial Ridge,43,548,14.2848
ML ล้วน: Polynomial Ridge,43,573,12.9289
ML ล้วน: Polynomial Ridge,43,575,11.5424
ML ล้วน: Polynomial Ridge,43,576,12.5487
ML ล้วน: Polynomial Ridge,43,577,14.6082
ML ล้วน: Polynomial Ridge,43,578,10.6767
ML ล้วน: Polynomial Ridge,43,579,11.1753
ML ล้วน: Polynomial Ridge,43,580,10.4810
ML ล้วน: Polynomial Ridge,43,581,12.1402
ML ล้วน: Polynomial Ridge,43,582,14.5887
ML ล้วน: Polynomial Ridge,43,583,15.2244
ML ล้วน: Polynomial Ridge,43,584,14.1066
ML ล้วน: Polynomial Ridge,43,585,12.2448
ML ล้วน: Polynomial Ridge,43,586,11.7272
ML ล้วน: Polynomial Ridge,43,587,13.0280
ML ล้วน: Polynomial Ridge,43,588,16.9550
ML ล้วน: Polynomial Ridge,43,589,8.3213
ML ล้วน: Polynomial Ridge,43,590,11.5328
ML ล้วน: Polynomial Ridge,43,591,14.5887
ML ล้วน: Polynomial Ridge,43,592,12.7146
ML ล้วน: Polynomial Ridge,43,593,11.3580
ML ล้วน: Polynomial Ridge,43,594,12.1216
ML ล้วน: Polynomial Ridge,43,595,12.0794
ML ล้วน: Polynomial Ridge,43,596,14.8269
ML ล้วน: Polynomial Ridge,43,597,11.8615
ML ล้วน: Polynomial Ridge,43,598,20.4825
ML ล้วน: Polynomial Ridge,43,599,10.7575
ML ล้วน: Polynomial Ridge,43,623,11.6541
ML ล้วน: Polynomial Ridge,50,24,35.0635
ML ล้วน: Polynomial Ridge,50,49,24.8797
ML ล้วน: Polynomial Ridge,50,74,28.9032
ML ล้วน: Polynomial Ridge,50,99,39.1175
ML ล้วน: Polynomial Ridge,50,124,40.7825
ML ล้วน: Polynomial Ridge,50,149,42.5061
ML ล้วน: Polynomial Ridge,50,174,39.7419
ML ล้วน: Polynomial Ridge,50,199,41.7812
ML ล้วน: Polynomial Ridge,50,224,28.3062
ML ล้วน: Polynomial Ridge,50,249,17.9242
ML ล้วน: Polynomial Ridge,50,274,31.9010
ML ล้วน: Polynomial Ridge,50,299,34.4273
ML ล้วน: Polynomial Ridge,50,324,36.4235
ML ล้วน: Polynomial Ridge,50,349,22.4112
ML ล้วน: Polynomial Ridge,50,374,37.4278
ML ล้วน: Polynomial Ridge,50,399,35.8513
ML ล้วน: Polynomial Ridge,50,424,32.7430
ML ล้วน: Polynomial Ridge,50,449,36.5137
ML ล้วน: Polynomial Ridge,50,474,36.7801
ML ล้วน: Polynomial Ridge,50,499,37.2316
ML ล้วน: Polynomial Ridge,50,524,36.3158
ML ล้วน: Polynomial Ridge,50,549,27.7143
ML ล้วน: Polynomial Ridge,50,574,29.8274
ML ล้วน: Polynomial Ridge,50,599,36.5013
ML ล้วน: Polynomial Ridge,50,600,30.1690
ML ล้วน: Polynomial Ridge,50,601,22.9108
ML ล้วน: Polynomial Ridge,50,602,26.3362
ML ล้วน: Polynomial Ridge,50,603,29.5162
ML ล้วน: Polynomial Ridge,50,604,30.5736
ML ล้วน: Polynomial Ridge,50,605,34.1205
ML ล้วน: Polynomial Ridge,50,606,37.4321
ML ล้วน: Polynomial Ridge,50,607,30.7006
ML ล้วน: Polynomial Ridge,50,608,27.6688
ML ล้วน: Polynomial Ridge,50,609,24.8253
ML ล้วน: Polynomial Ridge,50,610,31.1519
ML ล้วน: Polynomial Ridge,50,611,28.6448
ML ล้วน: Polynomial Ridge,50,612,31.2020
ML ล้วน: Polynomial Ridge,50,613,26.4467
ML ล้วน: Polynomial Ridge,50,614,37.5166
ML ล้วน: Polynomial Ridge,50,615,32.6088
ML ล้วน: Polynomial Ridge,50,616,26.7164
ML ล้วน: Polynomial Ridge,50,617,31.8772
ML ล้วน: Polynomial Ridge,50,618,30.0800
ML ล้วน: Polynomial Ridge,50,619,33.4871
ML ล้วน: Polynomial Ridge,50,620,31.8637
ML ล้วน: Polynomial Ridge,50,621,28.2061
ML ล้วน: Polynomial Ridge,50,622,31.1798
ML ล้วน: Polynomial Ridge,50,623,30.7892
ML ล้วน: Polynomial Ridge,50,624,50.9951
ML ล้วน: SVR,01,0,40.3229
ML ล้วน: SVR,01,1,19.3920
ML ล้วน: SVR,01,2,22.4635
ML ล้วน: SVR,01,3,38.0968
ML ล้วน: SVR,01,4,38.8982
ML ล้วน: SVR,01,5,38.2404
ML ล้วน: SVR,01,6,33.8353
ML ล้วน: SVR,01,7,30.6535
ML ล้วน: SVR,01,8,25.6319
ML ล้วน: SVR,01,9,16.5423
ML ล้วน: SVR,01,10,19.5635
ML ล้วน: SVR,01,11,30.9586
ML ล้วน: SVR,01,12,31.0381
ML ล้วน: SVR,01,13,16.2331
ML ล้วน: SVR,01,14,26.2474
ML ล้วน: SVR,01,15,23.5257
ML ล้วน: SVR,01,16,22.1264
ML ล้วน: SVR,01,17,26.7354
ML ล้วน: SVR,01,18,32.6687
ML ล้วน: SVR,01,19,27.4132
ML ล้วน: SVR,01,20,37.9769
ML ล้วน: SVR,01,21,18.3767
ML ล้วน: SVR,01,22,19.7422
ML ล้วน: SVR,01,23,35.7281
ML ล้วน: SVR,01,24,33.1008
ML ล้วน: SVR,01,25,20.4934
ML ล้วน: SVR,01,50,25.4101
ML ล้วน: SVR,01,75,39.6904
ML ล้วน: SVR,01,100,40.6761
ML ล้วน: SVR,01,125,39.4249
ML ล้วน: SVR,01,150,36.4008
ML ล้วน: SVR,01,175,32.6366
ML ล้วน: SVR,01,200,28.9491
ML ล้วน: SVR,01,225,20.1467
ML ล้วน: SVR,01,250,24.0638
ML ล้วน: SVR,01,275,33.7467
ML ล้วน: SVR,01,300,33.7841
ML ล้วน: SVR,01,325,20.6485
ML ล้วน: SVR,01,350,28.4337
ML ล้วน: SVR,01,375,28.4808
ML ล้วน: SVR,01,400,28.7951
ML ล้วน: SVR,01,425,31.6351
ML ล้วน: SVR,01,450,35.7763
ML ล้วน: SVR,01,475,32.7956
ML ล้วน: SVR,01,500,42.2048
ML ล้วน: SVR,01,525,22.2644
ML ล้วน: SVR,01,550,23.0454
ML ล้วน: SVR,01,575,39.2247
ML ล้วน: SVR,01,600,34.2881
ML ล้วน: SVR,02,1,6.7938
ML ล้วน: SVR,02,25,5.7976
ML ล้วน: SVR,02,26,5.8119
ML ล้วน: SVR,02,27,2.0557
ML ล้วน: SVR,02,28,8.1327
ML ล้วน: SVR,02,29,8.7898
ML ล้วน: SVR,02,30,9.1937
ML ล้วน: SVR,02,31,8.9886
ML ล้วน: SVR,02,32,10.0116
ML ล้วน: SVR,02,33,3.1356
ML ล้วน: SVR,02,34,2.1307
ML ล้วน: SVR,02,35,4.4775
ML ล้วน: SVR,02,36,3.8420
ML ล้วน: SVR,02,37,6.6931
ML ล้วน: SVR,02,38,3.7682
ML ล้วน: SVR,02,39,6.6825
ML ล้วน: SVR,02,40,6.6465
ML ล้วน: SVR,02,41,4.4358
ML ล้วน: SVR,02,42,6.7907
ML ล้วน: SVR,02,43,6.1327
ML ล้วน: SVR,02,44,6.2348
ML ล้วน: SVR,02,45,6.8814
ML ล้วน: SVR,02,46,3.0079
ML ล้วน: SVR,02,47,4.0090
ML ล้วน: SVR,02,48,8.1219
ML ล้วน: SVR,02,49,5.4251
ML ล้วน: SVR,02,51,4.2796
ML ล้วน: SVR,02,76,5.8065
ML ล้วน: SVR,02,101,4.6460
ML ล้วน: SVR,02,126,7.1319
ML ล้วน: SVR,02,151,7.2249
ML ล้วน: SVR,02,176,7.5486
ML ล้วน: SVR,02,201,3.6102
ML ล้วน: SVR,02,226,2.9757
ML ล้วน: SVR,02,251,5.0522
ML ล้วน: SVR,02,276,2.6391
ML ล้วน: SVR,02,301,4.7862
ML ล้วน: SVR,02,326,3.6890
ML ล้วน: SVR,02,351,6.7453
ML ล้วน: SVR,02,376,6.7951
ML ล้วน: SVR,02,401,7.2193
ML ล้วน: SVR,02,426,8.3457
ML ล้วน: SVR,02,451,4.7425
ML ล้วน: SVR,02,476,7.1699
ML ล้วน: SVR,02,501,6.2344
ML ล้วน: SVR,02,526,4.4032
ML ล้วน: SVR,02,551,5.1826
ML ล้วน: SVR,02,576,5.1017
ML ล้วน: SVR,02,601,5.8865
ML ล้วน: SVR,03,2,3.8881
ML ล้วน: SVR,03,27,2.6696
ML ล้วน: SVR,03,50,5.0221
ML ล้วน: SVR,03,51,3.5613
ML ล้วน: SVR,03,52,5.8358
ML ล้วน: SVR,03,53,7.0665
ML ล้วน: SVR,03,54,7.1371
ML ล้วน: SVR,03,55,7.5569
ML ล้วน: SVR,03,56,7.1144
ML ล้วน: SVR,03,57,5.3834
ML ล้วน: SVR,03,58,3.7116
ML ล้วน: SVR,03,59,2.0133
ML ล้วน: SVR,03,60,3.3275
ML ล้วน: SVR,03,61,3.8690
ML ล้วน: SVR,03,62,4.5582
ML ล้วน: SVR,03,63,2.3605
ML ล้วน: SVR,03,64,4.5713
ML ล้วน: SVR,03,65,3.7514
ML ล้วน: SVR,03,66,2.3594
ML ล้วน: SVR,03,67,4.4641
ML ล้วน: SVR,03,68,4.3348
ML ล้วน: SVR,03,69,5.3529
ML ล้วน: SVR,03,70,11.1431
ML ล้วน: SVR,03,71,2.6442
ML ล้วน: SVR,03,72,3.1063
ML ล้วน: SVR,03,73,5.6497
ML ล้วน: SVR,03,74,5.5974
ML ล้วน: SVR,03,77,2.4587
ML ล้วน: SVR,03,102,4.0300
ML ล้วน: SVR,03,127,5.3644
ML ล้วน: SVR,03,152,6.5742
ML ล้วน: SVR,03,177,5.5614
ML ล้วน: SVR,03,202,2.9808
ML ล้วน: SVR,03,227,2.3802
ML ล้วน: SVR,03,252,3.5765
ML ล้วน: SVR,03,277,3.8689
ML ล้วน: SVR,03,302,4.7095
ML ล้วน: SVR,03,327,3.0022
ML ล้วน: SVR,03,352,4.1614
ML ล้วน: SVR,03,377,5.2496
ML ล้วน: SVR,03,402,3.7549
ML ล้วน: SVR,03,427,6.7925
ML ล้วน: SVR,03,452,3.1451
ML ล้วน: SVR,03,477,4.6071
ML ล้วน: SVR,03,502,13.3934
ML ล้วน: SVR,03,527,8.1824
ML ล้วน: SVR,03,552,9.3553
ML ล้วน: SVR,03,577,11.9926
ML ล้วน: SVR,03,602,8.4362
ML ล้วน: SVR,05,3,0.7457
ML ล้วน: SVR,05,28,0.8454
ML ล้วน: SVR,05,53,0.5169
ML ล้วน: SVR,05,75,3.6753
ML ล้วน: SVR,05,76,5.8081
ML ล้วน: SVR,05,77,5.5895
ML ล้วน: SVR,05,78,1.2860
ML ล้วน: SVR,05,79,0.5717
ML ล้วน: SVR,05,80,2.4162
ML ล้วน: SVR,05,81,2.7426
ML ล้วน: SVR,05,82,1.7702
ML ล้วน: SVR,05,83,2.6125
ML ล้วน: SVR,05,84,6.6095
ML ล้วน: SVR,05,85,4.1760
ML ล้วน: SVR,05,86,1.3539
ML ล้วน: SVR,05,87,2.0595
ML ล้วน: SVR,05,88,6.5476
ML ล้วน: SVR,05,89,3.1498
ML ล้วน: SVR,05,90,2.1304
ML ล้วน: SVR,05,91,3.4640
ML ล้วน: SVR,05,92,2.6754
ML ล้วน: SVR,05,93,1.1030
ML ล้วน: SVR,05,94,2.0946
ML ล้วน: SVR,05,95,4.7786
ML ล้วน: SVR,05,96,3.8998
ML ล้วน: SVR,05,97,2.5095
ML ล้วน: SVR,05,98,1.2914
ML ล้วน: SVR,05,99,2.3819
ML ล้วน: SVR,05,103,0.9961
ML ล้วน: SVR,05,128,1.6225
ML ล้วน: SVR,05,153,1.3691
ML ล้วน: SVR,05,178,1.6557
ML ล้วน: SVR,05,203,3.6007
ML ล้วน: SVR,05,228,3.1140
ML ล้วน: SVR,05,253,2.0192
ML ล้วน: SVR,05,278,0.5310
ML ล้วน: SVR,05,303,1.9239
ML ล้วน: SVR,05,328,1.1966
ML ล้วน: SVR,05,353,1.2747
ML ล้วน: SVR,05,378,3.2048
ML ล้วน: SVR,05,403,0.9128
ML ล้วน: SVR,05,428,4.1753
ML ล้วน: SVR,05,453,0.5445
ML ล้วน: SVR,05,478,1.1138
ML ล้วน: SVR,05,503,4.1765
ML ล้วน: SVR,05,528,3.0776
ML ล้วน: SVR,05,553,3.3170
ML ล้วน: SVR,05,578,1.6470
ML ล้วน: SVR,05,603,1.1320
ML ล้วน: SVR,07,4,2.0864
ML ล้วน: SVR,07,29,1.2851
ML ล้วน: SVR,07,54,2.1248
ML ล้วน: SVR,07,79,1.1069
ML ล้วน: SVR,07,100,1.8675
ML ล้วน: SVR,07,101,2.9735
ML ล้วน: SVR,07,102,2.7569
ML ล้วน: SVR,07,103,0.9490
ML ล้วน: SVR,07,104,1.7016
ML ล้วน: SVR,07,105,1.1087
ML ล้วน: SVR,07,106,0.6474
ML ล้วน: SVR,07,107,1.2606
ML ล้วน: SVR,07,108,1.9304
ML ล้วน: SVR,07,109,2.5576
ML ล้วน: SVR,07,110,0.6257
ML ล้วน: SVR,07,111,1.0219
ML ล้วน: SVR,07,112,0.8779
ML ล้วน: SVR,07,113,1.7819
ML ล้วน: SVR,07,114,1.4175
ML ล้วน: SVR,07,115,1.5866
ML ล้วน: SVR,07,116,0.9839
ML ล้วน: SVR,07,117,2.0826
ML ล้วน: SVR,07,118,1.0962
ML ล้วน: SVR,07,119,2.9754
ML ล้วน: SVR,07,120,4.8133
ML ล้วน: SVR,07,121,2.6683
ML ล้วน: SVR,07,122,2.0110
ML ล้วน: SVR,07,123,1.8680
ML ล้วน: SVR,07,124,1.3468
ML ล้วน: SVR,07,129,1.3939
ML ล้วน: SVR,07,154,1.2292
ML ล้วน: SVR,07,179,1.9184
ML ล้วน: SVR,07,204,0.2832
ML ล้วน: SVR,07,229,2.5155
ML ล้วน: SVR,07,254,2.5640
ML ล้วน: SVR,07,279,1.1622
ML ล้วน: SVR,07,304,1.1600
ML ล้วน: SVR,07,329,4.4817
ML ล้วน: SVR,07,354,2.4066
ML ล้วน: SVR,07,379,2.6385
ML ล้วน: SVR,07,404,3.2775
ML ล้วน: SVR,07,429,2.1422
ML ล้วน: SVR,07,454,1.4381
ML ล้วน: SVR,07,479,1.6984
ML ล้วน: SVR,07,504,4.5808
ML ล้วน: SVR,07,529,3.9772
ML ล้วน: SVR,07,554,1.7305
ML ล้วน: SVR,07,579,0.6556
ML ล้วน: SVR,07,604,1.2229
ML ล้วน: SVR,12,5,1.7160
ML ล้วน: SVR,12,30,2.1874
ML ล้วน: SVR,12,55,1.1670
ML ล้วน: SVR,12,80,0.6588
ML ล้วน: SVR,12,105,0.1548
ML ล้วน: SVR,12,125,1.1460
ML ล้วน: SVR,12,126,0.4132
ML ล้วน: SVR,12,127,1.1555
ML ล้วน: SVR,12,128,0.8350
ML ล้วน: SVR,12,129,0.4175
ML ล้วน: SVR,12,130,1.6732
ML ล้วน: SVR,12,131,1.0266
ML ล้วน: SVR,12,132,1.0699
ML ล้วน: SVR,12,133,2.0924
ML ล้วน: SVR,12,134,1.9472
ML ล้วน: SVR,12,135,1.3780
ML ล้วน: SVR,12,136,1.2801
ML ล้วน: SVR,12,137,0.9319
ML ล้วน: SVR,12,138,1.1769
ML ล้วน: SVR,12,139,1.2750
ML ล้วน: SVR,12,140,0.8673
ML ล้วน: SVR,12,141,1.1787
ML ล้วน: SVR,12,142,2.9957
ML ล้วน: SVR,12,143,0.6706
ML ล้วน: SVR,12,144,2.0600
ML ล้วน: SVR,12,145,3.8934
ML ล้วน: SVR,12,146,2.7411
ML ล้วน: SVR,12,147,0.8932
ML ล้วน: SVR,12,148,5.8721
ML ล้วน: SVR,12,149,2.5130
ML ล้วน: SVR,12,155,0.7655
ML ล้วน: SVR,12,180,0.7912
ML ล้วน: SVR,12,205,1.9583
ML ล้วน: SVR,12,230,1.6029
ML ล้วน: SVR,12,255,1.0135
ML ล้วน: SVR,12,280,0.4306
ML ล้วน: SVR,12,305,1.1820
ML ล้วน: SVR,12,330,3.0187
ML ล้วน: SVR,12,355,1.6216
ML ล้วน: SVR,12,380,0.7270
ML ล้วน: SVR,12,405,2.0298
ML ล้วน: SVR,12,430,2.2881
ML ล้วน: SVR,12,455,0.4585
ML ล้วน: SVR,12,480,0.4648
ML ล้วน: SVR,12,505,4.7366
ML ล้วน: SVR,12,530,2.2474
ML ล้วน: SVR,12,555,2.0312
ML ล้วน: SVR,12,580,2.2316
ML ล้วน: SVR,12,605,2.1869
ML ล้วน: SVR,13,6,8.6052
ML ล้วน: SVR,13,31,6.6346
ML ล้วน: SVR,13,56,5.6267
ML ล้วน: SVR,13,81,5.6864
ML ล้วน: SVR,13,106,4.9498
ML ล้วน: SVR,13,131,3.5621
ML ล้วน: SVR,13,150,4.4791
ML ล้วน: SVR,13,151,6.8804
ML ล้วน: SVR,13,152,7.3325
ML ล้วน: SVR,13,153,5.4097
ML ล้วน: SVR,13,154,5.3579
ML ล้วน: SVR,13,155,5.9931
ML ล้วน: SVR,13,156,8.8231
ML ล้วน: SVR,13,157,5.8519
ML ล้วน: SVR,13,158,6.0266
ML ล้วน: SVR,13,159,6.2409
ML ล้วน: SVR,13,160,4.8483
ML ล้วน: SVR,13,161,5.7702
ML ล้วน: SVR,13,162,5.2630
ML ล้วน: SVR,13,163,5.3891
ML ล้วน: SVR,13,164,4.9630
ML ล้วน: SVR,13,165,5.4430
ML ล้วน: SVR,13,166,5.2112
ML ล้วน: SVR,13,167,6.6559
ML ล้วน: SVR,13,168,5.8331
ML ล้วน: SVR,13,169,6.2382
ML ล้วน: SVR,13,170,8.5140
ML ล้วน: SVR,13,171,5.6893
ML ล้วน: SVR,13,172,5.6331
ML ล้วน: SVR,13,173,8.0752
ML ล้วน: SVR,13,174,9.7094
ML ล้วน: SVR,13,181,3.3634
ML ล้วน: SVR,13,206,3.7401
ML ล้วน: SVR,13,231,3.7471
ML ล้วน: SVR,13,256,2.8632
ML ล้วน: SVR,13,281,3.2580
ML ล้วน: SVR,13,306,3.3709
ML ล้วน: SVR,13,331,3.3865
ML ล้วน: SVR,13,356,1.3248
ML ล้วน: SVR,13,381,4.2373
ML ล้วน: SVR,13,406,4.4820
ML ล้วน: SVR,13,431,5.1454
ML ล้วน: SVR,13,456,4.8427
ML ล้วน: SVR,13,481,5.5953
ML ล้วน: SVR,13,506,8.2882
ML ล้วน: SVR,13,531,4.0508
ML ล้วน: SVR,13,556,3.3938
ML ล้วน: SVR,13,581,4.7073
ML ล้วน: SVR,13,606,4.8154
ML ล้วน: SVR,15,7,1.6872
ML ล้วน: SVR,15,32,2.2469
ML ล้วน: SVR,15,57,0.7691
ML ล้วน: SVR,15,82,0.3892
ML ล้วน: SVR,15,107,0.4204
ML ล้วน: SVR,15,132,0.4853
ML ล้วน: SVR,15,157,0.4046
ML ล้วน: SVR,15,175,1.3213
ML ล้วน: SVR,15,176,0.4812
ML ล้วน: SVR,15,177,1.0721
ML ล้วน: SVR,15,178,0.9052
ML ล้วน: SVR,15,179,0.9887
ML ล้วน: SVR,15,180,0.8026
ML ล้วน: SVR,15,181,0.9446
ML ล้วน: SVR,15,182,1.7389
ML ล้วน: SVR,15,183,1.5717
ML ล้วน: SVR,15,184,1.7640
ML ล้วน: SVR,15,185,1.0587
ML ล้วน: SVR,15,186,1.2332
ML ล้วน: SVR,15,187,1.0561
ML ล้วน: SVR,15,188,1.1737
ML ล้วน: SVR,15,189,1.6646
ML ล้วน: SVR,15,190,1.3573
ML ล้วน: SVR,15,191,2.2363
ML ล้วน: SVR,15,192,1.4089
ML ล้วน: SVR,15,193,0.9182
ML ล้วน: SVR,15,194,1.0725
ML ล้วน: SVR,15,195,2.5025
ML ล้วน: SVR,15,196,1.2913
ML ล้วน: SVR,15,197,2.1428
ML ล้วน: SVR,15,198,3.6806
ML ล้วน: SVR,15,199,4.5789
ML ล้วน: SVR,15,207,0.8778
ML ล้วน: SVR,15,232,1.0728
ML ล้วน: SVR,15,257,0.9802
ML ล้วน: SVR,15,282,0.8577
ML ล้วน: SVR,15,307,0.7486
ML ล้วน: SVR,15,332,1.7515
ML ล้วน: SVR,15,357,2.0569
ML ล้วน: SVR,15,382,2.4205
ML ล้วน: SVR,15,407,4.1409
ML ล้วน: SVR,15,432,1.2957
ML ล้วน: SVR,15,457,2.4399
ML ล้วน: SVR,15,482,1.2921
ML ล้วน: SVR,15,507,3.2702
ML ล้วน: SVR,15,532,4.1477
ML ล้วน: SVR,15,557,5.2920
ML ล้วน: SVR,15,582,4.9916
ML ล้วน: SVR,15,607,4.4516
ML ล้วน: SVR,17,8,3.1220
ML ล้วน: SVR,17,33,3.4801
ML ล้วน: SVR,17,58,3.7948
ML ล้วน: SVR,17,83,4.8107
ML ล้วน: SVR,17,108,4.8168
ML ล้วน: SVR,17,133,5.4202
ML ล้วน: SVR,17,158,5.9094
ML ล้วน: SVR,17,183,5.4622
ML ล้วน: SVR,17,200,4.8679
ML ล้วน: SVR,17,201,3.3259
ML ล้วน: SVR,17,202,4.4236
ML ล้วน: SVR,17,203,6.0567
ML ล้วน: SVR,17,204,5.8904
ML ล้วน: SVR,17,205,6.4035
ML ล้วน: SVR,17,206,6.8333
ML ล้วน: SVR,17,207,5.7072
ML ล้วน: SVR,17,208,10.7948
ML ล้วน: SVR,17,209,3.5307
ML ล้วน: SVR,17,210,5.9747
ML ล้วน: SVR,17,211,4.6609
ML ล้วน: SVR,17,212,5.9892
ML ล้วน: SVR,17,213,4.2337
ML ล้วน: SVR,17,214,6.6784
ML ล้วน: SVR,17,215,5.7345
ML ล้วน: SVR,17,216,8.3954
ML ล้วน: SVR,17,217,5.9447
ML ล้วน: SVR,17,218,5.1094
ML ล้วน: SVR,17,219,7.6824
ML ล้วน: SVR,17,220,4.1957
ML ล้วน: SVR,17,221,6.0430
ML ล้วน: SVR,17,222,6.3406
ML ล้วน: SVR,17,223,7.3470
ML ล้วน: SVR,17,224,10.6894
ML ล้วน: SVR,17,233,3.5783
ML ล้วน: SVR,17,258,5.3219
ML ล้วน: SVR,17,283,4.6952
ML ล้วน: SVR,17,308,6.7911
ML ล้วน: SVR,17,333,4.4104
ML ล้วน: SVR,17,358,7.5389
ML ล้วน: SVR,17,383,5.5228
ML ล้วน: SVR,17,408,8.0249
ML ล้วน: SVR,17,433,6.1746
ML ล้วน: SVR,17,458,6.3226
ML ล้วน: SVR,17,483,8.3060
ML ล้วน: SVR,17,508,8.8354
ML ล้วน: SVR,17,533,8.2413
ML ล้วน: SVR,17,558,10.0178
ML ล้วน: SVR,17,583,11.1484
ML ล้วน: SVR,17,608,8.7800
ML ล้วน: SVR,18,9,1.0104
ML ล้วน: SVR,18,34,0.7865
ML ล้วน: SVR,18,59,0.7481
ML ล้วน: SVR,18,84,1.4345
ML ล้วน: SVR,18,109,1.7485
ML ล้วน: SVR,18,134,3.7803
ML ล้วน: SVR,18,159,4.0268
ML ล้วน: SVR,18,184,3.4490
ML ล้วน: SVR,18,209,0.8189
ML ล้วน: SVR,18,225,1.8616
ML ล้วน: SVR,18,226,1.8697
ML ล้วน: SVR,18,227,2.8887
ML ล้วน: SVR,18,228,4.5125
ML ล้วน: SVR,18,229,3.3503
ML ล้วน: SVR,18,230,1.8772
ML ล้วน: SVR,18,231,1.6897
ML ล้วน: SVR,18,232,1.9967
ML ล้วน: SVR,18,233,1.9314
ML ล้วน: SVR,18,234,1.9368
ML ล้วน: SVR,18,235,1.9683
ML ล้วน: SVR,18,236,2.8310
ML ล้วน: SVR,18,237,1.9910
ML ล้วน: SVR,18,238,1.1272
ML ล้วน: SVR,18,239,2.6251
ML ล้วน: SVR,18,240,2.2090
ML ล้วน: SVR,18,241,2.8760
ML ล้วน: SVR,18,242,1.3784
ML ล้วน: SVR,18,243,2.5868
ML ล้วน: SVR,18,244,1.7769
ML ล้วน: SVR,18,245,2.3155
ML ล้วน: SVR,18,246,1.4794
ML ล้วน: SVR,18,247,2.0948
ML ล้วน: SVR,18,248,4.5282
ML ล้วน: SVR,18,249,8.6347
ML ล้วน: SVR,18,259,1.9885
ML ล้วน: SVR,18,284,2.0254
ML ล้วน: SVR,18,309,2.0703
ML ล้วน: SVR,18,334,0.9018
ML ล้วน: SVR,18,359,3.1571
ML ล้วน: SVR,18,384,1.1954
ML ล้วน: SVR,18,409,2.2286
ML ล้วน: SVR,18,434,1.1342
ML ล้วน: SVR,18,459,2.7743
ML ล้วน: SVR,18,484,1.3251
ML ล้วน: SVR,18,509,5.5002
ML ล้วน: SVR,18,534,0.5482
ML ล้วน: SVR,18,559,1.1424
ML ล้วน: SVR,18,584,2.3322
ML ล้วน: SVR,18,609,1.5363
ML ล้วน: SVR,19,10,1.3742
ML ล้วน: SVR,19,35,3.3330
ML ล้วน: SVR,19,60,1.6060
ML ล้วน: SVR,19,85,1.9495
ML ล้วน: SVR,19,110,0.8380
ML ล้วน: SVR,19,135,0.3217
ML ล้วน: SVR,19,160,0.1178
ML ล้วน: SVR,19,185,0.5792
ML ล้วน: SVR,19,210,0.4793
ML ล้วน: SVR,19,235,0.4847
ML ล้วน: SVR,19,250,1.8382
ML ล้วน: SVR,19,251,2.1506
ML ล้วน: SVR,19,252,3.0481
ML ล้วน: SVR,19,253,2.2539
ML ล้วน: SVR,19,254,0.9530
ML ล้วน: SVR,19,255,1.1223
ML ล้วน: SVR,19,256,0.6895
ML ล้วน: SVR,19,257,1.1610
ML ล้วน: SVR,19,258,1.5642
ML ล้วน: SVR,19,259,2.0746
ML ล้วน: SVR,19,260,0.9030
ML ล้วน: SVR,19,261,1.4146
ML ล้วน: SVR,19,262,1.4549
ML ล้วน: SVR,19,263,0.9659
ML ล้วน: SVR,19,264,1.5204
ML ล้วน: SVR,19,265,1.6018
ML ล้วน: SVR,19,266,1.1823
ML ล้วน: SVR,19,267,1.9935
ML ล้วน: SVR,19,268,1.2886
ML ล้วน: SVR,19,269,1.0738
ML ล้วน: SVR,19,270,5.2687
ML ล้วน: SVR,19,271,1.8437
ML ล้วน: SVR,19,272,1.7601
ML ล้วน: SVR,19,273,2.5766
ML ล้วน: SVR,19,274,3.4081
ML ล้วน: SVR,19,285,1.3439
ML ล้วน: SVR,19,310,0.6832
ML ล้วน: SVR,19,335,1.1146
ML ล้วน: SVR,19,360,1.4252
ML ล้วน: SVR,19,385,0.5614
ML ล้วน: SVR,19,410,1.7854
ML ล้วน: SVR,19,435,2.7254
ML ล้วน: SVR,19,460,1.0371
ML ล้วน: SVR,19,485,0.3665
ML ล้วน: SVR,19,510,6.2157
ML ล้วน: SVR,19,535,0.9682
ML ล้วน: SVR,19,560,1.0975
ML ล้วน: SVR,19,585,0.9497
ML ล้วน: SVR,19,610,1.0582
ML ล้วน: SVR,20,11,1.0092
ML ล้วน: SVR,20,36,1.3803
ML ล้วน: SVR,20,61,0.5465
ML ล้วน: SVR,20,86,0.7818
ML ล้วน: SVR,20,111,0.6400
ML ล้วน: SVR,20,136,1.4236
ML ล้วน: SVR,20,161,1.8550
ML ล้วน: SVR,20,186,1.2556
ML ล้วน: SVR,20,211,0.5527
ML ล้วน: SVR,20,236,1.8623
ML ล้วน: SVR,20,261,2.0206
ML ล้วน: SVR,20,275,3.0690
ML ล้วน: SVR,20,276,5.7250
ML ล้วน: SVR,20,277,6.1994
ML ล้วน: SVR,20,278,2.4990
ML ล้วน: SVR,20,279,1.4294
ML ล้วน: SVR,20,280,1.9562
ML ล้วน: SVR,20,281,5.0923
ML ล้วน: SVR,20,282,1.9273
ML ล้วน: SVR,20,283,3.9496
ML ล้วน: SVR,20,284,4.4238
ML ล้วน: SVR,20,285,4.7993
ML ล้วน: SVR,20,286,1.1817
ML ล้วน: SVR,20,287,1.4883
ML ล้วน: SVR,20,288,7.9630
ML ล้วน: SVR,20,289,2.8312
ML ล้วน: SVR,20,290,2.2542
ML ล้วน: SVR,20,291,1.9571
ML ล้วน: SVR,20,292,2.1590
ML ล้วน: SVR,20,293,0.8192
ML ล้วน: SVR,20,294,2.4534
ML ล้วน: SVR,20,295,6.4308
ML ล้วน: SVR,20,296,4.8220
ML ล้วน: SVR,20,297,3.9140
ML ล้วน: SVR,20,298,1.9053
ML ล้วน: SVR,20,299,4.1680
ML ล้วน: SVR,20,311,0.5711
ML ล้วน: SVR,20,336,3.7759
ML ล้วน: SVR,20,361,1.3606
ML ล้วน: SVR,20,386,2.1744
ML ล้วน: SVR,20,411,1.3458
ML ล้วน: SVR,20,436,3.8876
ML ล้วน: SVR,20,461,0.8938
ML ล้วน: SVR,20,486,1.4182
ML ล้วน: SVR,20,511,6.8822
ML ล้วน: SVR,20,536,1.2949
ML ล้วน: SVR,20,561,0.8383
ML ล้วน: SVR,20,586,0.7760
ML ล้วน: SVR,20,611,1.1699
ML ล้วน: SVR,21,12,0.7201
ML ล้วน: SVR,21,37,1.0396
ML ล้วน: SVR,21,62,1.2138
ML ล้วน: SVR,21,87,1.7783
ML ล้วน: SVR,21,112,1.1736
ML ล้วน: SVR,21,137,1.2296
ML ล้วน: SVR,21,162,1.7472
ML ล้วน: SVR,21,187,1.2952
ML ล้วน: SVR,21,212,1.8059
ML ล้วน: SVR,21,237,0.9502
ML ล้วน: SVR,21,262,1.4354
ML ล้วน: SVR,21,287,0.5747
ML ล้วน: SVR,21,300,4.8709
ML ล้วน: SVR,21,301,5.7007
ML ล้วน: SVR,21,302,6.1380
ML ล้วน: SVR,21,303,4.7715
ML ล้วน: SVR,21,304,2.3071
ML ล้วน: SVR,21,305,2.2190
ML ล้วน: SVR,21,306,3.5475
ML ล้วน: SVR,21,307,1.6431
ML ล้วน: SVR,21,308,6.8823
ML ล้วน: SVR,21,309,3.7186
ML ล้วน: SVR,21,310,2.8319
ML ล้วน: SVR,21,311,3.5005
ML ล้วน: SVR,21,312,4.0830
ML ล้วน: SVR,21,313,4.5797
ML ล้วน: SVR,21,314,2.6771
ML ล้วน: SVR,21,315,2.4480
ML ล้วน: SVR,21,316,4.5397
ML ล้วน: SVR,21,317,1.2566
ML ล้วน: SVR,21,318,3.7146
ML ล้วน: SVR,21,319,2.7159
ML ล้วน: SVR,21,320,3.7841
ML ล้วน: SVR,21,321,4.3906
ML ล้วน: SVR,21,322,4.1327
ML ล้วน: SVR,21,323,6.3573
ML ล้วน: SVR,21,324,7.6383
ML ล้วน: SVR,21,337,1.5247
ML ล้วน: SVR,21,362,2.5131
ML ล้วน: SVR,21,387,1.1429
ML ล้วน: SVR,21,412,2.8750
ML ล้วน: SVR,21,437,1.0398
ML ล้วน: SVR,21,462,1.8682
ML ล้วน: SVR,21,487,1.2344
ML ล้วน: SVR,21,512,3.1743
ML ล้วน: SVR,21,537,3.0252
ML ล้วน: SVR,21,562,2.2664
ML ล้วน: SVR,21,587,2.9321
ML ล้วน: SVR,21,612,2.1702
ML ล้วน: SVR,22,13,2.2001
ML ล้วน: SVR,22,38,1.5544
ML ล้วน: SVR,22,63,3.0401
ML ล้วน: SVR,22,88,5.3136
ML ล้วน: SVR,22,113,6.0625
ML ล้วน: SVR,22,138,3.7730
ML ล้วน: SVR,22,163,2.4735
ML ล้วน: SVR,22,188,3.2178
ML ล้วน: SVR,22,213,2.8424
ML ล้วน: SVR,22,238,1.1330
ML ล้วน: SVR,22,263,2.3865
ML ล้วน: SVR,22,288,1.9236
ML ล้วน: SVR,22,313,3.9384
ML ล้วน: SVR,22,325,2.0842
ML ล้วน: SVR,22,326,1.0482
ML ล้วน: SVR,22,327,1.6779
ML ล้วน: SVR,22,328,1.9024
ML ล้วน: SVR,22,329,2.4377
ML ล้วน: SVR,22,330,5.7588
ML ล้วน: SVR,22,331,2.7620
ML ล้วน: SVR,22,332,3.1033
ML ล้วน: SVR,22,333,2.7647
ML ล้วน: SVR,22,334,1.7016
ML ล้วน: SVR,22,335,3.0821
ML ล้วน: SVR,22,336,1.7411
ML ล้วน: SVR,22,337,6.1818
ML ล้วน: SVR,22,338,3.2916
ML ล้วน: SVR,22,339,3.1632
ML ล้วน: SVR,22,340,2.5591
ML ล้วน: SVR,22,341,3.7063
ML ล้วน: SVR,22,342,3.0287
ML ล้วน: SVR,22,343,4.7017
ML ล้วน: SVR,22,344,3.1690
ML ล้วน: SVR,22,345,4.2183
ML ล้วน: SVR,22,346,1.7896
ML ล้วน: SVR,22,347,2.6854
ML ล้วน: SVR,22,348,5.4087
ML ล้วน: SVR,22,349,4.0005
ML ล้วน: SVR,22,363,3.1749
ML ล้วน: SVR,22,388,3.3361
ML ล้วน: SVR,22,413,5.1179
ML ล้วน: SVR,22,438,5.6277
ML ล้วน: SVR,22,463,9.4682
ML ล้วน: SVR,22,488,3.7190
ML ล้วน: SVR,22,513,2.5666
ML ล้วน: SVR,22,538,2.1607
ML ล้วน: SVR,22,563,2.8824
ML ล้วน: SVR,22,588,5.6750
ML ล้วน: SVR,22,613,3.6551
ML ล้วน: SVR,23,14,2.5384
ML ล้วน: SVR,23,39,3.0086
ML ล้วน: SVR,23,64,1.6588
ML ล้วน: SVR,23,89,1.9785
ML ล้วน: SVR,23,114,1.5523
ML ล้วน: SVR,23,139,0.9950
ML ล้วน: SVR,23,164,0.8173
ML ล้วน: SVR,23,189,1.5963
ML ล้วน: SVR,23,214,1.2668
ML ล้วน: SVR,23,239,1.1719
ML ล้วน: SVR,23,264,1.1988
ML ล้วน: SVR,23,289,1.4958
ML ล้วน: SVR,23,314,1.6386
ML ล้วน: SVR,23,339,1.4711
ML ล้วน: SVR,23,350,4.9109
ML ล้วน: SVR,23,351,3.3067
ML ล้วน: SVR,23,352,2.9342
ML ล้วน: SVR,23,353,1.8140
ML ล้วน: SVR,23,354,1.9809
ML ล้วน: SVR,23,355,2.2883
ML ล้วน: SVR,23,356,2.4603
ML ล้วน: SVR,23,357,2.0596
ML ล้วน: SVR,23,358,3.9856
ML ล้วน: SVR,23,359,2.6518
ML ล้วน: SVR,23,360,1.7531
ML ล้วน: SVR,23,361,2.4919
ML ล้วน: SVR,23,362,2.2490
ML ล้วน: SVR,23,363,2.0922
ML ล้วน: SVR,23,364,3.2138
ML ล้วน: SVR,23,365,1.9504
ML ล้วน: SVR,23,366,2.9200
ML ล้วน: SVR,23,367,2.6106
ML ล้วน: SVR,23,368,2.3124
ML ล้วน: SVR,23,369,2.4413
ML ล้วน: SVR,23,370,1.6557
ML ล้วน: SVR,23,371,2.0966
ML ล้วน: SVR,23,372,2.0649
ML ล้วน: SVR,23,373,5.1791
ML ล้วน: SVR,23,374,3.7088
ML ล้วน: SVR,23,389,1.3867
ML ล้วน: SVR,23,414,1.6479
ML ล้วน: SVR,23,439,2.4324
ML ล้วน: SVR,23,464,1.5359
ML ล้วน: SVR,23,489,1.2035
ML ล้วน: SVR,23,514,7.2812
ML ล้วน: SVR,23,539,5.4617
ML ล้วน: SVR,23,564,6.3848
ML ล้วน: SVR,23,589,3.5124
ML ล้วน: SVR,23,614,4.1604
ML ล้วน: SVR,24,15,1.3579
ML ล้วน: SVR,24,40,2.5789
ML ล้วน: SVR,24,65,0.9950
ML ล้วน: SVR,24,90,1.0177
ML ล้วน: SVR,24,115,0.9762
ML ล้วน: SVR,24,140,0.5690
ML ล้วน: SVR,24,165,0.4655
ML ล้วน: SVR,24,190,1.2239
ML ล้วน: SVR,24,215,0.3314
ML ล้วน: SVR,24,240,0.6457
ML ล้วน: SVR,24,265,1.5995
ML ล้วน: SVR,24,290,2.3376
ML ล้วน: SVR,24,315,1.0148
ML ล้วน: SVR,24,340,0.9498
ML ล้วน: SVR,24,365,1.0628
ML ล้วน: SVR,24,375,3.7491
ML ล้วน: SVR,24,376,2.9449
ML ล้วน: SVR,24,377,3.5139
ML ล้วน: SVR,24,378,2.6888
ML ล้วน: SVR,24,379,1.3777
ML ล้วน: SVR,24,380,1.3020
ML ล้วน: SVR,24,381,1.8332
ML ล้วน: SVR,24,382,2.3292
ML ล้วน: SVR,24,383,1.9567
ML ล้วน: SVR,24,384,1.8949
ML ล้วน: SVR,24,385,0.8422
ML ล้วน: SVR,24,386,1.2967
ML ล้วน: SVR,24,387,0.6175
ML ล้วน: SVR,24,388,1.4370
ML ล้วน: SVR,24,389,0.7049
ML ล้วน: SVR,24,390,1.2678
ML ล้วน: SVR,24,391,1.6548
ML ล้วน: SVR,24,392,2.2694
ML ล้วน: SVR,24,393,0.6450
ML ล้วน: SVR,24,394,1.4856
ML ล้วน: SVR,24,395,5.5980
ML ล้วน: SVR,24,396,1.7118
ML ล้วน: SVR,24,397,0.7483
ML ล้วน: SVR,24,398,2.2949
ML ล้วน: SVR,24,399,5.8935
ML ล้วน: SVR,24,415,2.0342
ML ล้วน: SVR,24,440,2.5690
ML ล้วน: SVR,24,465,2.6168
ML ล้วน: SVR,24,490,1.5665
ML ล้วน: SVR,24,515,5.5702
ML ล้วน: SVR,24,540,0.8337
ML ล้วน: SVR,24,565,0.5860
ML ล้วน: SVR,24,590,0.4552
ML ล้วน: SVR,24,615,0.8209
ML ล้วน: SVR,25,16,1.2670
ML ล้วน: SVR,25,41,1.3260
ML ล้วน: SVR,25,66,1.8817
ML ล้วน: SVR,25,91,1.7108
ML ล้วน: SVR,25,116,1.4113
ML ล้วน: SVR,25,141,1.3952
ML ล้วน: SVR,25,166,1.1143
ML ล้วน: SVR,25,191,2.0173
ML ล้วน: SVR,25,216,2.8633
ML ล้วน: SVR,25,241,1.8725
ML ล้วน: SVR,25,266,1.8100
ML ล้วน: SVR,25,291,1.9687
ML ล้วน: SVR,25,316,2.9346
ML ล้วน: SVR,25,341,1.8923
ML ล้วน: SVR,25,366,3.1079
ML ล้วน: SVR,25,391,2.6742
ML ล้วน: SVR,25,400,3.0805
ML ล้วน: SVR,25,401,2.8714
ML ล้วน: SVR,25,402,3.3424
ML ล้วน: SVR,25,403,1.7294
ML ล้วน: SVR,25,404,1.8353
ML ล้วน: SVR,25,405,3.6922
ML ล้วน: SVR,25,406,2.5173
ML ล้วน: SVR,25,407,4.4933
ML ล้วน: SVR,25,408,2.9012
ML ล้วน: SVR,25,409,2.7906
ML ล้วน: SVR,25,410,2.8771
ML ล้วน: SVR,25,411,0.6516
ML ล้วน: SVR,25,412,2.2272
ML ล้วน: SVR,25,413,2.6524
ML ล้วน: SVR,25,414,2.3897
ML ล้วน: SVR,25,415,2.7250
ML ล้วน: SVR,25,416,5.2119
ML ล้วน: SVR,25,417,1.4188
ML ล้วน: SVR,25,418,1.3056
ML ล้วน: SVR,25,419,3.0091
ML ล้วน: SVR,25,420,1.7290
ML ล้วน: SVR,25,421,3.0353
ML ล้วน: SVR,25,422,3.8502
ML ล้วน: SVR,25,423,1.5442
ML ล้วน: SVR,25,424,2.4563
ML ล้วน: SVR,25,441,4.0428
ML ล้วน: SVR,25,466,2.7943
ML ล้วน: SVR,25,491,3.3961
ML ล้วน: SVR,25,516,2.0232
ML ล้วน: SVR,25,541,6.1688
ML ล้วน: SVR,25,566,7.9353
ML ล้วน: SVR,25,591,4.5811
ML ล้วน: SVR,25,616,4.1502
ML ล้วน: SVR,27,17,2.0842
ML ล้วน: SVR,27,42,1.4617
ML ล้วน: SVR,27,67,1.0044
ML ล้วน: SVR,27,92,2.2340
ML ล้วน: SVR,27,117,3.0113
ML ล้วน: SVR,27,142,3.1356
ML ล้วน: SVR,27,167,2.3035
ML ล้วน: SVR,27,192,2.8519
ML ล้วน: SVR,27,217,2.2172
ML ล้วน: SVR,27,242,1.0818
ML ล้วน: SVR,27,267,3.1296
ML ล้วน: SVR,27,292,2.6601
ML ล้วน: SVR,27,317,3.2556
ML ล้วน: SVR,27,342,1.9756
ML ล้วน: SVR,27,367,3.4178
ML ล้วน: SVR,27,392,3.7713
ML ล้วน: SVR,27,417,1.6761
ML ล้วน: SVR,27,425,4.3430
ML ล้วน: SVR,27,426,6.3141
ML ล้วน: SVR,27,427,6.2627
ML ล้วน: SVR,27,428,4.2125
ML ล้วน: SVR,27,429,3.2976
ML ล้วน: SVR,27,430,2.7930
ML ล้วน: SVR,27,431,3.4841
ML ล้วน: SVR,27,432,2.6949
ML ล้วน: SVR,27,433,5.4556
ML ล้วน: SVR,27,434,3.9435
ML ล้วน: SVR,27,435,3.6689
ML ล้วน: SVR,27,436,4.2589
ML ล้วน: SVR,27,437,3.5713
ML ล้วน: SVR,27,438,4.2918
ML ล้วน: SVR,27,439,3.5633
ML ล้วน: SVR,27,440,4.0862
ML ล้วน: SVR,27,441,4.4196
ML ล้วน: SVR,27,442,6.4604
ML ล้วน: SVR,27,443,3.3055
ML ล้วน: SVR,27,444,2.1433
ML ล้วน: SVR,27,445,6.4818
ML ล้วน: SVR,27,446,4.4871
ML ล้วน: SVR,27,447,2.7919
ML ล้วน: SVR,27,448,3.9040
ML ล้วน: SVR,27,449,7.5822
ML ล้วน: SVR,27,467,3.0005
ML ล้วน: SVR,27,492,2.2724
ML ล้วน: SVR,27,517,5.5825
ML ล้วน: SVR,27,542,1.6749
ML ล้วน: SVR,27,567,1.8474
ML ล้วน: SVR,27,592,1.5710
ML ล้วน: SVR,27,617,1.1887
ML ล้วน: SVR,30,18,0.9212
ML ล้วน: SVR,30,43,1.3044
ML ล้วน: SVR,30,68,0.8277
ML ล้วน: SVR,30,93,0.6471
ML ล้วน: SVR,30,118,0.5741
ML ล้วน: SVR,30,143,0.7512
ML ล้วน: SVR,30,168,1.4067
ML ล้วน: SVR,30,193,0.9184
ML ล้วน: SVR,30,218,1.4142
ML ล้วน: SVR,30,243,1.4323
ML ล้วน: SVR,30,268,2.1164
ML ล้วน: SVR,30,293,0.7981
ML ล้วน: SVR,30,318,2.0959
ML ล้วน: SVR,30,343,3.6496
ML ล้วน: SVR,30,368,2.2401
ML ล้วน: SVR,30,393,1.3550
ML ล้วน: SVR,30,418,2.0784
ML ล้วน: SVR,30,443,2.8084
ML ล้วน: SVR,30,450,1.8468
ML ล้วน: SVR,30,451,4.1619
ML ล้วน: SVR,30,452,4.2062
ML ล้วน: SVR,30,453,1.7289
ML ล้วน: SVR,30,454,0.6403
ML ล้วน: SVR,30,455,1.1431
ML ล้วน: SVR,30,456,3.7280
ML ล้วน: SVR,30,457,2.9252
ML ล้วน: SVR,30,458,3.1029
ML ล้วน: SVR,30,459,2.9193
ML ล้วน: SVR,30,460,0.9753
ML ล้วน: SVR,30,461,1.0131
ML ล้วน: SVR,30,462,1.2341
ML ล้วน: SVR,30,463,8.7001
ML ล้วน: SVR,30,464,1.4500
ML ล้วน: SVR,30,465,3.2226
ML ล้วน: SVR,30,466,3.0395
ML ล้วน: SVR,30,467,2.4516
ML ล้วน: SVR,30,468,1.7057
ML ล้วน: SVR,30,469,2.2971
ML ล้วน: SVR,30,470,4.5781
ML ล้วน: SVR,30,471,4.1333
ML ล้วน: SVR,30,472,1.0981
ML ล้วน: SVR,30,473,1.9594
ML ล้วน: SVR,30,474,2.8265
ML ล้วน: SVR,30,493,1.8619
ML ล้วน: SVR,30,518,3.7969
ML ล้วน: SVR,30,543,1.3902
ML ล้วน: SVR,30,568,2.7531
ML ล้วน: SVR,30,593,1.4421
ML ล้วน: SVR,30,618,0.7435
ML ล้วน: SVR,37,19,3.7893
ML ล้วน: SVR,37,44,2.4784
ML ล้วน: SVR,37,69,1.7396
ML ล้วน: SVR,37,94,1.7128
ML ล้วน: SVR,37,119,2.3633
ML ล้วน: SVR,37,144,1.5642
ML ล้วน: SVR,37,169,2.3353
ML ล้วน: SVR,37,194,1.9683
ML ล้วน: SVR,37,219,1.3632
ML ล้วน: SVR,37,244,0.5554
ML ล้วน: SVR,37,269,0.4824
ML ล้วน: SVR,37,294,0.7723
ML ล้วน: SVR,37,319,1.1627
ML ล้วน: SVR,37,344,0.9861
ML ล้วน: SVR,37,369,2.6796
ML ล้วน: SVR,37,394,2.0842
ML ล้วน: SVR,37,419,2.8921
ML ล้วน: SVR,37,444,0.6458
ML ล้วน: SVR,37,469,1.6720
ML ล้วน: SVR,37,475,2.3049
ML ล้วน: SVR,37,476,3.5790
ML ล้วน: SVR,37,477,3.9083
ML ล้วน: SVR,37,478,1.5407
ML ล้วน: SVR,37,479,1.9178
ML ล้วน: SVR,37,480,1.9266
ML ล้วน: SVR,37,481,0.7893
ML ล้วน: SVR,37,482,1.7653
ML ล้วน: SVR,37,483,3.4457
ML ล้วน: SVR,37,484,2.0042
ML ล้วน: SVR,37,485,1.2730
ML ล้วน: SVR,37,486,2.2793
ML ล้วน: SVR,37,487,1.0142
ML ล้วน: SVR,37,488,2.3157
ML ล้วน: SVR,37,489,1.9766
ML ล้วน: SVR,37,490,2.5894
ML ล้วน: SVR,37,491,3.4826
ML ล้วน: SVR,37,492,1.6948
ML ล้วน: SVR,37,493,2.5394
ML ล้วน: SVR,37,494,3.4914
ML ล้วน: SVR,37,495,3.1806
ML ล้วน: SVR,37,496,2.5351
ML ล้วน: SVR,37,497,1.2925
ML ล้วน: SVR,37,498,2.1874
ML ล้วน: SVR,37,499,4.4653
ML ล้วน: SVR,37,519,4.0678
ML ล้วน: SVR,37,544,0.4709
ML ล้วน: SVR,37,569,1.0525
ML ล้วน: SVR,37,594,1.7902
ML ล้วน: SVR,37,619,1.6900
ML ล้วน: SVR,38,20,9.3247
ML ล้วน: SVR,38,45,8.9754
ML ล้วน: SVR,38,70,9.1727
ML ล้วน: SVR,38,95,7.6246
ML ล้วน: SVR,38,120,6.1533
ML ล้วน: SVR,38,145,5.1712
ML ล้วน: SVR,38,170,6.3337
ML ล้วน: SVR,38,195,5.4034
ML ล้วน: SVR,38,220,7.0516
ML ล้วน: SVR,38,245,6.4353
ML ล้วน: SVR,38,270,8.2627
ML ล้วน: SVR,38,295,7.9952
ML ล้วน: SVR,38,320,7.2416
ML ล้วน: SVR,38,345,8.7396
ML ล้วน: SVR,38,370,5.2941
ML ล้วน: SVR,38,395,8.0161
ML ล้วน: SVR,38,420,8.1998
ML ล้วน: SVR,38,445,7.7942
ML ล้วน: SVR,38,470,7.4015
ML ล้วน: SVR,38,495,7.2683
ML ล้วน: SVR,38,500,8.9340
ML ล้วน: SVR,38,501,8.6520
ML ล้วน: SVR,38,502,10.7481
ML ล้วน: SVR,38,503,6.5095
ML ล้วน: SVR,38,504,5.8692
ML ล้วน: SVR,38,505,6.3047
ML ล้วน: SVR,38,506,7.0748
ML ล้วน: SVR,38,507,4.9531
ML ล้วน: SVR,38,508,12.5030
ML ล้วน: SVR,38,509,7.9805
ML ล้วน: SVR,38,510,9.0809
ML ล้วน: SVR,38,511,7.8220
ML ล้วน: SVR,38,512,6.6950
ML ล้วน: SVR,38,513,9.0401
ML ล้วน: SVR,38,514,9.9043
ML ล้วน: SVR,38,515,8.1832
ML ล้วน: SVR,38,516,6.7135
ML ล้วน: SVR,38,517,7.4685
ML ล้วน: SVR,38,518,7.1501
ML ล้วน: SVR,38,519,7.6023
ML ล้วน: SVR,38,520,14.0249
ML ล้วน: SVR,38,521,9.1096
ML ล้วน: SVR,38,522,10.4895
ML ล้วน: SVR,38,523,6.4390
ML ล้วน: SVR,38,524,7.5643
ML ล้วน: SVR,38,545,7.9734
ML ล้วน: SVR,38,570,6.5977
ML ล้วน: SVR,38,595,6.7402
ML ล้วน: SVR,38,620,7.4143
ML ล้วน: SVR,40,21,1.6553
ML ล้วน: SVR,40,46,1.1377
ML ล้วน: SVR,40,71,0.9679
ML ล้วน: SVR,40,96,1.1615
ML ล้วน: SVR,40,121,1.6635
ML ล้วน: SVR,40,146,2.5826
ML ล้วน: SVR,40,171,1.7177
ML ล้วน: SVR,40,196,0.8322
ML ล้วน: SVR,40,221,0.4670
ML ล้วน: SVR,40,246,0.9154
ML ล้วน: SVR,40,271,1.2825
ML ล้วน: SVR,40,296,0.9880
ML ล้วน: SVR,40,321,1.3689
ML ล้วน: SVR,40,346,1.0121
ML ล้วน: SVR,40,371,1.4032
ML ล้วน: SVR,40,396,1.7540
ML ล้วน: SVR,40,421,1.1419
ML ล้วน: SVR,40,446,3.6067
ML ล้วน: SVR,40,471,2.2562
ML ล้วน: SVR,40,496,0.9999
ML ล้วน: SVR,40,521,6.5706
ML ล้วน: SVR,40,525,1.2543
ML ล้วน: SVR,40,526,0.6002
ML ล้วน: SVR,40,527,6.8877
ML ล้วน: SVR,40,528,0.6585
ML ล้วน: SVR,40,529,1.4751
ML ล้วน: SVR,40,530,1.2740
ML ล้วน: SVR,40,531,1.6476
ML ล้วน: SVR,40,532,2.9967
ML ล้วน: SVR,40,533,6.4592
ML ล้วน: SVR,40,534,0.7671
ML ล้วน: SVR,40,535,1.2582
ML ล้วน: SVR,40,536,0.7385
ML ล้วน: SVR,40,537,3.2159
ML ล้วน: SVR,40,538,0.8477
ML ล้วน: SVR,40,539,5.9229
ML ล้วน: SVR,40,540,1.2133
ML ล้วน: SVR,40,541,3.4320
ML ล้วน: SVR,40,542,2.2913
ML ล้วน: SVR,40,543,1.2253
ML ล้วน: SVR,40,544,1.6850
ML ล้วน: SVR,40,545,6.2120
ML ล้วน: SVR,40,546,1.7284
ML ล้วน: SVR,40,547,4.3763
ML ล้วน: SVR,40,548,2.8728
ML ล้วน: SVR,40,549,2.5068
ML ล้วน: SVR,40,571,1.1789
ML ล้วน: SVR,40,596,1.1459
ML ล้วน: SVR,40,621,0.7373
ML ล้วน: SVR,41,22,1.0035
ML ล้วน: SVR,41,47,1.1007
ML ล้วน: SVR,41,72,1.3399
ML ล้วน: SVR,41,97,1.2729
ML ล้วน: SVR,41,122,1.2435
ML ล้วน: SVR,41,147,1.5151
ML ล้วน: SVR,41,172,0.7401
ML ล้วน: SVR,41,197,1.9578
ML ล้วน: SVR,41,222,0.7052
ML ล้วน: SVR,41,247,0.6877
ML ล้วน: SVR,41,272,0.9856
ML ล้วน: SVR,41,297,1.3927
ML ล้วน: SVR,41,322,1.6798
ML ล้วน: SVR,41,347,0.6886
ML ล้วน: SVR,41,372,1.9358
ML ล้วน: SVR,41,397,0.8591
ML ล้วน: SVR,41,422,1.4478
ML ล้วน: SVR,41,447,1.3851
ML ล้วน: SVR,41,472,1.8857
ML ล้วน: SVR,41,497,1.2780
ML ล้วน: SVR,41,522,7.9104
ML ล้วน: SVR,41,547,3.2224
ML ล้วน: SVR,41,550,1.5039
ML ล้วน: SVR,41,551,1.1616
ML ล้วน: SVR,41,552,7.9608
ML ล้วน: SVR,41,553,2.0745
ML ล้วน: SVR,41,554,1.4470
ML ล้วน: SVR,41,555,1.5922
ML ล้วน: SVR,41,556,1.2177
ML ล้วน: SVR,41,557,5.5635
ML ล้วน: SVR,41,558,6.7209
ML ล้วน: SVR,41,559,0.9431
ML ล้วน: SVR,41,560,1.0291
ML ล้วน: SVR,41,561,1.0981
ML ล้วน: SVR,41,562,1.0320
ML ล้วน: SVR,41,563,0.8209
ML ล้วน: SVR,41,564,5.3552
ML ล้วน: SVR,41,565,1.0156
ML ล้วน: SVR,41,566,5.7899
ML ล้วน: SVR,41,567,1.5618
ML ล้วน: SVR,41,568,1.5515
ML ล้วน: SVR,41,569,1.4148
ML ล้วน: SVR,41,570,3.1590
ML ล้วน: SVR,41,571,0.4165
ML ล้วน: SVR,41,572,3.5606
ML ล้วน: SVR,41,573,1.0431
ML ล้วน: SVR,41,574,1.2336
ML ล้วน: SVR,41,597,3.0413
ML ล้วน: SVR,41,622,2.0890
ML ล้วน: SVR,43,23,3.2305
ML ล้วน: SVR,43,48,1.8208
ML ล้วน: SVR,43,73,2.1770
ML ล้วน: SVR,43,98,2.5740
ML ล้วน: SVR,43,123,2.3469
ML ล้วน: SVR,43,148,6.0393
ML ล้วน: SVR,43,173,7.0111
ML ล้วน: SVR,43,198,5.4290
ML ล้วน: SVR,43,223,5.5951
ML ล้วน: SVR,43,248,6.6596
ML ล้วน: SVR,43,273,3.4636
ML ล้วน: SVR,43,298,2.1489
ML ล้วน: SVR,43,323,4.0058
ML ล้วน: SVR,43,348,2.8877
ML ล้วน: SVR,43,373,4.2117
ML ล้วน: SVR,43,398,2.2902
ML ล้วน: SVR,43,423,2.9974
ML ล้วน: SVR,43,448,3.4652
ML ล้วน: SVR,43,473,2.5884
ML ล้วน: SVR,43,498,3.2264
ML ล้วน: SVR,43,523,1.3560
ML ล้วน: SVR,43,548,1.6274
ML ล้วน: SVR,43,573,2.8012
ML ล้วน: SVR,43,575,3.1605
ML ล้วน: SVR,43,576,3.8608
ML ล้วน: SVR,43,577,11.1965
ML ล้วน: SVR,43,578,3.3136
ML ล้วน: SVR,43,579,2.4369
ML ล้วน: SVR,43,580,2.2979
ML ล้วน: SVR,43,581,2.8708
ML ล้วน: SVR,43,582,6.0779
ML ล้วน: SVR,43,583,7.4113
ML ล้วน: SVR,43,584,2.1076
ML ล้วน: SVR,43,585,1.5920
ML ล้วน: SVR,43,586,2.3318
ML ล้วน: SVR,43,587,2.9614
ML ล้วน: SVR,43,588,1.1536
ML ล้วน: SVR,43,589,1.7548
ML ล้วน: SVR,43,590,1.5774
ML ล้วน: SVR,43,591,5.1117
ML ล้วน: SVR,43,592,2.5965
ML ล้วน: SVR,43,593,2.2516
ML ล้วน: SVR,43,594,3.1480
ML ล้วน: SVR,43,595,0.8578
ML ล้วน: SVR,43,596,1.8874
ML ล้วน: SVR,43,597,1.4406
ML ล้วน: SVR,43,598,5.9995
ML ล้วน: SVR,43,599,3.4367
ML ล้วน: SVR,43,623,2.9171
ML ล้วน: SVR,50,24,1.6512
ML ล้วน: SVR,50,49,1.1850
ML ล้วน: SVR,50,74,1.7982
ML ล้วน: SVR,50,99,3.1840
ML ล้วน: SVR,50,124,4.3225
ML ล้วน: SVR,50,149,8.2115
ML ล้วน: SVR,50,174,9.6082
ML ล้วน: SVR,50,199,9.1601
ML ล้วน: SVR,50,224,8.8729
ML ล้วน: SVR,50,249,8.5018
ML ล้วน: SVR,50,274,4.5953
ML ล้วน: SVR,50,299,3.2117
ML ล้วน: SVR,50,324,6.8190
ML ล้วน: SVR,50,349,3.3024
ML ล้วน: SVR,50,374,6.2262
ML ล้วน: SVR,50,399,2.2603
ML ล้วน: SVR,50,424,2.2275
ML ล้วน: SVR,50,449,1.7001
ML ล้วน: SVR,50,474,2.9371
ML ล้วน: SVR,50,499,1.3428
ML ล้วน: SVR,50,524,4.4841
ML ล้วน: SVR,50,549,2.6065
ML ล้วน: SVR,50,574,2.9990
ML ล้วน: SVR,50,599,4.0363
ML ล้วน: SVR,50,600,1.5100
ML ล้วน: SVR,50,601,2.9637
ML ล้วน: SVR,50,602,9.8820
ML ล้วน: SVR,50,603,0.7523
ML ล้วน: SVR,50,604,0.7751
ML ล้วน: SVR,50,605,1.6818
ML ล้วน: SVR,50,606,1.0264
ML ล้วน: SVR,50,607,2.9706
ML ล้วน: SVR,50,608,6.5435
ML ล้วน: SVR,50,609,3.6229
ML ล้วน: SVR,50,610,2.8096
ML ล้วน: SVR,50,611,2.1561
ML ล้วน: SVR,50,612,2.7323
ML ล้วน: SVR,50,613,3.7690
ML ล้วน: SVR,50,614,5.8180
ML ล้วน: SVR,50,615,3.1604
ML ล้วน: SVR,50,616,2.1619
ML ล้วน: SVR,50,617,2.2598
ML ล้วน: SVR,50,618,2.2809
ML ล้วน: SVR,50,619,1.4573
ML ล้วน: SVR,50,620,6.0111
ML ล้วน: SVR,50,621,2.9680
ML ล้วน: SVR,50,622,3.9432
ML ล้วน: SVR,50,623,1.4841
ML ล้วน: SVR,50,624,3.2757
ML ล้วน: XGBoost,01,0,14.6876
ML ล้วน: XGBoost,01,1,7.2083
ML ล้วน: XGBoost,01,2,9.6112
ML ล้วน: XGBoost,01,3,8.5327
ML ล้วน: XGBoost,01,4,8.6191
ML ล้วน: XGBoost,01,5,10.1508
ML ล้วน: XGBoost,01,6,9.6500
ML ล้วน: XGBoost,01,7,12.9822
ML ล้วน: XGBoost,01,8,7.5997
ML ล้วน: XGBoost,01,9,4.0167
ML ล้วน: XGBoost,01,10,7.7162
ML ล้วน: XGBoost,01,11,8.2203
ML ล้วน: XGBoost,01,12,9.0252
ML ล้วน: XGBoost,01,13,4.1453
ML ล้วน: XGBoost,01,14,8.3738
ML ล้วน: XGBoost,01,15,9.5893
ML ล้วน: XGBoost,01,16,8.4988
ML ล้วน: XGBoost,01,17,10.8862
ML ล้วน: XGBoost,01,18,8.6734
ML ล้วน: XGBoost,01,19,8.1394
ML ล้วน: XGBoost,01,20,9.4688
ML ล้วน: XGBoost,01,21,4.9797
ML ล้วน: XGBoost,01,22,5.6118
ML ล้วน: XGBoost,01,23,8.6559
ML ล้วน: XGBoost,01,24,8.7841
ML ล้วน: XGBoost,01,25,6.5640
ML ล้วน: XGBoost,01,50,7.0117
ML ล้วน: XGBoost,01,75,7.4338
ML ล้วน: XGBoost,01,100,7.1162
ML ล้วน: XGBoost,01,125,8.4133
ML ล้วน: XGBoost,01,150,8.7048
ML ล้วน: XGBoost,01,175,11.4610
ML ล้วน: XGBoost,01,200,6.8390
ML ล้วน: XGBoost,01,225,4.1982
ML ล้วน: XGBoost,01,250,7.9549
ML ล้วน: XGBoost,01,275,7.2352
ML ล้วน: XGBoost,01,300,7.1347
ML ล้วน: XGBoost,01,325,4.7663
ML ล้วน: XGBoost,01,350,9.9326
ML ล้วน: XGBoost,01,375,9.9256
ML ล้วน: XGBoost,01,400,8.5168
ML ล้วน: XGBoost,01,425,11.5756
ML ล้วน: XGBoost,01,450,7.4281
ML ล้วน: XGBoost,01,475,7.4138
ML ล้วน: XGBoost,01,500,6.1886
ML ล้วน: XGBoost,01,525,5.1923
ML ล้วน: XGBoost,01,550,6.4698
ML ล้วน: XGBoost,01,575,5.3207
ML ล้วน: XGBoost,01,600,6.3556
ML ล้วน: XGBoost,02,1,7.7341
ML ล้วน: XGBoost,02,25,7.7195
ML ล้วน: XGBoost,02,26,9.9948
ML ล้วน: XGBoost,02,27,5.5745
ML ล้วน: XGBoost,02,28,4.6752
ML ล้วน: XGBoost,02,29,4.7655
ML ล้วน: XGBoost,02,30,6.9383
ML ล้วน: XGBoost,02,31,7.5691
ML ล้วน: XGBoost,02,32,9.1499
ML ล้วน: XGBoost,02,33,1.2890
ML ล้วน: XGBoost,02,34,4.2200
ML ล้วน: XGBoost,02,35,4.2412
ML ล้วน: XGBoost,02,36,2.8996
ML ล้วน: XGBoost,02,37,5.4257
ML ล้วน: XGBoost,02,38,3.5278
ML ล้วน: XGBoost,02,39,5.9885
ML ล้วน: XGBoost,02,40,6.1232
ML ล้วน: XGBoost,02,41,4.3363
ML ล้วน: XGBoost,02,42,5.0523
ML ล้วน: XGBoost,02,43,3.8862
ML ล้วน: XGBoost,02,44,4.5333
ML ล้วน: XGBoost,02,45,5.5376
ML ล้วน: XGBoost,02,46,4.5051
ML ล้วน: XGBoost,02,47,4.7862
ML ล้วน: XGBoost,02,48,5.1810
ML ล้วน: XGBoost,02,49,4.8427
ML ล้วน: XGBoost,02,51,5.6188
ML ล้วน: XGBoost,02,76,6.6653
ML ล้วน: XGBoost,02,101,6.1707
ML ล้วน: XGBoost,02,126,8.8946
ML ล้วน: XGBoost,02,151,8.4218
ML ล้วน: XGBoost,02,176,9.8701
ML ล้วน: XGBoost,02,201,5.1604
ML ล้วน: XGBoost,02,226,5.3811
ML ล้วน: XGBoost,02,251,5.8216
ML ล้วน: XGBoost,02,276,5.2075
ML ล้วน: XGBoost,02,301,5.9769
ML ล้วน: XGBoost,02,326,5.2299
ML ล้วน: XGBoost,02,351,6.6329
ML ล้วน: XGBoost,02,376,6.7814
ML ล้วน: XGBoost,02,401,9.2129
ML ล้วน: XGBoost,02,426,7.5643
ML ล้วน: XGBoost,02,451,6.8958
ML ล้วน: XGBoost,02,476,7.9874
ML ล้วน: XGBoost,02,501,8.5969
ML ล้วน: XGBoost,02,526,8.2325
ML ล้วน: XGBoost,02,551,6.5769
ML ล้วน: XGBoost,02,576,6.5283
ML ล้วน: XGBoost,02,601,5.4412
ML ล้วน: XGBoost,03,2,3.7799
ML ล้วน: XGBoost,03,27,4.5778
ML ล้วน: XGBoost,03,50,6.5643
ML ล้วน: XGBoost,03,51,6.8674
ML ล้วน: XGBoost,03,52,8.5864
ML ล้วน: XGBoost,03,53,4.0476
ML ล้วน: XGBoost,03,54,2.1028
ML ล้วน: XGBoost,03,55,1.9489
ML ล้วน: XGBoost,03,56,5.2841
ML ล้วน: XGBoost,03,57,2.2718
ML ล้วน: XGBoost,03,58,2.5920
ML ล้วน: XGBoost,03,59,5.9197
ML ล้วน: XGBoost,03,60,4.0047
ML ล้วน: XGBoost,03,61,3.2082
ML ล้วน: XGBoost,03,62,1.5018
ML ล้วน: XGBoost,03,63,6.4725
ML ล้วน: XGBoost,03,64,3.4997
ML ล้วน: XGBoost,03,65,3.4463
ML ล้วน: XGBoost,03,66,1.6337
ML ล้วน: XGBoost,03,67,1.9404
ML ล้วน: XGBoost,03,68,1.9988
ML ล้วน: XGBoost,03,69,3.3133
ML ล้วน: XGBoost,03,70,3.7640
ML ล้วน: XGBoost,03,71,4.2146
ML ล้วน: XGBoost,03,72,3.7796
ML ล้วน: XGBoost,03,73,3.2097
ML ล้วน: XGBoost,03,74,6.8227
ML ล้วน: XGBoost,03,77,4.8659
ML ล้วน: XGBoost,03,102,4.3427
ML ล้วน: XGBoost,03,127,3.7190
ML ล้วน: XGBoost,03,152,4.0639
ML ล้วน: XGBoost,03,177,4.0075
ML ล้วน: XGBoost,03,202,3.2116
ML ล้วน: XGBoost,03,227,3.6718
ML ล้วน: XGBoost,03,252,3.7264
ML ล้วน: XGBoost,03,277,2.3224
ML ล้วน: XGBoost,03,302,2.5666
ML ล้วน: XGBoost,03,327,3.2375
ML ล้วน: XGBoost,03,352,3.4869
ML ล้วน: XGBoost,03,377,4.1152
ML ล้วน: XGBoost,03,402,2.8048
ML ล้วน: XGBoost,03,427,3.6203
ML ล้วน: XGBoost,03,452,3.8268
ML ล้วน: XGBoost,03,477,4.0829
ML ล้วน: XGBoost,03,502,8.8720
ML ล้วน: XGBoost,03,527,6.4737
ML ล้วน: XGBoost,03,552,7.2418
ML ล้วน: XGBoost,03,577,7.8307
ML ล้วน: XGBoost,03,602,8.4344
ML ล้วน: XGBoost,05,3,2.8870
ML ล้วน: XGBoost,05,28,2.9736
ML ล้วน: XGBoost,05,53,3.2151
ML ล้วน: XGBoost,05,75,2.5185
ML ล้วน: XGBoost,05,76,2.2150
ML ล้วน: XGBoost,05,77,2.3023
ML ล้วน: XGBoost,05,78,2.0100
ML ล้วน: XGBoost,05,79,0.6517
ML ล้วน: XGBoost,05,80,0.5766
ML ล้วน: XGBoost,05,81,1.3389
ML ล้วน: XGBoost,05,82,1.7305
ML ล้วน: XGBoost,05,83,3.3938
ML ล้วน: XGBoost,05,84,0.7810
ML ล้วน: XGBoost,05,85,1.2030
ML ล้วน: XGBoost,05,86,1.1617
ML ล้วน: XGBoost,05,87,0.6247
ML ล้วน: XGBoost,05,88,1.7334
ML ล้วน: XGBoost,05,89,0.9711
ML ล้วน: XGBoost,05,90,1.3336
ML ล้วน: XGBoost,05,91,1.7638
ML ล้วน: XGBoost,05,92,0.3888
ML ล้วน: XGBoost,05,93,1.4818
ML ล้วน: XGBoost,05,94,1.1390
ML ล้วน: XGBoost,05,95,0.8209
ML ล้วน: XGBoost,05,96,1.6270
ML ล้วน: XGBoost,05,97,1.9558
ML ล้วน: XGBoost,05,98,0.6317
ML ล้วน: XGBoost,05,99,1.1462
ML ล้วน: XGBoost,05,103,1.1090
ML ล้วน: XGBoost,05,128,0.8256
ML ล้วน: XGBoost,05,153,1.3807
ML ล้วน: XGBoost,05,178,0.3697
ML ล้วน: XGBoost,05,203,2.4545
ML ล้วน: XGBoost,05,228,1.5765
ML ล้วน: XGBoost,05,253,1.2258
ML ล้วน: XGBoost,05,278,1.5868
ML ล้วน: XGBoost,05,303,1.4523
ML ล้วน: XGBoost,05,328,2.5877
ML ล้วน: XGBoost,05,353,1.7347
ML ล้วน: XGBoost,05,378,2.0083
ML ล้วน: XGBoost,05,403,2.3509
ML ล้วน: XGBoost,05,428,1.7449
ML ล้วน: XGBoost,05,453,2.4107
ML ล้วน: XGBoost,05,478,1.9751
ML ล้วน: XGBoost,05,503,1.6789
ML ล้วน: XGBoost,05,528,0.5082
ML ล้วน: XGBoost,05,553,0.4395
ML ล้วน: XGBoost,05,578,1.2795
ML ล้วน: XGBoost,05,603,2.0638
ML ล้วน: XGBoost,07,4,3.9004
ML ล้วน: XGBoost,07,29,4.4339
ML ล้วน: XGBoost,07,54,3.4830
ML ล้วน: XGBoost,07,79,2.0458
ML ล้วน: XGBoost,07,100,5.6358
ML ล้วน: XGBoost,07,101,4.6892
ML ล้วน: XGBoost,07,102,4.4770
ML ล้วน: XGBoost,07,103,3.9460
ML ล้วน: XGBoost,07,104,5.4636
ML ล้วน: XGBoost,07,105,2.6269
ML ล้วน: XGBoost,07,106,3.1516
ML ล้วน: XGBoost,07,107,3.0059
ML ล้วน: XGBoost,07,108,3.4363
ML ล้วน: XGBoost,07,109,3.5742
ML ล้วน: XGBoost,07,110,1.9122
ML ล้วน: XGBoost,07,111,3.1926
ML ล้วน: XGBoost,07,112,2.4738
ML ล้วน: XGBoost,07,113,2.4447
ML ล้วน: XGBoost,07,114,2.3931
ML ล้วน: XGBoost,07,115,3.1445
ML ล้วน: XGBoost,07,116,2.7581
ML ล้วน: XGBoost,07,117,2.2107
ML ล้วน: XGBoost,07,118,3.1697
ML ล้วน: XGBoost,07,119,2.6643
ML ล้วน: XGBoost,07,120,2.9174
ML ล้วน: XGBoost,07,121,2.5653
ML ล้วน: XGBoost,07,122,2.6667
ML ล้วน: XGBoost,07,123,3.1341
ML ล้วน: XGBoost,07,124,5.3217
ML ล้วน: XGBoost,07,129,3.4304
ML ล้วน: XGBoost,07,154,3.4131
ML ล้วน: XGBoost,07,179,3.9814
ML ล้วน: XGBoost,07,204,3.5549
ML ล้วน: XGBoost,07,229,5.8298
ML ล้วน: XGBoost,07,254,5.2861
ML ล้วน: XGBoost,07,279,2.3028
ML ล้วน: XGBoost,07,304,3.2479
ML ล้วน: XGBoost,07,329,7.1740
ML ล้วน: XGBoost,07,354,4.1562
ML ล้วน: XGBoost,07,379,4.0528
ML ล้วน: XGBoost,07,404,4.1925
ML ล้วน: XGBoost,07,429,4.0455
ML ล้วน: XGBoost,07,454,2.8610
ML ล้วน: XGBoost,07,479,3.3824
ML ล้วน: XGBoost,07,504,1.3310
ML ล้วน: XGBoost,07,529,5.2604
ML ล้วน: XGBoost,07,554,3.6107
ML ล้วน: XGBoost,07,579,2.5284
ML ล้วน: XGBoost,07,604,2.0575
ML ล้วน: XGBoost,12,5,0.6881
ML ล้วน: XGBoost,12,30,1.6958
ML ล้วน: XGBoost,12,55,1.8599
ML ล้วน: XGBoost,12,80,0.4371
ML ล้วน: XGBoost,12,105,0.1170
ML ล้วน: XGBoost,12,125,3.4275
ML ล้วน: XGBoost,12,126,3.9878
ML ล้วน: XGBoost,12,127,4.5345
ML ล้วน: XGBoost,12,128,2.1509
ML ล้วน: XGBoost,12,129,1.7316
ML ล้วน: XGBoost,12,130,1.1823
ML ล้วน: XGBoost,12,131,1.0277
ML ล้วน: XGBoost,12,132,1.0579
ML ล้วน: XGBoost,12,133,3.0746
ML ล้วน: XGBoost,12,134,3.2283
ML ล้วน: XGBoost,12,135,1.3058
ML ล้วน: XGBoost,12,136,2.9899
ML ล้วน: XGBoost,12,137,1.5194
ML ล้วน: XGBoost,12,138,3.4237
ML ล้วน: XGBoost,12,139,0.8473
ML ล้วน: XGBoost,12,140,0.7172
ML ล้วน: XGBoost,12,141,2.5407
ML ล้วน: XGBoost,12,142,1.4169
ML ล้วน: XGBoost,12,143,2.6725
ML ล้วน: XGBoost,12,144,2.6575
ML ล้วน: XGBoost,12,145,2.7223
ML ล้วน: XGBoost,12,146,4.2207
ML ล้วน: XGBoost,12,147,1.7743
ML ล้วน: XGBoost,12,148,5.1812
ML ล้วน: XGBoost,12,149,1.7758
ML ล้วน: XGBoost,12,155,2.7150
ML ล้วน: XGBoost,12,180,1.3879
ML ล้วน: XGBoost,12,205,3.4627
ML ล้วน: XGBoost,12,230,3.7684
ML ล้วน: XGBoost,12,255,2.5552
ML ล้วน: XGBoost,12,280,0.8154
ML ล้วน: XGBoost,12,305,0.8010
ML ล้วน: XGBoost,12,330,4.2545
ML ล้วน: XGBoost,12,355,1.4052
ML ล้วน: XGBoost,12,380,1.4175
ML ล้วน: XGBoost,12,405,1.5775
ML ล้วน: XGBoost,12,430,1.2747
ML ล้วน: XGBoost,12,455,1.2134
ML ล้วน: XGBoost,12,480,1.8558
ML ล้วน: XGBoost,12,505,0.8501
ML ล้วน: XGBoost,12,530,3.8574
ML ล้วน: XGBoost,12,555,2.3798
ML ล้วน: XGBoost,12,580,2.1941
ML ล้วน: XGBoost,12,605,2.6942
ML ล้วน: XGBoost,13,6,5.5470
ML ล้วน: XGBoost,13,31,4.3268
ML ล้วน: XGBoost,13,56,5.3262
ML ล้วน: XGBoost,13,81,3.8028
ML ล้วน: XGBoost,13,106,4.7814
ML ล้วน: XGBoost,13,131,4.1070
ML ล้วน: XGBoost,13,150,5.3205
ML ล้วน: XGBoost,13,151,5.8851
ML ล้วน: XGBoost,13,152,7.3901
ML ล้วน: XGBoost,13,153,5.8323
ML ล้วน: XGBoost,13,154,5.8928
ML ล้วน: XGBoost,13,155,5.4719
ML ล้วน: XGBoost,13,156,6.0238
ML ล้วน: XGBoost,13,157,4.4733
ML ล้วน: XGBoost,13,158,7.0795
ML ล้วน: XGBoost,13,159,5.9493
ML ล้วน: XGBoost,13,160,4.0395
ML ล้วน: XGBoost,13,161,6.1307
ML ล้วน: XGBoost,13,162,6.2694
ML ล้วน: XGBoost,13,163,5.1355
ML ล้วน: XGBoost,13,164,4.1186
ML ล้วน: XGBoost,13,165,4.2846
ML ล้วน: XGBoost,13,166,5.2602
ML ล้วน: XGBoost,13,167,4.5255
ML ล้วน: XGBoost,13,168,6.8505
ML ล้วน: XGBoost,13,169,4.0633
ML ล้วน: XGBoost,13,170,5.9956
ML ล้วน: XGBoost,13,171,5.8082
ML ล้วน: XGBoost,13,172,4.9990
ML ล้วน: XGBoost,13,173,4.6043
ML ล้วน: XGBoost,13,174,8.5907
ML ล้วน: XGBoost,13,181,3.0340
ML ล้วน: XGBoost,13,206,5.5414
ML ล้วน: XGBoost,13,231,4.5011
ML ล้วน: XGBoost,13,256,4.3792
ML ล้วน: XGBoost,13,281,3.3525
ML ล้วน: XGBoost,13,306,4.5930
ML ล้วน: XGBoost,13,331,4.9436
ML ล้วน: XGBoost,13,356,2.8160
ML ล้วน: XGBoost,13,381,4.5483
ML ล้วน: XGBoost,13,406,5.1598
ML ล้วน: XGBoost,13,431,4.6032
ML ล้วน: XGBoost,13,456,5.2511
ML ล้วน: XGBoost,13,481,4.9674
ML ล้วน: XGBoost,13,506,4.5247
ML ล้วน: XGBoost,13,531,6.6213
ML ล้วน: XGBoost,13,556,5.6292
ML ล้วน: XGBoost,13,581,3.8001
ML ล้วน: XGBoost,13,606,4.3642
ML ล้วน: XGBoost,15,7,3.2879
ML ล้วน: XGBoost,15,32,3.1814
ML ล้วน: XGBoost,15,57,1.8458
ML ล้วน: XGBoost,15,82,2.1024
ML ล้วน: XGBoost,15,107,1.6269
ML ล้วน: XGBoost,15,132,2.5118
ML ล้วน: XGBoost,15,157,2.8621
ML ล้วน: XGBoost,15,175,4.8225
ML ล้วน: XGBoost,15,176,2.8785
ML ล้วน: XGBoost,15,177,1.4482
ML ล้วน: XGBoost,15,178,1.0882
ML ล้วน: XGBoost,15,179,1.0014
ML ล้วน: XGBoost,15,180,2.5026
ML ล้วน: XGBoost,15,181,3.7933
ML ล้วน: XGBoost,15,182,5.5923
ML ล้วน: XGBoost,15,183,1.4777
ML ล้วน: XGBoost,15,184,4.4788
ML ล้วน: XGBoost,15,185,5.0605
ML ล้วน: XGBoost,15,186,0.8001
ML ล้วน: XGBoost,15,187,1.4175
ML ล้วน: XGBoost,15,188,4.0017
ML ล้วน: XGBoost,15,189,3.0148
ML ล้วน: XGBoost,15,190,4.0389
ML ล้วน: XGBoost,15,191,2.9518
ML ล้วน: XGBoost,15,192,2.7939
ML ล้วน: XGBoost,15,193,1.3627
ML ล้วน: XGBoost,15,194,4.2568
ML ล้วน: XGBoost,15,195,1.6744
ML ล้วน: XGBoost,15,196,4.3731
ML ล้วน: XGBoost,15,197,3.7123
ML ล้วน: XGBoost,15,198,4.6437
ML ล้วน: XGBoost,15,199,2.5771
ML ล้วน: XGBoost,15,207,0.2867
ML ล้วน: XGBoost,15,232,1.7563
ML ล้วน: XGBoost,15,257,4.2008
ML ล้วน: XGBoost,15,282,1.0043
ML ล้วน: XGBoost,15,307,1.8443
ML ล้วน: XGBoost,15,332,2.5007
ML ล้วน: XGBoost,15,357,3.1453
ML ล้วน: XGBoost,15,382,3.7588
ML ล้วน: XGBoost,15,407,3.2664
ML ล้วน: XGBoost,15,432,2.5052
ML ล้วน: XGBoost,15,457,1.2270
ML ล้วน: XGBoost,15,482,4.3551
ML ล้วน: XGBoost,15,507,4.8724
ML ล้วน: XGBoost,15,532,6.0525
ML ล้วน: XGBoost,15,557,5.7994
ML ล้วน: XGBoost,15,582,5.1424
ML ล้วน: XGBoost,15,607,5.1201
ML ล้วน: XGBoost,17,8,2.3120
ML ล้วน: XGBoost,17,33,2.1016
ML ล้วน: XGBoost,17,58,3.0881
ML ล้วน: XGBoost,17,83,1.8140
ML ล้วน: XGBoost,17,108,0.8030
ML ล้วน: XGBoost,17,133,2.0290
ML ล้วน: XGBoost,17,158,1.4765
ML ล้วน: XGBoost,17,183,0.7425
ML ล้วน: XGBoost,17,200,0.6366
ML ล้วน: XGBoost,17,201,0.7959
ML ล้วน: XGBoost,17,202,2.8679
ML ล้วน: XGBoost,17,203,1.5735
ML ล้วน: XGBoost,17,204,1.4831
ML ล้วน: XGBoost,17,205,1.5253
ML ล้วน: XGBoost,17,206,3.3534
ML ล้วน: XGBoost,17,207,2.8444
ML ล้วน: XGBoost,17,208,4.1834
ML ล้วน: XGBoost,17,209,3.1898
ML ล้วน: XGBoost,17,210,2.3063
ML ล้วน: XGBoost,17,211,2.6816
ML ล้วน: XGBoost,17,212,1.4171
ML ล้วน: XGBoost,17,213,4.2680
ML ล้วน: XGBoost,17,214,1.1209
ML ล้วน: XGBoost,17,215,1.3267
ML ล้วน: XGBoost,17,216,2.4723
ML ล้วน: XGBoost,17,217,1.6634
ML ล้วน: XGBoost,17,218,2.5794
ML ล้วน: XGBoost,17,219,1.3095
ML ล้วน: XGBoost,17,220,1.7425
ML ล้วน: XGBoost,17,221,2.4500
ML ล้วน: XGBoost,17,222,1.5863
ML ล้วน: XGBoost,17,223,5.7320
ML ล้วน: XGBoost,17,224,5.7118
ML ล้วน: XGBoost,17,233,1.2394
ML ล้วน: XGBoost,17,258,1.5860
ML ล้วน: XGBoost,17,283,1.4928
ML ล้วน: XGBoost,17,308,0.6671
ML ล้วน: XGBoost,17,333,0.7871
ML ล้วน: XGBoost,17,358,1.1002
ML ล้วน: XGBoost,17,383,1.6868
ML ล้วน: XGBoost,17,408,2.1657
ML ล้วน: XGBoost,17,433,1.9639
ML ล้วน: XGBoost,17,458,2.7260
ML ล้วน: XGBoost,17,483,1.2853
ML ล้วน: XGBoost,17,508,11.6654
ML ล้วน: XGBoost,17,533,9.1352
ML ล้วน: XGBoost,17,558,9.2239
ML ล้วน: XGBoost,17,583,10.9375
ML ล้วน: XGBoost,17,608,11.4232
ML ล้วน: XGBoost,18,9,5.6055
ML ล้วน: XGBoost,18,34,3.1780
ML ล้วน: XGBoost,18,59,2.9824
ML ล้วน: XGBoost,18,84,5.2919
ML ล้วน: XGBoost,18,109,5.9883
ML ล้วน: XGBoost,18,134,3.2260
ML ล้วน: XGBoost,18,159,3.4991
ML ล้วน: XGBoost,18,184,4.5419
ML ล้วน: XGBoost,18,209,2.8933
ML ล้วน: XGBoost,18,225,6.1020
ML ล้วน: XGBoost,18,226,2.8014
ML ล้วน: XGBoost,18,227,6.0495
ML ล้วน: XGBoost,18,228,11.7549
ML ล้วน: XGBoost,18,229,11.2752
ML ล้วน: XGBoost,18,230,7.8032
ML ล้วน: XGBoost,18,231,6.6736
ML ล้วน: XGBoost,18,232,6.4145
ML ล้วน: XGBoost,18,233,2.8895
ML ล้วน: XGBoost,18,234,6.8150
ML ล้วน: XGBoost,18,235,5.5391
ML ล้วน: XGBoost,18,236,7.3110
ML ล้วน: XGBoost,18,237,5.4423
ML ล้วน: XGBoost,18,238,4.7539
ML ล้วน: XGBoost,18,239,7.0672
ML ล้วน: XGBoost,18,240,5.6645
ML ล้วน: XGBoost,18,241,4.1754
ML ล้วน: XGBoost,18,242,5.7746
ML ล้วน: XGBoost,18,243,6.5558
ML ล้วน: XGBoost,18,244,5.2685
ML ล้วน: XGBoost,18,245,6.7965
ML ล้วน: XGBoost,18,246,3.9676
ML ล้วน: XGBoost,18,247,3.9566
ML ล้วน: XGBoost,18,248,8.0903
ML ล้วน: XGBoost,18,249,11.1681
ML ล้วน: XGBoost,18,259,5.2494
ML ล้วน: XGBoost,18,284,5.5120
ML ล้วน: XGBoost,18,309,4.0642
ML ล้วน: XGBoost,18,334,4.8197
ML ล้วน: XGBoost,18,359,6.5446
ML ล้วน: XGBoost,18,384,5.2316
ML ล้วน: XGBoost,18,409,3.9261
ML ล้วน: XGBoost,18,434,4.6447
ML ล้วน: XGBoost,18,459,3.7209
ML ล้วน: XGBoost,18,484,4.3676
ML ล้วน: XGBoost,18,509,3.9526
ML ล้วน: XGBoost,18,534,3.3979
ML ล้วน: XGBoost,18,559,3.1942
ML ล้วน: XGBoost,18,584,3.4502
ML ล้วน: XGBoost,18,609,2.4110
ML ล้วน: XGBoost,19,10,10.2453
ML ล้วน: XGBoost,19,35,7.4125
ML ล้วน: XGBoost,19,60,7.3525
ML ล้วน: XGBoost,19,85,7.3705
ML ล้วน: XGBoost,19,110,8.1130
ML ล้วน: XGBoost,19,135,11.9922
ML ล้วน: XGBoost,19,160,6.5798
ML ล้วน: XGBoost,19,185,11.8382
ML ล้วน: XGBoost,19,210,6.7593
ML ล้วน: XGBoost,19,235,4.8029
ML ล้วน: XGBoost,19,250,10.1119
ML ล้วน: XGBoost,19,251,7.3595
ML ล้วน: XGBoost,19,252,7.4488
ML ล้วน: XGBoost,19,253,8.0992
ML ล้วน: XGBoost,19,254,8.7791
ML ล้วน: XGBoost,19,255,14.1958
ML ล้วน: XGBoost,19,256,6.7377
ML ล้วน: XGBoost,19,257,11.0608
ML ล้วน: XGBoost,19,258,10.5303
ML ล้วน: XGBoost,19,259,4.8275
ML ล้วน: XGBoost,19,260,11.2508
ML ล้วน: XGBoost,19,261,6.7887
ML ล้วน: XGBoost,19,262,15.0560
ML ล้วน: XGBoost,19,263,4.7542
ML ล้วน: XGBoost,19,264,10.1885
ML ล้วน: XGBoost,19,265,9.1161
ML ล้วน: XGBoost,19,266,12.9505
ML ล้วน: XGBoost,19,267,13.5625
ML ล้วน: XGBoost,19,268,7.9521
ML ล้วน: XGBoost,19,269,10.2996
ML ล้วน: XGBoost,19,270,11.1361
ML ล้วน: XGBoost,19,271,6.6710
ML ล้วน: XGBoost,19,272,8.6639
ML ล้วน: XGBoost,19,273,12.5739
ML ล้วน: XGBoost,19,274,12.3670
ML ล้วน: XGBoost,19,285,6.3421
ML ล้วน: XGBoost,19,310,13.0267
ML ล้วน: XGBoost,19,335,4.6173
ML ล้วน: XGBoost,19,360,10.1065
ML ล้วน: XGBoost,19,385,8.8461
ML ล้วน: XGBoost,19,410,11.9505
ML ล้วน: XGBoost,19,435,11.9474
ML ล้วน: XGBoost,19,460,10.4305
ML ล้วน: XGBoost,19,485,9.6208
ML ล้วน: XGBoost,19,510,8.4605
ML ล้วน: XGBoost,19,535,7.4342
ML ล้วน: XGBoost,19,560,9.6056
ML ล้วน: XGBoost,19,585,13.8510
ML ล้วน: XGBoost,19,610,7.5801
ML ล้วน: XGBoost,20,11,6.4667
ML ล้วน: XGBoost,20,36,6.1898
ML ล้วน: XGBoost,20,61,4.6457
ML ล้วน: XGBoost,20,86,5.2676
ML ล้วน: XGBoost,20,111,4.9878
ML ล้วน: XGBoost,20,136,5.1351
ML ล้วน: XGBoost,20,161,5.6383
ML ล้วน: XGBoost,20,186,5.8258
ML ล้วน: XGBoost,20,211,4.8379
ML ล้วน: XGBoost,20,236,5.5229
ML ล้วน: XGBoost,20,261,5.8372
ML ล้วน: XGBoost,20,275,7.0181
ML ล้วน: XGBoost,20,276,7.3980
ML ล้วน: XGBoost,20,277,5.2424
ML ล้วน: XGBoost,20,278,7.2271
ML ล้วน: XGBoost,20,279,6.3555
ML ล้วน: XGBoost,20,280,7.2701
ML ล้วน: XGBoost,20,281,8.4973
ML ล้วน: XGBoost,20,282,7.4141
ML ล้วน: XGBoost,20,283,11.8344
ML ล้วน: XGBoost,20,284,8.6498
ML ล้วน: XGBoost,20,285,8.6442
ML ล้วน: XGBoost,20,286,9.9990
ML ล้วน: XGBoost,20,287,6.5476
ML ล้วน: XGBoost,20,288,11.1698
ML ล้วน: XGBoost,20,289,7.9917
ML ล้วน: XGBoost,20,290,8.4144
ML ล้วน: XGBoost,20,291,7.3695
ML ล้วน: XGBoost,20,292,7.3136
ML ล้วน: XGBoost,20,293,5.5516
ML ล้วน: XGBoost,20,294,6.2086
ML ล้วน: XGBoost,20,295,5.8167
ML ล้วน: XGBoost,20,296,7.9258
ML ล้วน: XGBoost,20,297,7.1467
ML ล้วน: XGBoost,20,298,7.3901
ML ล้วน: XGBoost,20,299,6.6182
ML ล้วน: XGBoost,20,311,4.9236
ML ล้วน: XGBoost,20,336,6.2473
ML ล้วน: XGBoost,20,361,5.7654
ML ล้วน: XGBoost,20,386,6.3590
ML ล้วน: XGBoost,20,411,5.2202
ML ล้วน: XGBoost,20,436,6.4409
ML ล้วน: XGBoost,20,461,4.8174
ML ล้วน: XGBoost,20,486,5.6714
ML ล้วน: XGBoost,20,511,4.1002
ML ล้วน: XGBoost,20,536,4.5597
ML ล้วน: XGBoost,20,561,4.9625
ML ล้วน: XGBoost,20,586,5.4566
ML ล้วน: XGBoost,20,611,5.4230
ML ล้วน: XGBoost,21,12,1.5259
ML ล้วน: XGBoost,21,37,1.8466
ML ล้วน: XGBoost,21,62,2.0898
ML ล้วน: XGBoost,21,87,0.8057
ML ล้วน: XGBoost,21,112,1.0278
ML ล้วน: XGBoost,21,137,0.7095
ML ล้วน: XGBoost,21,162,1.7299
ML ล้วน: XGBoost,21,187,1.0723
ML ล้วน: XGBoost,21,212,1.8921
ML ล้วน: XGBoost,21,237,1.6867
ML ล้วน: XGBoost,21,262,1.2032
ML ล้วน: XGBoost,21,287,2.5289
ML ล้วน: XGBoost,21,300,2.6241
ML ล้วน: XGBoost,21,301,1.9115
ML ล้วน: XGBoost,21,302,1.5972
ML ล้วน: XGBoost,21,303,0.7464
ML ล้วน: XGBoost,21,304,0.8768
ML ล้วน: XGBoost,21,305,0.7213
ML ล้วน: XGBoost,21,306,1.5566
ML ล้วน: XGBoost,21,307,1.3296
ML ล้วน: XGBoost,21,308,1.8994
ML ล้วน: XGBoost,21,309,2.1304
ML ล้วน: XGBoost,21,310,1.1674
ML ล้วน: XGBoost,21,311,1.4531
ML ล้วน: XGBoost,21,312,2.4729
ML ล้วน: XGBoost,21,313,1.6191
ML ล้วน: XGBoost,21,314,2.0577
ML ล้วน: XGBoost,21,315,1.7858
ML ล้วน: XGBoost,21,316,2.9242
ML ล้วน: XGBoost,21,317,1.9995
ML ล้วน: XGBoost,21,318,1.9796
ML ล้วน: XGBoost,21,319,2.9724
ML ล้วน: XGBoost,21,320,1.6577
ML ล้วน: XGBoost,21,321,1.7780
ML ล้วน: XGBoost,21,322,4.2150
ML ล้วน: XGBoost,21,323,1.6828
ML ล้วน: XGBoost,21,324,2.4334
ML ล้วน: XGBoost,21,337,2.3692
ML ล้วน: XGBoost,21,362,1.2382
ML ล้วน: XGBoost,21,387,1.1577
ML ล้วน: XGBoost,21,412,3.3101
ML ล้วน: XGBoost,21,437,1.3970
ML ล้วน: XGBoost,21,462,2.7041
ML ล้วน: XGBoost,21,487,1.9979
ML ล้วน: XGBoost,21,512,1.6173
ML ล้วน: XGBoost,21,537,1.2714
ML ล้วน: XGBoost,21,562,2.2414
ML ล้วน: XGBoost,21,587,0.5985
ML ล้วน: XGBoost,21,612,0.7844
ML ล้วน: XGBoost,22,13,6.7678
ML ล้วน: XGBoost,22,38,2.0915
ML ล้วน: XGBoost,22,63,4.5831
ML ล้วน: XGBoost,22,88,7.7345
ML ล้วน: XGBoost,22,113,9.5671
ML ล้วน: XGBoost,22,138,8.9830
ML ล้วน: XGBoost,22,163,6.5071
ML ล้วน: XGBoost,22,188,7.1947
ML ล้วน: XGBoost,22,213,2.8578
ML ล้วน: XGBoost,22,238,1.8033
ML ล้วน: XGBoost,22,263,6.1624
ML ล้วน: XGBoost,22,288,4.5258
ML ล้วน: XGBoost,22,313,7.9612
ML ล้วน: XGBoost,22,325,5.9709
ML ล้วน: XGBoost,22,326,2.6439
ML ล้วน: XGBoost,22,327,0.5512
ML ล้วน: XGBoost,22,328,5.8972
ML ล้วน: XGBoost,22,329,6.4880
ML ล้วน: XGBoost,22,330,10.1717
ML ล้วน: XGBoost,22,331,8.2774
ML ล้วน: XGBoost,22,332,7.5871
ML ล้วน: XGBoost,22,333,2.7952
ML ล้วน: XGBoost,22,334,2.4368
ML ล้วน: XGBoost,22,335,5.1713
ML ล้วน: XGBoost,22,336,3.1308
ML ล้วน: XGBoost,22,337,6.2364
ML ล้วน: XGBoost,22,338,8.3700
ML ล้วน: XGBoost,22,339,8.6451
ML ล้วน: XGBoost,22,340,6.0590
ML ล้วน: XGBoost,22,341,3.0487
ML ล้วน: XGBoost,22,342,5.3197
ML ล้วน: XGBoost,22,343,4.4385
ML ล้วน: XGBoost,22,344,6.0484
ML ล้วน: XGBoost,22,345,4.4211
ML ล้วน: XGBoost,22,346,2.9155
ML ล้วน: XGBoost,22,347,4.0265
ML ล้วน: XGBoost,22,348,6.0105
ML ล้วน: XGBoost,22,349,4.7846
ML ล้วน: XGBoost,22,363,7.1931
ML ล้วน: XGBoost,22,388,7.1310
ML ล้วน: XGBoost,22,413,4.9353
ML ล้วน: XGBoost,22,438,7.7810
ML ล้วน: XGBoost,22,463,10.5508
ML ล้วน: XGBoost,22,488,6.8979
ML ล้วน: XGBoost,22,513,5.3763
ML ล้วน: XGBoost,22,538,3.6557
ML ล้วน: XGBoost,22,563,4.2840
ML ล้วน: XGBoost,22,588,7.7594
ML ล้วน: XGBoost,22,613,5.8060
ML ล้วน: XGBoost,23,14,5.5685
ML ล้วน: XGBoost,23,39,3.5772
ML ล้วน: XGBoost,23,64,2.6856
ML ล้วน: XGBoost,23,89,3.5498
ML ล้วน: XGBoost,23,114,4.2394
ML ล้วน: XGBoost,23,139,3.8809
ML ล้วน: XGBoost,23,164,2.7988
ML ล้วน: XGBoost,23,189,4.7294
ML ล้วน: XGBoost,23,214,2.6595
ML ล้วน: XGBoost,23,239,2.9088
ML ล้วน: XGBoost,23,264,4.3432
ML ล้วน: XGBoost,23,289,3.6930
ML ล้วน: XGBoost,23,314,4.3376
ML ล้วน: XGBoost,23,339,3.7821
ML ล้วน: XGBoost,23,350,8.9302
ML ล้วน: XGBoost,23,351,6.4471
ML ล้วน: XGBoost,23,352,5.7021
ML ล้วน: XGBoost,23,353,4.9141
ML ล้วน: XGBoost,23,354,4.6265
ML ล้วน: XGBoost,23,355,5.2684
ML ล้วน: XGBoost,23,356,5.9791
ML ล้วน: XGBoost,23,357,5.7834
ML ล้วน: XGBoost,23,358,5.8374
ML ล้วน: XGBoost,23,359,6.9788
ML ล้วน: XGBoost,23,360,5.9303
ML ล้วน: XGBoost,23,361,4.9839
ML ล้วน: XGBoost,23,362,5.4873
ML ล้วน: XGBoost,23,363,5.8692
ML ล้วน: XGBoost,23,364,11.0034
ML ล้วน: XGBoost,23,365,6.1068
ML ล้วน: XGBoost,23,366,6.5108
ML ล้วน: XGBoost,23,367,5.9189
ML ล้วน: XGBoost,23,368,5.1148
ML ล้วน: XGBoost,23,369,6.0519
ML ล้วน: XGBoost,23,370,4.7831
ML ล้วน: XGBoost,23,371,7.0022
ML ล้วน: XGBoost,23,372,7.5392
ML ล้วน: XGBoost,23,373,6.6313
ML ล้วน: XGBoost,23,374,7.0668
ML ล้วน: XGBoost,23,389,5.5830
ML ล้วน: XGBoost,23,414,5.9361
ML ล้วน: XGBoost,23,439,5.7806
ML ล้วน: XGBoost,23,464,4.5302
ML ล้วน: XGBoost,23,489,5.1478
ML ล้วน: XGBoost,23,514,2.6580
ML ล้วน: XGBoost,23,539,5.0114
ML ล้วน: XGBoost,23,564,6.9188
ML ล้วน: XGBoost,23,589,3.4157
ML ล้วน: XGBoost,23,614,3.6413
ML ล้วน: XGBoost,24,15,2.8850
ML ล้วน: XGBoost,24,40,2.8781
ML ล้วน: XGBoost,24,65,1.9158
ML ล้วน: XGBoost,24,90,1.4460
ML ล้วน: XGBoost,24,115,1.3549
ML ล้วน: XGBoost,24,140,1.7271
ML ล้วน: XGBoost,24,165,0.5561
ML ล้วน: XGBoost,24,190,1.5241
ML ล้วน: XGBoost,24,215,1.0617
ML ล้วน: XGBoost,24,240,0.7437
ML ล้วน: XGBoost,24,265,2.2705
ML ล้วน: XGBoost,24,290,2.2972
ML ล้วน: XGBoost,24,315,1.1640
ML ล้วน: XGBoost,24,340,0.6593
ML ล้วน: XGBoost,24,365,1.5912
ML ล้วน: XGBoost,24,375,5.1078
ML ล้วน: XGBoost,24,376,2.9336
ML ล้วน: XGBoost,24,377,3.8469
ML ล้วน: XGBoost,24,378,2.7225
ML ล้วน: XGBoost,24,379,1.7545
ML ล้วน: XGBoost,24,380,1.9961
ML ล้วน: XGBoost,24,381,2.1024
ML ล้วน: XGBoost,24,382,2.5793
ML ล้วน: XGBoost,24,383,1.5625
ML ล้วน: XGBoost,24,384,2.5357
ML ล้วน: XGBoost,24,385,1.1001
ML ล้วน: XGBoost,24,386,1.0400
ML ล้วน: XGBoost,24,387,1.3572
ML ล้วน: XGBoost,24,388,1.5328
ML ล้วน: XGBoost,24,389,1.2004
ML ล้วน: XGBoost,24,390,2.4160
ML ล้วน: XGBoost,24,391,2.0380
ML ล้วน: XGBoost,24,392,1.3892
ML ล้วน: XGBoost,24,393,0.9573
ML ล้วน: XGBoost,24,394,0.9347
ML ล้วน: XGBoost,24,395,1.7082
ML ล้วน: XGBoost,24,396,1.6040
ML ล้วน: XGBoost,24,397,1.4810
ML ล้วน: XGBoost,24,398,3.3371
ML ล้วน: XGBoost,24,399,5.2320
ML ล้วน: XGBoost,24,415,0.7321
ML ล้วน: XGBoost,24,440,0.9098
ML ล้วน: XGBoost,24,465,2.4549
ML ล้วน: XGBoost,24,490,1.4979
ML ล้วน: XGBoost,24,515,0.9494
ML ล้วน: XGBoost,24,540,1.2630
ML ล้วน: XGBoost,24,565,2.3514
ML ล้วน: XGBoost,24,590,0.7846
ML ล้วน: XGBoost,24,615,0.9608
ML ล้วน: XGBoost,25,16,1.1707
ML ล้วน: XGBoost,25,41,0.6540
ML ล้วน: XGBoost,25,66,0.7924
ML ล้วน: XGBoost,25,91,0.5713
ML ล้วน: XGBoost,25,116,0.7002
ML ล้วน: XGBoost,25,141,0.9386
ML ล้วน: XGBoost,25,166,0.8329
ML ล้วน: XGBoost,25,191,0.5996
ML ล้วน: XGBoost,25,216,1.0345
ML ล้วน: XGBoost,25,241,0.6832
ML ล้วน: XGBoost,25,266,1.9670
ML ล้วน: XGBoost,25,291,1.2623
ML ล้วน: XGBoost,25,316,1.7848
ML ล้วน: XGBoost,25,341,1.2680
ML ล้วน: XGBoost,25,366,1.0161
ML ล้วน: XGBoost,25,391,1.9860
ML ล้วน: XGBoost,25,400,3.9996
ML ล้วน: XGBoost,25,401,4.4653
ML ล้วน: XGBoost,25,402,7.6827
ML ล้วน: XGBoost,25,403,3.3465
ML ล้วน: XGBoost,25,404,2.5434
ML ล้วน: XGBoost,25,405,4.6486
ML ล้วน: XGBoost,25,406,3.4241
ML ล้วน: XGBoost,25,407,6.5844
ML ล้วน: XGBoost,25,408,4.3876
ML ล้วน: XGBoost,25,409,1.9567
ML ล้วน: XGBoost,25,410,1.5320
ML ล้วน: XGBoost,25,411,2.3653
ML ล้วน: XGBoost,25,412,1.7570
ML ล้วน: XGBoost,25,413,1.2789
ML ล้วน: XGBoost,25,414,2.3682
ML ล้วน: XGBoost,25,415,2.1812
ML ล้วน: XGBoost,25,416,1.6519
ML ล้วน: XGBoost,25,417,1.8040
ML ล้วน: XGBoost,25,418,1.5521
ML ล้วน: XGBoost,25,419,3.9057
ML ล้วน: XGBoost,25,420,3.2983
ML ล้วน: XGBoost,25,421,1.1597
ML ล้วน: XGBoost,25,422,0.5537
ML ล้วน: XGBoost,25,423,2.1883
ML ล้วน: XGBoost,25,424,5.6352
ML ล้วน: XGBoost,25,441,1.7983
ML ล้วน: XGBoost,25,466,1.5502
ML ล้วน: XGBoost,25,491,1.6443
ML ล้วน: XGBoost,25,516,2.0941
ML ล้วน: XGBoost,25,541,4.0004
ML ล้วน: XGBoost,25,566,4.3058
ML ล้วน: XGBoost,25,591,2.8928
ML ล้วน: XGBoost,25,616,2.0466
ML ล้วน: XGBoost,27,17,5.6956
ML ล้วน: XGBoost,27,42,3.1126
ML ล้วน: XGBoost,27,67,2.2364
ML ล้วน: XGBoost,27,92,3.6055
ML ล้วน: XGBoost,27,117,4.1438
ML ล้วน: XGBoost,27,142,3.9717
ML ล้วน: XGBoost,27,167,2.8438
ML ล้วน: XGBoost,27,192,4.0764
ML ล้วน: XGBoost,27,217,2.8939
ML ล้วน: XGBoost,27,242,2.8897
ML ล้วน: XGBoost,27,267,6.2486
ML ล้วน: XGBoost,27,292,4.1271
ML ล้วน: XGBoost,27,317,5.0054
ML ล้วน: XGBoost,27,342,3.9716
ML ล้วน: XGBoost,27,367,4.9557
ML ล้วน: XGBoost,27,392,5.5143
ML ล้วน: XGBoost,27,417,6.1957
ML ล้วน: XGBoost,27,425,6.9742
ML ล้วน: XGBoost,27,426,6.4529
ML ล้วน: XGBoost,27,427,5.5039
ML ล้วน: XGBoost,27,428,4.9183
ML ล้วน: XGBoost,27,429,4.4927
ML ล้วน: XGBoost,27,430,4.0520
ML ล้วน: XGBoost,27,431,3.6939
ML ล้วน: XGBoost,27,432,4.0958
ML ล้วน: XGBoost,27,433,6.8223
ML ล้วน: XGBoost,27,434,4.5760
ML ล้วน: XGBoost,27,435,6.3208
ML ล้วน: XGBoost,27,436,5.1771
ML ล้วน: XGBoost,27,437,5.4621
ML ล้วน: XGBoost,27,438,5.4934
ML ล้วน: XGBoost,27,439,5.3141
ML ล้วน: XGBoost,27,440,5.9229
ML ล้วน: XGBoost,27,441,6.6752
ML ล้วน: XGBoost,27,442,9.8343
ML ล้วน: XGBoost,27,443,4.9667
ML ล้วน: XGBoost,27,444,4.7930
ML ล้วน: XGBoost,27,445,5.3840
ML ล้วน: XGBoost,27,446,5.2059
ML ล้วน: XGBoost,27,447,5.1529
ML ล้วน: XGBoost,27,448,5.7855
ML ล้วน: XGBoost,27,449,7.4392
ML ล้วน: XGBoost,27,467,4.3188
ML ล้วน: XGBoost,27,492,4.5266
ML ล้วน: XGBoost,27,517,5.4391
ML ล้วน: XGBoost,27,542,5.5863
ML ล้วน: XGBoost,27,567,6.2251
ML ล้วน: XGBoost,27,592,4.6385
ML ล้วน: XGBoost,27,617,4.7344
ML ล้วน: XGBoost,30,18,1.4508
ML ล้วน: XGBoost,30,43,1.2041
ML ล้วน: XGBoost,30,68,1.2458
ML ล้วน: XGBoost,30,93,0.2629
ML ล้วน: XGBoost,30,118,0.7524
ML ล้วน: XGBoost,30,143,0.3287
ML ล้วน: XGBoost,30,168,1.1130
ML ล้วน: XGBoost,30,193,0.9556
ML ล้วน: XGBoost,30,218,1.6073
ML ล้วน: XGBoost,30,243,1.2861
ML ล้วน: XGBoost,30,268,1.2152
ML ล้วน: XGBoost,30,293,1.2165
ML ล้วน: XGBoost,30,318,1.0224
ML ล้วน: XGBoost,30,343,1.2196
ML ล้วน: XGBoost,30,368,0.8424
ML ล้วน: XGBoost,30,393,1.5855
ML ล้วน: XGBoost,30,418,1.5194
ML ล้วน: XGBoost,30,443,1.4054
ML ล้วน: XGBoost,30,450,1.4688
ML ล้วน: XGBoost,30,451,2.5918
ML ล้วน: XGBoost,30,452,5.1630
ML ล้วน: XGBoost,30,453,2.0114
ML ล้วน: XGBoost,30,454,1.0761
ML ล้วน: XGBoost,30,455,1.5514
ML ล้วน: XGBoost,30,456,2.1681
ML ล้วน: XGBoost,30,457,3.2217
ML ล้วน: XGBoost,30,458,1.7441
ML ล้วน: XGBoost,30,459,1.7144
ML ล้วน: XGBoost,30,460,2.5216
ML ล้วน: XGBoost,30,461,1.9535
ML ล้วน: XGBoost,30,462,0.6295
ML ล้วน: XGBoost,30,463,1.5821
ML ล้วน: XGBoost,30,464,0.9652
ML ล้วน: XGBoost,30,465,1.5521
ML ล้วน: XGBoost,30,466,1.5066
ML ล้วน: XGBoost,30,467,0.5396
ML ล้วน: XGBoost,30,468,2.2489
ML ล้วน: XGBoost,30,469,1.7456
ML ล้วน: XGBoost,30,470,0.8589
ML ล้วน: XGBoost,30,471,1.3015
ML ล้วน: XGBoost,30,472,1.6063
ML ล้วน: XGBoost,30,473,2.0803
ML ล้วน: XGBoost,30,474,2.9894
ML ล้วน: XGBoost,30,493,1.4790
ML ล้วน: XGBoost,30,518,0.8601
ML ล้วน: XGBoost,30,543,0.5394
ML ล้วน: XGBoost,30,568,2.1937
ML ล้วน: XGBoost,30,593,0.2602
ML ล้วน: XGBoost,30,618,1.4982
ML ล้วน: XGBoost,37,19,3.4520
ML ล้วน: XGBoost,37,44,2.7176
ML ล้วน: XGBoost,37,69,2.7408
ML ล้วน: XGBoost,37,94,2.5353
ML ล้วน: XGBoost,37,119,1.1710
ML ล้วน: XGBoost,37,144,2.3524
ML ล้วน: XGBoost,37,169,1.2884
ML ล้วน: XGBoost,37,194,1.9422
ML ล้วน: XGBoost,37,219,2.6353
ML ล้วน: XGBoost,37,244,1.4483
ML ล้วน: XGBoost,37,269,1.6311
ML ล้วน: XGBoost,37,294,1.9461
ML ล้วน: XGBoost,37,319,2.7432
ML ล้วน: XGBoost,37,344,1.6820
ML ล้วน: XGBoost,37,369,2.4552
ML ล้วน: XGBoost,37,394,1.8326
ML ล้วน: XGBoost,37,419,1.5269
ML ล้วน: XGBoost,37,444,1.4602
ML ล้วน: XGBoost,37,469,2.2645
ML ล้วน: XGBoost,37,475,1.3747
ML ล้วน: XGBoost,37,476,2.1835
ML ล้วน: XGBoost,37,477,3.8081
ML ล้วน: XGBoost,37,478,0.4877
ML ล้วน: XGBoost,37,479,0.5304
ML ล้วน: XGBoost,37,480,1.2935
ML ล้วน: XGBoost,37,481,0.8819
ML ล้วน: XGBoost,37,482,1.8113
ML ล้วน: XGBoost,37,483,2.2981
ML ล้วน: XGBoost,37,484,0.9560
ML ล้วน: XGBoost,37,485,1.4762
ML ล้วน: XGBoost,37,486,0.7096
ML ล้วน: XGBoost,37,487,1.3158
ML ล้วน: XGBoost,37,488,0.9579
ML ล้วน: XGBoost,37,489,1.9546
ML ล้วน: XGBoost,37,490,3.3100
ML ล้วน: XGBoost,37,491,2.2544
ML ล้วน: XGBoost,37,492,1.6225
ML ล้วน: XGBoost,37,493,0.9630
ML ล้วน: XGBoost,37,494,1.6621
ML ล้วน: XGBoost,37,495,0.3673
ML ล้วน: XGBoost,37,496,0.8912
ML ล้วน: XGBoost,37,497,1.3706
ML ล้วน: XGBoost,37,498,1.2812
ML ล้วน: XGBoost,37,499,3.2869
ML ล้วน: XGBoost,37,519,2.1914
ML ล้วน: XGBoost,37,544,0.9361
ML ล้วน: XGBoost,37,569,0.7045
ML ล้วน: XGBoost,37,594,2.0513
ML ล้วน: XGBoost,37,619,2.1676
ML ล้วน: XGBoost,38,20,9.9530
ML ล้วน: XGBoost,38,45,9.4093
ML ล้วน: XGBoost,38,70,9.7691
ML ล้วน: XGBoost,38,95,7.6444
ML ล้วน: XGBoost,38,120,6.2904
ML ล้วน: XGBoost,38,145,5.5733
ML ล้วน: XGBoost,38,170,6.8310
ML ล้วน: XGBoost,38,195,5.2278
ML ล้วน: XGBoost,38,220,7.1634
ML ล้วน: XGBoost,38,245,6.3809
ML ล้วน: XGBoost,38,270,9.8115
ML ล้วน: XGBoost,38,295,7.8841
ML ล้วน: XGBoost,38,320,7.8255
ML ล้วน: XGBoost,38,345,9.9117
ML ล้วน: XGBoost,38,370,6.3783
ML ล้วน: XGBoost,38,395,8.1737
ML ล้วน: XGBoost,38,420,8.1636
ML ล้วน: XGBoost,38,445,7.3677
ML ล้วน: XGBoost,38,470,7.6121
ML ล้วน: XGBoost,38,495,8.0733
ML ล้วน: XGBoost,38,500,9.2555
ML ล้วน: XGBoost,38,501,9.5569
ML ล้วน: XGBoost,38,502,10.8693
ML ล้วน: XGBoost,38,503,7.6429
ML ล้วน: XGBoost,38,504,6.0586
ML ล้วน: XGBoost,38,505,6.8594
ML ล้วน: XGBoost,38,506,8.2699
ML ล้วน: XGBoost,38,507,6.1948
ML ล้วน: XGBoost,38,508,13.1478
ML ล้วน: XGBoost,38,509,9.2361
ML ล้วน: XGBoost,38,510,9.7277
ML ล้วน: XGBoost,38,511,8.1813
ML ล้วน: XGBoost,38,512,6.7162
ML ล้วน: XGBoost,38,513,10.9883
ML ล้วน: XGBoost,38,514,9.4607
ML ล้วน: XGBoost,38,515,8.5714
ML ล้วน: XGBoost,38,516,7.3248
ML ล้วน: XGBoost,38,517,7.6312
ML ล้วน: XGBoost,38,518,7.1145
ML ล้วน: XGBoost,38,519,8.8751
ML ล้วน: XGBoost,38,520,15.2647
ML ล้วน: XGBoost,38,521,10.9155
ML ล้วน: XGBoost,38,522,10.8678
ML ล้วน: XGBoost,38,523,7.5157
ML ล้วน: XGBoost,38,524,9.2988
ML ล้วน: XGBoost,38,545,9.3834
ML ล้วน: XGBoost,38,570,8.9579
ML ล้วน: XGBoost,38,595,6.8573
ML ล้วน: XGBoost,38,620,7.4399
ML ล้วน: XGBoost,40,21,3.2709
ML ล้วน: XGBoost,40,46,2.0653
ML ล้วน: XGBoost,40,71,2.3540
ML ล้วน: XGBoost,40,96,3.3885
ML ล้วน: XGBoost,40,121,4.1261
ML ล้วน: XGBoost,40,146,5.4856
ML ล้วน: XGBoost,40,171,4.9451
ML ล้วน: XGBoost,40,196,5.5575
ML ล้วน: XGBoost,40,221,2.8322
ML ล้วน: XGBoost,40,246,2.2453
ML ล้วน: XGBoost,40,271,2.8056
ML ล้วน: XGBoost,40,296,3.4563
ML ล้วน: XGBoost,40,321,3.6390
ML ล้วน: XGBoost,40,346,1.8903
ML ล้วน: XGBoost,40,371,4.3378
ML ล้วน: XGBoost,40,396,3.8127
ML ล้วน: XGBoost,40,421,2.6024
ML ล้วน: XGBoost,40,446,4.0647
ML ล้วน: XGBoost,40,471,4.4431
ML ล้วน: XGBoost,40,496,4.1403
ML ล้วน: XGBoost,40,521,1.8879
ML ล้วน: XGBoost,40,525,3.7333
ML ล้วน: XGBoost,40,526,1.4924
ML ล้วน: XGBoost,40,527,4.8181
ML ล้วน: XGBoost,40,528,3.6233
ML ล้วน: XGBoost,40,529,3.7896
ML ล้วน: XGBoost,40,530,5.7892
ML ล้วน: XGBoost,40,531,4.2721
ML ล้วน: XGBoost,40,532,8.0666
ML ล้วน: XGBoost,40,533,6.1613
ML ล้วน: XGBoost,40,534,1.7414
ML ล้วน: XGBoost,40,535,3.6229
ML ล้วน: XGBoost,40,536,2.4442
ML ล้วน: XGBoost,40,537,3.5245
ML ล้วน: XGBoost,40,538,2.0161
ML ล้วน: XGBoost,40,539,1.9778
ML ล้วน: XGBoost,40,540,4.2392
ML ล้วน: XGBoost,40,541,3.9758
ML ล้วน: XGBoost,40,542,3.6259
ML ล้วน: XGBoost,40,543,2.8422
ML ล้วน: XGBoost,40,544,3.4216
ML ล้วน: XGBoost,40,545,2.2352
ML ล้วน: XGBoost,40,546,4.5656
ML ล้วน: XGBoost,40,547,4.3450
ML ล้วน: XGBoost,40,548,1.8961
ML ล้วน: XGBoost,40,549,4.1161
ML ล้วน: XGBoost,40,571,2.1209
ML ล้วน: XGBoost,40,596,2.2047
ML ล้วน: XGBoost,40,621,1.8247
ML ล้วน: XGBoost,41,22,1.8212
ML ล้วน: XGBoost,41,47,0.6290
ML ล้วน: XGBoost,41,72,1.1931
ML ล้วน: XGBoost,41,97,0.5517
ML ล้วน: XGBoost,41,122,1.0858
ML ล้วน: XGBoost,41,147,1.0590
ML ล้วน: XGBoost,41,172,1.4564
ML ล้วน: XGBoost,41,197,1.4412
ML ล้วน: XGBoost,41,222,1.1879
ML ล้วน: XGBoost,41,247,0.7439
ML ล้วน: XGBoost,41,272,1.3892
ML ล้วน: XGBoost,41,297,0.9808
ML ล้วน: XGBoost,41,322,1.4056
ML ล้วน: XGBoost,41,347,1.2159
ML ล้วน: XGBoost,41,372,1.4075
ML ล้วน: XGBoost,41,397,1.4052
ML ล้วน: XGBoost,41,422,1.7380
ML ล้วน: XGBoost,41,447,0.8130
ML ล้วน: XGBoost,41,472,1.4746
ML ล้วน: XGBoost,41,497,1.6315
ML ล้วน: XGBoost,41,522,2.3299
ML ล้วน: XGBoost,41,547,4.1672
ML ล้วน: XGBoost,41,550,3.9077
ML ล้วน: XGBoost,41,551,3.0333
ML ล้วน: XGBoost,41,552,7.4239
ML ล้วน: XGBoost,41,553,4.0439
ML ล้วน: XGBoost,41,554,3.3914
ML ล้วน: XGBoost,41,555,4.4959
ML ล้วน: XGBoost,41,556,3.3332
ML ล้วน: XGBoost,41,557,7.5355
ML ล้วน: XGBoost,41,558,6.1266
ML ล้วน: XGBoost,41,559,1.9558
ML ล้วน: XGBoost,41,560,3.2195
ML ล้วน: XGBoost,41,561,3.8576
ML ล้วน: XGBoost,41,562,3.5290
ML ล้วน: XGBoost,41,563,1.4182
ML ล้วน: XGBoost,41,564,3.6339
ML ล้วน: XGBoost,41,565,3.7853
ML ล้วน: XGBoost,41,566,4.3794
ML ล้วน: XGBoost,41,567,2.6357
ML ล้วน: XGBoost,41,568,4.0122
ML ล้วน: XGBoost,41,569,2.3695
ML ล้วน: XGBoost,41,570,2.8385
ML ล้วน: XGBoost,41,571,0.7772
ML ล้วน: XGBoost,41,572,4.6947
ML ล้วน: XGBoost,41,573,1.8068
ML ล้วน: XGBoost,41,574,3.8577
ML ล้วน: XGBoost,41,597,2.8584
ML ล้วน: XGBoost,41,622,1.1959
ML ล้วน: XGBoost,43,23,6.4015
ML ล้วน: XGBoost,43,48,4.6674
ML ล้วน: XGBoost,43,73,2.9584
ML ล้วน: XGBoost,43,98,2.8730
ML ล้วน: XGBoost,43,123,3.5024
ML ล้วน: XGBoost,43,148,8.7546
ML ล้วน: XGBoost,43,173,13.7561
ML ล้วน: XGBoost,43,198,11.0939
ML ล้วน: XGBoost,43,223,8.7461
ML ล้วน: XGBoost,43,248,12.2912
ML ล้วน: XGBoost,43,273,8.9164
ML ล้วน: XGBoost,43,298,1.5020
ML ล้วน: XGBoost,43,323,3.6655
ML ล้วน: XGBoost,43,348,8.5922
ML ล้วน: XGBoost,43,373,5.5978
ML ล้วน: XGBoost,43,398,8.3965
ML ล้วน: XGBoost,43,423,6.9476
ML ล้วน: XGBoost,43,448,6.3711
ML ล้วน: XGBoost,43,473,2.6835
ML ล้วน: XGBoost,43,498,7.7793
ML ล้วน: XGBoost,43,523,2.6444
ML ล้วน: XGBoost,43,548,11.1552
ML ล้วน: XGBoost,43,573,10.6471
ML ล้วน: XGBoost,43,575,7.1439
ML ล้วน: XGBoost,43,576,4.9797
ML ล้วน: XGBoost,43,577,10.0662
ML ล้วน: XGBoost,43,578,2.3168
ML ล้วน: XGBoost,43,579,2.3492
ML ล้วน: XGBoost,43,580,4.7474
ML ล้วน: XGBoost,43,581,10.4672
ML ล้วน: XGBoost,43,582,6.8925
ML ล้วน: XGBoost,43,583,7.2584
ML ล้วน: XGBoost,43,584,10.0071
ML ล้วน: XGBoost,43,585,10.0911
ML ล้วน: XGBoost,43,586,1.3502
ML ล้วน: XGBoost,43,587,3.1165
ML ล้วน: XGBoost,43,588,11.2868
ML ล้วน: XGBoost,43,589,7.7380
ML ล้วน: XGBoost,43,590,8.3068
ML ล้วน: XGBoost,43,591,4.2046
ML ล้วน: XGBoost,43,592,5.6132
ML ล้วน: XGBoost,43,593,1.5506
ML ล้วน: XGBoost,43,594,9.0452
ML ล้วน: XGBoost,43,595,3.1802
ML ล้วน: XGBoost,43,596,10.0547
ML ล้วน: XGBoost,43,597,10.7866
ML ล้วน: XGBoost,43,598,8.9849
ML ล้วน: XGBoost,43,599,2.3127
ML ล้วน: XGBoost,43,623,1.8394
ML ล้วน: XGBoost,50,24,4.8758
ML ล้วน: XGBoost,50,49,5.2329
ML ล้วน: XGBoost,50,74,5.5049
ML ล้วน: XGBoost,50,99,4.9375
ML ล้วน: XGBoost,50,124,3.5972
ML ล้วน: XGBoost,50,149,6.6227
ML ล้วน: XGBoost,50,174,7.3401
ML ล้วน: XGBoost,50,199,7.7094
ML ล้วน: XGBoost,50,224,8.7465
ML ล้วน: XGBoost,50,249,8.1069
ML ล้วน: XGBoost,50,274,5.9124
ML ล้วน: XGBoost,50,299,6.9052
ML ล้วน: XGBoost,50,324,4.5386
ML ล้วน: XGBoost,50,349,4.7502
ML ล้วน: XGBoost,50,374,4.1270
ML ล้วน: XGBoost,50,399,6.4487
ML ล้วน: XGBoost,50,424,7.0594
ML ล้วน: XGBoost,50,449,5.8729
ML ล้วน: XGBoost,50,474,7.0060
ML ล้วน: XGBoost,50,499,5.5425
ML ล้วน: XGBoost,50,524,5.0495
ML ล้วน: XGBoost,50,549,6.9233
ML ล้วน: XGBoost,50,574,5.8424
ML ล้วน: XGBoost,50,599,3.4882
ML ล้วน: XGBoost,50,600,9.8019
ML ล้วน: XGBoost,50,601,8.8092
ML ล้วน: XGBoost,50,602,12.1480
ML ล้วน: XGBoost,50,603,4.4731
ML ล้วน: XGBoost,50,604,5.3666
ML ล้วน: XGBoost,50,605,6.4300
ML ล้วน: XGBoost,50,606,6.6496
ML ล้วน: XGBoost,50,607,3.9597
ML ล้วน: XGBoost,50,608,6.6065
ML ล้วน: XGBoost,50,609,9.0482
ML ล้วน: XGBoost,50,610,11.8035
ML ล้วน: XGBoost,50,611,6.1525
ML ล้วน: XGBoost,50,612,9.9844
ML ล้วน: XGBoost,50,613,11.3919
ML ล้วน: XGBoost,50,614,11.1645
ML ล้วน: XGBoost,50,615,9.3895
ML ล้วน: XGBoost,50,616,8.8088
ML ล้วน: XGBoost,50,617,9.0316
ML ล้วน: XGBoost,50,618,6.8254
ML ล้วน: XGBoost,50,619,7.3780
ML ล้วน: XGBoost,50,620,5.3018
ML ล้วน: XGBoost,50,621,9.8803
ML ล้วน: XGBoost,50,622,10.3888
ML ล้วน: XGBoost,50,623,7.4262
ML ล้วน: XGBoost,50,624,9.8243
ML ล้วน: MLP (BPNN),01,0,11.2701
ML ล้วน: MLP (BPNN),01,1,5.6388
ML ล้วน: MLP (BPNN),01,2,8.3560
ML ล้วน: MLP (BPNN),01,3,14.6521
ML ล้วน: MLP (BPNN),01,4,15.0716
ML ล้วน: MLP (BPNN),01,5,18.3242
ML ล้วน: MLP (BPNN),01,6,15.5760
ML ล้วน: MLP (BPNN),01,7,17.2459
ML ล้วน: MLP (BPNN),01,8,10.8797
ML ล้วน: MLP (BPNN),01,9,9.8743
ML ล้วน: MLP (BPNN),01,10,14.1947
ML ล้วน: MLP (BPNN),01,11,14.1001
ML ล้วน: MLP (BPNN),01,12,17.4342
ML ล้วน: MLP (BPNN),01,13,12.0589
ML ล้วน: MLP (BPNN),01,14,18.9889
ML ล้วน: MLP (BPNN),01,15,15.0952
ML ล้วน: MLP (BPNN),01,16,12.9820
ML ล้วน: MLP (BPNN),01,17,17.0759
ML ล้วน: MLP (BPNN),01,18,15.0069
ML ล้วน: MLP (BPNN),01,19,17.4177
ML ล้วน: MLP (BPNN),01,20,14.2466
ML ล้วน: MLP (BPNN),01,21,10.2388
ML ล้วน: MLP (BPNN),01,22,11.1601
ML ล้วน: MLP (BPNN),01,23,14.0053
ML ล้วน: MLP (BPNN),01,24,10.7827
ML ล้วน: MLP (BPNN),01,25,4.1831
ML ล้วน: MLP (BPNN),01,50,7.6117
ML ล้วน: MLP (BPNN),01,75,7.8272
ML ล้วน: MLP (BPNN),01,100,11.4456
ML ล้วน: MLP (BPNN),01,125,16.0011
ML ล้วน: MLP (BPNN),01,150,11.5594
ML ล้วน: MLP (BPNN),01,175,16.4331
ML ล้วน: MLP (BPNN),01,200,10.3928
ML ล้วน: MLP (BPNN),01,225,5.5014
ML ล้วน: MLP (BPNN),01,250,13.2008
ML ล้วน: MLP (BPNN),01,275,9.8848
ML ล้วน: MLP (BPNN),01,300,18.2018
ML ล้วน: MLP (BPNN),01,325,9.2589
ML ล้วน: MLP (BPNN),01,350,18.0472
ML ล้วน: MLP (BPNN),01,375,12.1037
ML ล้วน: MLP (BPNN),01,400,11.6725
ML ล้วน: MLP (BPNN),01,425,14.4018
ML ล้วน: MLP (BPNN),01,450,11.4980
ML ล้วน: MLP (BPNN),01,475,9.5867
ML ล้วน: MLP (BPNN),01,500,18.4363
ML ล้วน: MLP (BPNN),01,525,8.3024
ML ล้วน: MLP (BPNN),01,550,11.1355
ML ล้วน: MLP (BPNN),01,575,12.4868
ML ล้วน: MLP (BPNN),01,600,9.7753
ML ล้วน: MLP (BPNN),02,1,3.4230
ML ล้วน: MLP (BPNN),02,25,3.4495
ML ล้วน: MLP (BPNN),02,26,1.4967
ML ล้วน: MLP (BPNN),02,27,2.6951
ML ล้วน: MLP (BPNN),02,28,4.2453
ML ล้วน: MLP (BPNN),02,29,6.4392
ML ล้วน: MLP (BPNN),02,30,5.0477
ML ล้วน: MLP (BPNN),02,31,4.2860
ML ล้วน: MLP (BPNN),02,32,1.6047
ML ล้วน: MLP (BPNN),02,33,1.8099
ML ล้วน: MLP (BPNN),02,34,2.1421
ML ล้วน: MLP (BPNN),02,35,3.7523
ML ล้วน: MLP (BPNN),02,36,5.4112
ML ล้วน: MLP (BPNN),02,37,2.9145
ML ล้วน: MLP (BPNN),02,38,1.9417
ML ล้วน: MLP (BPNN),02,39,4.2115
ML ล้วน: MLP (BPNN),02,40,2.2369
ML ล้วน: MLP (BPNN),02,41,1.8810
ML ล้วน: MLP (BPNN),02,42,2.4454
ML ล้วน: MLP (BPNN),02,43,3.7002
ML ล้วน: MLP (BPNN),02,44,2.3601
ML ล้วน: MLP (BPNN),02,45,7.4967
ML ล้วน: MLP (BPNN),02,46,1.1912
ML ล้วน: MLP (BPNN),02,47,1.2569
ML ล้วน: MLP (BPNN),02,48,1.3515
ML ล้วน: MLP (BPNN),02,49,2.9365
ML ล้วน: MLP (BPNN),02,51,1.5274
ML ล้วน: MLP (BPNN),02,76,2.1021
ML ล้วน: MLP (BPNN),02,101,0.9969
ML ล้วน: MLP (BPNN),02,126,3.0368
ML ล้วน: MLP (BPNN),02,151,6.1805
ML ล้วน: MLP (BPNN),02,176,2.3550
ML ล้วน: MLP (BPNN),02,201,0.7050
ML ล้วน: MLP (BPNN),02,226,1.5544
ML ล้วน: MLP (BPNN),02,251,1.3423
ML ล้วน: MLP (BPNN),02,276,3.7428
ML ล้วน: MLP (BPNN),02,301,2.2986
ML ล้วน: MLP (BPNN),02,326,2.1259
ML ล้วน: MLP (BPNN),02,351,3.9372
ML ล้วน: MLP (BPNN),02,376,2.0898
ML ล้วน: MLP (BPNN),02,401,4.0776
ML ล้วน: MLP (BPNN),02,426,3.8019
ML ล้วน: MLP (BPNN),02,451,1.0688
ML ล้วน: MLP (BPNN),02,476,3.4109
ML ล้วน: MLP (BPNN),02,501,6.1763
ML ล้วน: MLP (BPNN),02,526,1.7438
ML ล้วน: MLP (BPNN),02,551,1.9967
ML ล้วน: MLP (BPNN),02,576,0.3830
ML ล้วน: MLP (BPNN),02,601,1.4892
ML ล้วน: MLP (BPNN),03,2,2.8078
ML ล้วน: MLP (BPNN),03,27,1.0367
ML ล้วน: MLP (BPNN),03,50,1.1383
ML ล้วน: MLP (BPNN),03,51,1.6675
ML ล้วน: MLP (BPNN),03,52,2.0480
ML ล้วน: MLP (BPNN),03,53,2.9260
ML ล้วน: MLP (BPNN),03,54,3.8417
ML ล้วน: MLP (BPNN),03,55,3.0162
ML ล้วน: MLP (BPNN),03,56,4.4624
ML ล้วน: MLP (BPNN),03,57,2.6155
ML ล้วน: MLP (BPNN),03,58,2.5313
ML ล้วน: MLP (BPNN),03,59,2.7549
ML ล้วน: MLP (BPNN),03,60,2.7439
ML ล้วน: MLP (BPNN),03,61,3.2703
ML ล้วน: MLP (BPNN),03,62,3.4577
ML ล้วน: MLP (BPNN),03,63,3.1409
ML ล้วน: MLP (BPNN),03,64,3.4956
ML ล้วน: MLP (BPNN),03,65,2.1520
ML ล้วน: MLP (BPNN),03,66,3.9175
ML ล้วน: MLP (BPNN),03,67,3.2723
ML ล้วน: MLP (BPNN),03,68,2.9764
ML ล้วน: MLP (BPNN),03,69,1.2493
ML ล้วน: MLP (BPNN),03,70,6.1961
ML ล้วน: MLP (BPNN),03,71,3.0493
ML ล้วน: MLP (BPNN),03,72,2.5535
ML ล้วน: MLP (BPNN),03,73,2.1312
ML ล้วน: MLP (BPNN),03,74,2.2606
ML ล้วน: MLP (BPNN),03,77,1.2251
ML ล้วน: MLP (BPNN),03,102,2.2938
ML ล้วน: MLP (BPNN),03,127,1.2886
ML ล้วน: MLP (BPNN),03,152,3.5890
ML ล้วน: MLP (BPNN),03,177,1.5444
ML ล้วน: MLP (BPNN),03,202,2.1420
ML ล้วน: MLP (BPNN),03,227,1.5705
ML ล้วน: MLP (BPNN),03,252,3.3686
ML ล้วน: MLP (BPNN),03,277,2.8669
ML ล้วน: MLP (BPNN),03,302,1.6137
ML ล้วน: MLP (BPNN),03,327,1.4715
ML ล้วน: MLP (BPNN),03,352,2.5045
ML ล้วน: MLP (BPNN),03,377,1.3629
ML ล้วน: MLP (BPNN),03,402,2.4100
ML ล้วน: MLP (BPNN),03,427,4.4881
ML ล้วน: MLP (BPNN),03,452,2.3211
ML ล้วน: MLP (BPNN),03,477,2.5701
ML ล้วน: MLP (BPNN),03,502,9.8820
ML ล้วน: MLP (BPNN),03,527,7.7280
ML ล้วน: MLP (BPNN),03,552,8.5812
ML ล้วน: MLP (BPNN),03,577,9.0209
ML ล้วน: MLP (BPNN),03,602,9.5854
ML ล้วน: MLP (BPNN),05,3,3.7035
ML ล้วน: MLP (BPNN),05,28,3.8279
ML ล้วน: MLP (BPNN),05,53,3.6582
ML ล้วน: MLP (BPNN),05,75,0.7195
ML ล้วน: MLP (BPNN),05,76,5.4007
ML ล้วน: MLP (BPNN),05,77,4.9467
ML ล้วน: MLP (BPNN),05,78,2.7285
ML ล้วน: MLP (BPNN),05,79,2.2096
ML ล้วน: MLP (BPNN),05,80,2.1307
ML ล้วน: MLP (BPNN),05,81,2.7809
ML ล้วน: MLP (BPNN),05,82,1.4521
ML ล้วน: MLP (BPNN),05,83,3.9419
ML ล้วน: MLP (BPNN),05,84,7.6244
ML ล้วน: MLP (BPNN),05,85,4.5882
ML ล้วน: MLP (BPNN),05,86,4.3757
ML ล้วน: MLP (BPNN),05,87,2.8524
ML ล้วน: MLP (BPNN),05,88,7.3089
ML ล้วน: MLP (BPNN),05,89,3.4454
ML ล้วน: MLP (BPNN),05,90,2.2647
ML ล้วน: MLP (BPNN),05,91,4.0885
ML ล้วน: MLP (BPNN),05,92,3.5373
ML ล้วน: MLP (BPNN),05,93,4.0010
ML ล้วน: MLP (BPNN),05,94,3.3954
ML ล้วน: MLP (BPNN),05,95,2.0461
ML ล้วน: MLP (BPNN),05,96,3.9522
ML ล้วน: MLP (BPNN),05,97,2.7557
ML ล้วน: MLP (BPNN),05,98,3.1382
ML ล้วน: MLP (BPNN),05,99,1.1938
ML ล้วน: MLP (BPNN),05,103,0.7444
ML ล้วน: MLP (BPNN),05,128,1.0404
ML ล้วน: MLP (BPNN),05,153,1.8699
ML ล้วน: MLP (BPNN),05,178,0.6318
ML ล้วน: MLP (BPNN),05,203,3.2814
ML ล้วน: MLP (BPNN),05,228,1.3027
ML ล้วน: MLP (BPNN),05,253,1.4224
ML ล้วน: MLP (BPNN),05,278,1.0601
ML ล้วน: MLP (BPNN),05,303,1.0078
ML ล้วน: MLP (BPNN),05,328,2.1600
ML ล้วน: MLP (BPNN),05,353,1.1021
ML ล้วน: MLP (BPNN),05,378,2.9892
ML ล้วน: MLP (BPNN),05,403,2.2466
ML ล้วน: MLP (BPNN),05,428,3.0971
ML ล้วน: MLP (BPNN),05,453,2.1317
ML ล้วน: MLP (BPNN),05,478,3.3888
ML ล้วน: MLP (BPNN),05,503,2.3045
ML ล้วน: MLP (BPNN),05,528,0.8933
ML ล้วน: MLP (BPNN),05,553,1.0172
ML ล้วน: MLP (BPNN),05,578,1.3046
ML ล้วน: MLP (BPNN),05,603,1.4901
ML ล้วน: MLP (BPNN),07,4,1.6331
ML ล้วน: MLP (BPNN),07,29,3.2725
ML ล้วน: MLP (BPNN),07,54,2.7895
ML ล้วน: MLP (BPNN),07,79,0.5743
ML ล้วน: MLP (BPNN),07,100,1.7508
ML ล้วน: MLP (BPNN),07,101,1.0968
ML ล้วน: MLP (BPNN),07,102,3.9327
ML ล้วน: MLP (BPNN),07,103,1.5014
ML ล้วน: MLP (BPNN),07,104,2.7003
ML ล้วน: MLP (BPNN),07,105,2.1892
ML ล้วน: MLP (BPNN),07,106,2.4747
ML ล้วน: MLP (BPNN),07,107,2.3875
ML ล้วน: MLP (BPNN),07,108,1.8955
ML ล้วน: MLP (BPNN),07,109,2.7213
ML ล้วน: MLP (BPNN),07,110,1.4439
ML ล้วน: MLP (BPNN),07,111,2.3348
ML ล้วน: MLP (BPNN),07,112,2.2195
ML ล้วน: MLP (BPNN),07,113,3.8214
ML ล้วน: MLP (BPNN),07,114,3.0819
ML ล้วน: MLP (BPNN),07,115,2.6769
ML ล้วน: MLP (BPNN),07,116,1.3335
ML ล้วน: MLP (BPNN),07,117,4.1679
ML ล้วน: MLP (BPNN),07,118,1.7923
ML ล้วน: MLP (BPNN),07,119,1.5763
ML ล้วน: MLP (BPNN),07,120,2.9935
ML ล้วน: MLP (BPNN),07,121,2.3350
ML ล้วน: MLP (BPNN),07,122,1.6483
ML ล้วน: MLP (BPNN),07,123,0.5529
ML ล้วน: MLP (BPNN),07,124,2.0489
ML ล้วน: MLP (BPNN),07,129,1.4491
ML ล้วน: MLP (BPNN),07,154,1.7972
ML ล้วน: MLP (BPNN),07,179,0.9778
ML ล้วน: MLP (BPNN),07,204,2.2777
ML ล้วน: MLP (BPNN),07,229,4.1276
ML ล้วน: MLP (BPNN),07,254,2.8624
ML ล้วน: MLP (BPNN),07,279,1.0138
ML ล้วน: MLP (BPNN),07,304,2.7375
ML ล้วน: MLP (BPNN),07,329,3.7671
ML ล้วน: MLP (BPNN),07,354,3.3880
ML ล้วน: MLP (BPNN),07,379,2.6551
ML ล้วน: MLP (BPNN),07,404,3.9718
ML ล้วน: MLP (BPNN),07,429,0.3627
ML ล้วน: MLP (BPNN),07,454,1.6995
ML ล้วน: MLP (BPNN),07,479,1.2305
ML ล้วน: MLP (BPNN),07,504,2.1114
ML ล้วน: MLP (BPNN),07,529,2.5474
ML ล้วน: MLP (BPNN),07,554,2.4807
ML ล้วน: MLP (BPNN),07,579,0.8647
ML ล้วน: MLP (BPNN),07,604,0.1531
ML ล้วน: MLP (BPNN),12,5,2.0522
ML ล้วน: MLP (BPNN),12,30,1.2122
ML ล้วน: MLP (BPNN),12,55,1.4839
ML ล้วน: MLP (BPNN),12,80,1.2038
ML ล้วน: MLP (BPNN),12,105,0.8990
ML ล้วน: MLP (BPNN),12,125,1.2090
ML ล้วน: MLP (BPNN),12,126,3.8309
ML ล้วน: MLP (BPNN),12,127,2.4418
ML ล้วน: MLP (BPNN),12,128,0.8688
ML ล้วน: MLP (BPNN),12,129,0.4398
ML ล้วน: MLP (BPNN),12,130,2.0618
ML ล้วน: MLP (BPNN),12,131,0.9991
ML ล้วน: MLP (BPNN),12,132,2.1388
ML ล้วน: MLP (BPNN),12,133,1.1122
ML ล้วน: MLP (BPNN),12,134,4.7746
ML ล้วน: MLP (BPNN),12,135,1.5153
ML ล้วน: MLP (BPNN),12,136,0.9961
ML ล้วน: MLP (BPNN),12,137,0.6561
ML ล้วน: MLP (BPNN),12,138,1.9548
ML ล้วน: MLP (BPNN),12,139,2.5325
ML ล้วน: MLP (BPNN),12,140,1.6436
ML ล้วน: MLP (BPNN),12,141,1.1074
ML ล้วน: MLP (BPNN),12,142,3.5228
ML ล้วน: MLP (BPNN),12,143,1.1511
ML ล้วน: MLP (BPNN),12,144,0.6906
ML ล้วน: MLP (BPNN),12,145,1.6494
ML ล้วน: MLP (BPNN),12,146,0.6953
ML ล้วน: MLP (BPNN),12,147,2.2526
ML ล้วน: MLP (BPNN),12,148,3.6222
ML ล้วน: MLP (BPNN),12,149,3.4422
ML ล้วน: MLP (BPNN),12,155,0.6103
ML ล้วน: MLP (BPNN),12,180,1.8514
ML ล้วน: MLP (BPNN),12,205,3.2778
ML ล้วน: MLP (BPNN),12,230,1.7807
ML ล้วน: MLP (BPNN),12,255,0.3822
ML ล้วน: MLP (BPNN),12,280,1.0247
ML ล้วน: MLP (BPNN),12,305,0.6246
ML ล้วน: MLP (BPNN),12,330,3.8927
ML ล้วน: MLP (BPNN),12,355,2.0655
ML ล้วน: MLP (BPNN),12,380,1.1764
ML ล้วน: MLP (BPNN),12,405,2.9133
ML ล้วน: MLP (BPNN),12,430,1.3461
ML ล้วน: MLP (BPNN),12,455,0.6811
ML ล้วน: MLP (BPNN),12,480,1.7326
ML ล้วน: MLP (BPNN),12,505,0.9986
ML ล้วน: MLP (BPNN),12,530,2.3079
ML ล้วน: MLP (BPNN),12,555,1.3518
ML ล้วน: MLP (BPNN),12,580,1.6326
ML ล้วน: MLP (BPNN),12,605,1.9553
ML ล้วน: MLP (BPNN),13,6,5.7043
ML ล้วน: MLP (BPNN),13,31,4.7190
ML ล้วน: MLP (BPNN),13,56,5.9239
ML ล้วน: MLP (BPNN),13,81,4.7349
ML ล้วน: MLP (BPNN),13,106,4.5421
ML ล้วน: MLP (BPNN),13,131,2.8026
ML ล้วน: MLP (BPNN),13,150,2.4661
ML ล้วน: MLP (BPNN),13,151,8.6147
ML ล้วน: MLP (BPNN),13,152,8.1693
ML ล้วน: MLP (BPNN),13,153,6.1110
ML ล้วน: MLP (BPNN),13,154,5.9340
ML ล้วน: MLP (BPNN),13,155,6.2334
ML ล้วน: MLP (BPNN),13,156,5.2671
ML ล้วน: MLP (BPNN),13,157,5.4433
ML ล้วน: MLP (BPNN),13,158,6.9571
ML ล้วน: MLP (BPNN),13,159,4.8378
ML ล้วน: MLP (BPNN),13,160,3.8965
ML ล้วน: MLP (BPNN),13,161,5.8242
ML ล้วน: MLP (BPNN),13,162,6.6435
ML ล้วน: MLP (BPNN),13,163,3.1577
ML ล้วน: MLP (BPNN),13,164,4.1513
ML ล้วน: MLP (BPNN),13,165,4.3762
ML ล้วน: MLP (BPNN),13,166,7.5407
ML ล้วน: MLP (BPNN),13,167,6.0833
ML ล้วน: MLP (BPNN),13,168,6.7256
ML ล้วน: MLP (BPNN),13,169,4.8324
ML ล้วน: MLP (BPNN),13,170,5.7743
ML ล้วน: MLP (BPNN),13,171,5.0765
ML ล้วน: MLP (BPNN),13,172,5.8767
ML ล้วน: MLP (BPNN),13,173,2.8791
ML ล้วน: MLP (BPNN),13,174,10.9822
ML ล้วน: MLP (BPNN),13,181,2.7407
ML ล้วน: MLP (BPNN),13,206,2.6712
ML ล้วน: MLP (BPNN),13,231,2.2778
ML ล้วน: MLP (BPNN),13,256,1.5340
ML ล้วน: MLP (BPNN),13,281,0.7968
ML ล้วน: MLP (BPNN),13,306,3.1076
ML ล้วน: MLP (BPNN),13,331,2.4857
ML ล้วน: MLP (BPNN),13,356,1.9496
ML ล้วน: MLP (BPNN),13,381,3.6445
ML ล้วน: MLP (BPNN),13,406,4.1470
ML ล้วน: MLP (BPNN),13,431,4.2554
ML ล้วน: MLP (BPNN),13,456,4.7966
ML ล้วน: MLP (BPNN),13,481,4.2811
ML ล้วน: MLP (BPNN),13,506,3.6538
ML ล้วน: MLP (BPNN),13,531,3.4718
ML ล้วน: MLP (BPNN),13,556,2.2699
ML ล้วน: MLP (BPNN),13,581,3.7161
ML ล้วน: MLP (BPNN),13,606,4.1110
ML ล้วน: MLP (BPNN),15,7,2.1531
ML ล้วน: MLP (BPNN),15,32,2.7549
ML ล้วน: MLP (BPNN),15,57,1.2967
ML ล้วน: MLP (BPNN),15,82,0.7465
ML ล้วน: MLP (BPNN),15,107,0.3062
ML ล้วน: MLP (BPNN),15,132,0.7767
ML ล้วน: MLP (BPNN),15,157,1.0174
ML ล้วน: MLP (BPNN),15,175,0.9178
ML ล้วน: MLP (BPNN),15,176,0.6174
ML ล้วน: MLP (BPNN),15,177,1.6453
ML ล้วน: MLP (BPNN),15,178,1.2888
ML ล้วน: MLP (BPNN),15,179,0.4485
ML ล้วน: MLP (BPNN),15,180,0.6605
ML ล้วน: MLP (BPNN),15,181,1.2338
ML ล้วน: MLP (BPNN),15,182,1.7283
ML ล้วน: MLP (BPNN),15,183,2.4768
ML ล้วน: MLP (BPNN),15,184,1.7826
ML ล้วน: MLP (BPNN),15,185,1.8528
ML ล้วน: MLP (BPNN),15,186,1.6083
ML ล้วน: MLP (BPNN),15,187,1.4099
ML ล้วน: MLP (BPNN),15,188,0.9832
ML ล้วน: MLP (BPNN),15,189,1.9594
ML ล้วน: MLP (BPNN),15,190,1.8422
ML ล้วน: MLP (BPNN),15,191,1.7997
ML ล้วน: MLP (BPNN),15,192,1.4324
ML ล้วน: MLP (BPNN),15,193,1.3158
ML ล้วน: MLP (BPNN),15,194,1.0151
ML ล้วน: MLP (BPNN),15,195,0.3486
ML ล้วน: MLP (BPNN),15,196,1.3880
ML ล้วน: MLP (BPNN),15,197,2.3017
ML ล้วน: MLP (BPNN),15,198,4.2249
ML ล้วน: MLP (BPNN),15,199,4.4257
ML ล้วน: MLP (BPNN),15,207,1.5694
ML ล้วน: MLP (BPNN),15,232,1.5381
ML ล้วน: MLP (BPNN),15,257,1.0088
ML ล้วน: MLP (BPNN),15,282,0.9393
ML ล้วน: MLP (BPNN),15,307,1.1865
ML ล้วน: MLP (BPNN),15,332,1.8431
ML ล้วน: MLP (BPNN),15,357,1.9951
ML ล้วน: MLP (BPNN),15,382,2.1732
ML ล้วน: MLP (BPNN),15,407,2.8139
ML ล้วน: MLP (BPNN),15,432,1.7525
ML ล้วน: MLP (BPNN),15,457,2.2906
ML ล้วน: MLP (BPNN),15,482,1.2354
ML ล้วน: MLP (BPNN),15,507,3.1515
ML ล้วน: MLP (BPNN),15,532,6.5783
ML ล้วน: MLP (BPNN),15,557,5.4467
ML ล้วน: MLP (BPNN),15,582,5.1166
ML ล้วน: MLP (BPNN),15,607,5.9639
ML ล้วน: MLP (BPNN),17,8,2.5679
ML ล้วน: MLP (BPNN),17,33,3.4195
ML ล้วน: MLP (BPNN),17,58,2.6612
ML ล้วน: MLP (BPNN),17,83,1.7314
ML ล้วน: MLP (BPNN),17,108,1.7790
ML ล้วน: MLP (BPNN),17,133,3.0277
ML ล้วน: MLP (BPNN),17,158,3.3547
ML ล้วน: MLP (BPNN),17,183,2.1791
ML ล้วน: MLP (BPNN),17,200,4.6702
ML ล้วน: MLP (BPNN),17,201,1.5959
ML ล้วน: MLP (BPNN),17,202,2.7292
ML ล้วน: MLP (BPNN),17,203,4.8014
ML ล้วน: MLP (BPNN),17,204,5.5593
ML ล้วน: MLP (BPNN),17,205,7.7954
ML ล้วน: MLP (BPNN),17,206,6.6169
ML ล้วน: MLP (BPNN),17,207,5.9556
ML ล้วน: MLP (BPNN),17,208,3.4148
ML ล้วน: MLP (BPNN),17,209,2.3318
ML ล้วน: MLP (BPNN),17,210,3.4104
ML ล้วน: MLP (BPNN),17,211,3.7321
ML ล้วน: MLP (BPNN),17,212,3.6549
ML ล้วน: MLP (BPNN),17,213,4.2358
ML ล้วน: MLP (BPNN),17,214,5.4538
ML ล้วน: MLP (BPNN),17,215,3.4618
ML ล้วน: MLP (BPNN),17,216,2.4848
ML ล้วน: MLP (BPNN),17,217,5.9513
ML ล้วน: MLP (BPNN),17,218,4.0637
ML ล้วน: MLP (BPNN),17,219,5.4186
ML ล้วน: MLP (BPNN),17,220,2.8135
ML ล้วน: MLP (BPNN),17,221,1.9265
ML ล้วน: MLP (BPNN),17,222,2.1487
ML ล้วน: MLP (BPNN),17,223,8.2442
ML ล้วน: MLP (BPNN),17,224,6.9585
ML ล้วน: MLP (BPNN),17,233,1.7376
ML ล้วน: MLP (BPNN),17,258,1.7979
ML ล้วน: MLP (BPNN),17,283,2.3025
ML ล้วน: MLP (BPNN),17,308,2.0100
ML ล้วน: MLP (BPNN),17,333,2.7810
ML ล้วน: MLP (BPNN),17,358,4.1819
ML ล้วน: MLP (BPNN),17,383,2.3701
ML ล้วน: MLP (BPNN),17,408,4.2263
ML ล้วน: MLP (BPNN),17,433,4.8813
ML ล้วน: MLP (BPNN),17,458,2.3581
ML ล้วน: MLP (BPNN),17,483,3.7895
ML ล้วน: MLP (BPNN),17,508,9.9238
ML ล้วน: MLP (BPNN),17,533,8.7110
ML ล้วน: MLP (BPNN),17,558,9.1152
ML ล้วน: MLP (BPNN),17,583,10.5021
ML ล้วน: MLP (BPNN),17,608,9.4557
ML ล้วน: MLP (BPNN),18,9,1.9535
ML ล้วน: MLP (BPNN),18,34,1.8065
ML ล้วน: MLP (BPNN),18,59,1.1944
ML ล้วน: MLP (BPNN),18,84,3.8859
ML ล้วน: MLP (BPNN),18,109,1.6166
ML ล้วน: MLP (BPNN),18,134,4.0232
ML ล้วน: MLP (BPNN),18,159,1.8894
ML ล้วน: MLP (BPNN),18,184,2.5668
ML ล้วน: MLP (BPNN),18,209,1.9740
ML ล้วน: MLP (BPNN),18,225,2.1437
ML ล้วน: MLP (BPNN),18,226,2.4551
ML ล้วน: MLP (BPNN),18,227,2.5986
ML ล้วน: MLP (BPNN),18,228,6.8386
ML ล้วน: MLP (BPNN),18,229,5.4332
ML ล้วน: MLP (BPNN),18,230,5.5744
ML ล้วน: MLP (BPNN),18,231,4.4352
ML ล้วน: MLP (BPNN),18,232,3.9608
ML ล้วน: MLP (BPNN),18,233,1.3891
ML ล้วน: MLP (BPNN),18,234,2.7056
ML ล้วน: MLP (BPNN),18,235,2.9060
ML ล้วน: MLP (BPNN),18,236,3.5032
ML ล้วน: MLP (BPNN),18,237,3.5061
ML ล้วน: MLP (BPNN),18,238,3.1553
ML ล้วน: MLP (BPNN),18,239,3.7793
ML ล้วน: MLP (BPNN),18,240,3.0991
ML ล้วน: MLP (BPNN),18,241,2.7849
ML ล้วน: MLP (BPNN),18,242,4.2090
ML ล้วน: MLP (BPNN),18,243,4.2517
ML ล้วน: MLP (BPNN),18,244,3.6249
ML ล้วน: MLP (BPNN),18,245,5.5010
ML ล้วน: MLP (BPNN),18,246,2.4449
ML ล้วน: MLP (BPNN),18,247,2.6667
ML ล้วน: MLP (BPNN),18,248,8.3925
ML ล้วน: MLP (BPNN),18,249,8.5361
ML ล้วน: MLP (BPNN),18,259,1.6766
ML ล้วน: MLP (BPNN),18,284,1.1531
ML ล้วน: MLP (BPNN),18,309,1.4300
ML ล้วน: MLP (BPNN),18,334,2.0857
ML ล้วน: MLP (BPNN),18,359,1.4020
ML ล้วน: MLP (BPNN),18,384,1.8516
ML ล้วน: MLP (BPNN),18,409,2.1377
ML ล้วน: MLP (BPNN),18,434,3.8500
ML ล้วน: MLP (BPNN),18,459,1.9052
ML ล้วน: MLP (BPNN),18,484,0.9262
ML ล้วน: MLP (BPNN),18,509,5.7550
ML ล้วน: MLP (BPNN),18,534,1.1789
ML ล้วน: MLP (BPNN),18,559,0.7530
ML ล้วน: MLP (BPNN),18,584,3.5933
ML ล้วน: MLP (BPNN),18,609,3.0540
ML ล้วน: MLP (BPNN),19,10,1.6883
ML ล้วน: MLP (BPNN),19,35,3.3192
ML ล้วน: MLP (BPNN),19,60,2.0091
ML ล้วน: MLP (BPNN),19,85,1.1641
ML ล้วน: MLP (BPNN),19,110,1.6690
ML ล้วน: MLP (BPNN),19,135,1.5845
ML ล้วน: MLP (BPNN),19,160,1.3498
ML ล้วน: MLP (BPNN),19,185,1.1577
ML ล้วน: MLP (BPNN),19,210,1.0886
ML ล้วน: MLP (BPNN),19,235,0.7669
ML ล้วน: MLP (BPNN),19,250,4.6023
ML ล้วน: MLP (BPNN),19,251,1.9334
ML ล้วน: MLP (BPNN),19,252,4.1378
ML ล้วน: MLP (BPNN),19,253,1.1339
ML ล้วน: MLP (BPNN),19,254,1.5217
ML ล้วน: MLP (BPNN),19,255,2.1742
ML ล้วน: MLP (BPNN),19,256,1.6791
ML ล้วน: MLP (BPNN),19,257,2.5261
ML ล้วน: MLP (BPNN),19,258,3.9845
ML ล้วน: MLP (BPNN),19,259,2.0483
ML ล้วน: MLP (BPNN),19,260,1.9366
ML ล้วน: MLP (BPNN),19,261,2.0958
ML ล้วน: MLP (BPNN),19,262,3.0426
ML ล้วน: MLP (BPNN),19,263,1.1786
ML ล้วน: MLP (BPNN),19,264,2.4397
ML ล้วน: MLP (BPNN),19,265,2.6086
ML ล้วน: MLP (BPNN),19,266,3.6709
ML ล้วน: MLP (BPNN),19,267,3.6771
ML ล้วน: MLP (BPNN),19,268,0.7930
ML ล้วน: MLP (BPNN),19,269,5.5133
ML ล้วน: MLP (BPNN),19,270,5.2883
ML ล้วน: MLP (BPNN),19,271,2.6076
ML ล้วน: MLP (BPNN),19,272,2.6091
ML ล้วน: MLP (BPNN),19,273,1.5436
ML ล้วน: MLP (BPNN),19,274,2.1783
ML ล้วน: MLP (BPNN),19,285,2.8642
ML ล้วน: MLP (BPNN),19,310,2.4375
ML ล้วน: MLP (BPNN),19,335,1.4133
ML ล้วน: MLP (BPNN),19,360,1.8896
ML ล้วน: MLP (BPNN),19,385,2.6097
ML ล้วน: MLP (BPNN),19,410,1.0268
ML ล้วน: MLP (BPNN),19,435,2.5052
ML ล้วน: MLP (BPNN),19,460,2.8063
ML ล้วน: MLP (BPNN),19,485,0.4212
ML ล้วน: MLP (BPNN),19,510,5.1718
ML ล้วน: MLP (BPNN),19,535,0.9544
ML ล้วน: MLP (BPNN),19,560,0.2249
ML ล้วน: MLP (BPNN),19,585,0.7765
ML ล้วน: MLP (BPNN),19,610,1.5976
ML ล้วน: MLP (BPNN),20,11,2.2344
ML ล้วน: MLP (BPNN),20,36,2.2285
ML ล้วน: MLP (BPNN),20,61,1.7236
ML ล้วน: MLP (BPNN),20,86,1.1832
ML ล้วน: MLP (BPNN),20,111,1.4399
ML ล้วน: MLP (BPNN),20,136,1.8845
ML ล้วน: MLP (BPNN),20,161,1.1680
ML ล้วน: MLP (BPNN),20,186,1.0692
ML ล้วน: MLP (BPNN),20,211,2.4295
ML ล้วน: MLP (BPNN),20,236,1.0523
ML ล้วน: MLP (BPNN),20,261,1.2041
ML ล้วน: MLP (BPNN),20,275,2.8775
ML ล้วน: MLP (BPNN),20,276,3.9654
ML ล้วน: MLP (BPNN),20,277,4.0208
ML ล้วน: MLP (BPNN),20,278,3.7610
ML ล้วน: MLP (BPNN),20,279,1.5737
ML ล้วน: MLP (BPNN),20,280,1.3585
ML ล้วน: MLP (BPNN),20,281,2.7882
ML ล้วน: MLP (BPNN),20,282,1.2442
ML ล้วน: MLP (BPNN),20,283,5.2927
ML ล้วน: MLP (BPNN),20,284,2.9822
ML ล้วน: MLP (BPNN),20,285,2.3407
ML ล้วน: MLP (BPNN),20,286,3.3895
ML ล้วน: MLP (BPNN),20,287,1.6814
ML ล้วน: MLP (BPNN),20,288,4.4898
ML ล้วน: MLP (BPNN),20,289,2.4212
ML ล้วน: MLP (BPNN),20,290,1.8025
ML ล้วน: MLP (BPNN),20,291,3.2761
ML ล้วน: MLP (BPNN),20,292,2.2476
ML ล้วน: MLP (BPNN),20,293,3.3386
ML ล้วน: MLP (BPNN),20,294,1.7358
ML ล้วน: MLP (BPNN),20,295,1.2660
ML ล้วน: MLP (BPNN),20,296,3.3650
ML ล้วน: MLP (BPNN),20,297,2.1356
ML ล้วน: MLP (BPNN),20,298,3.0802
ML ล้วน: MLP (BPNN),20,299,3.0080
ML ล้วน: MLP (BPNN),20,311,2.0090
ML ล้วน: MLP (BPNN),20,336,2.3159
ML ล้วน: MLP (BPNN),20,361,1.6391
ML ล้วน: MLP (BPNN),20,386,1.7619
ML ล้วน: MLP (BPNN),20,411,1.9554
ML ล้วน: MLP (BPNN),20,436,3.1593
ML ล้วน: MLP (BPNN),20,461,2.7684
ML ล้วน: MLP (BPNN),20,486,2.5974
ML ล้วน: MLP (BPNN),20,511,3.1221
ML ล้วน: MLP (BPNN),20,536,0.6603
ML ล้วน: MLP (BPNN),20,561,1.1012
ML ล้วน: MLP (BPNN),20,586,1.1317
ML ล้วน: MLP (BPNN),20,611,1.0275
ML ล้วน: MLP (BPNN),21,12,2.4391
ML ล้วน: MLP (BPNN),21,37,1.5322
ML ล้วน: MLP (BPNN),21,62,1.3928
ML ล้วน: MLP (BPNN),21,87,1.7823
ML ล้วน: MLP (BPNN),21,112,1.1034
ML ล้วน: MLP (BPNN),21,137,1.2839
ML ล้วน: MLP (BPNN),21,162,2.9355
ML ล้วน: MLP (BPNN),21,187,1.5918
ML ล้วน: MLP (BPNN),21,212,2.2048
ML ล้วน: MLP (BPNN),21,237,0.9260
ML ล้วน: MLP (BPNN),21,262,1.7318
ML ล้วน: MLP (BPNN),21,287,1.4641
ML ล้วน: MLP (BPNN),21,300,4.9882
ML ล้วน: MLP (BPNN),21,301,4.5724
ML ล้วน: MLP (BPNN),21,302,3.5211
ML ล้วน: MLP (BPNN),21,303,4.7822
ML ล้วน: MLP (BPNN),21,304,3.7494
ML ล้วน: MLP (BPNN),21,305,3.3000
ML ล้วน: MLP (BPNN),21,306,3.0405
ML ล้วน: MLP (BPNN),21,307,3.6051
ML ล้วน: MLP (BPNN),21,308,5.4777
ML ล้วน: MLP (BPNN),21,309,3.7433
ML ล้วน: MLP (BPNN),21,310,3.8090
ML ล้วน: MLP (BPNN),21,311,3.4147
ML ล้วน: MLP (BPNN),21,312,4.6143
ML ล้วน: MLP (BPNN),21,313,4.0655
ML ล้วน: MLP (BPNN),21,314,3.8012
ML ล้วน: MLP (BPNN),21,315,4.2559
ML ล้วน: MLP (BPNN),21,316,4.8242
ML ล้วน: MLP (BPNN),21,317,2.9872
ML ล้วน: MLP (BPNN),21,318,4.4440
ML ล้วน: MLP (BPNN),21,319,4.3408
ML ล้วน: MLP (BPNN),21,320,4.6707
ML ล้วน: MLP (BPNN),21,321,3.1925
ML ล้วน: MLP (BPNN),21,322,3.9419
ML ล้วน: MLP (BPNN),21,323,6.4685
ML ล้วน: MLP (BPNN),21,324,5.9413
ML ล้วน: MLP (BPNN),21,337,1.2718
ML ล้วน: MLP (BPNN),21,362,2.2083
ML ล้วน: MLP (BPNN),21,387,2.2655
ML ล้วน: MLP (BPNN),21,412,1.9492
ML ล้วน: MLP (BPNN),21,437,1.0570
ML ล้วน: MLP (BPNN),21,462,2.3040
ML ล้วน: MLP (BPNN),21,487,2.9497
ML ล้วน: MLP (BPNN),21,512,5.0090
ML ล้วน: MLP (BPNN),21,537,3.6993
ML ล้วน: MLP (BPNN),21,562,1.8693
ML ล้วน: MLP (BPNN),21,587,4.0866
ML ล้วน: MLP (BPNN),21,612,1.7311
ML ล้วน: MLP (BPNN),22,13,1.9977
ML ล้วน: MLP (BPNN),22,38,0.6679
ML ล้วน: MLP (BPNN),22,63,0.7603
ML ล้วน: MLP (BPNN),22,88,4.1294
ML ล้วน: MLP (BPNN),22,113,3.5956
ML ล้วน: MLP (BPNN),22,138,5.5599
ML ล้วน: MLP (BPNN),22,163,2.1909
ML ล้วน: MLP (BPNN),22,188,3.9555
ML ล้วน: MLP (BPNN),22,213,4.0891
ML ล้วน: MLP (BPNN),22,238,1.1730
ML ล้วน: MLP (BPNN),22,263,1.2815
ML ล้วน: MLP (BPNN),22,288,2.4470
ML ล้วน: MLP (BPNN),22,313,0.3797
ML ล้วน: MLP (BPNN),22,325,1.9681
ML ล้วน: MLP (BPNN),22,326,1.4484
ML ล้วน: MLP (BPNN),22,327,2.4526
ML ล้วน: MLP (BPNN),22,328,4.8054
ML ล้วน: MLP (BPNN),22,329,4.7284
ML ล้วน: MLP (BPNN),22,330,1.5192
ML ล้วน: MLP (BPNN),22,331,1.3603
ML ล้วน: MLP (BPNN),22,332,3.1902
ML ล้วน: MLP (BPNN),22,333,2.3059
ML ล้วน: MLP (BPNN),22,334,1.0635
ML ล้วน: MLP (BPNN),22,335,1.9626
ML ล้วน: MLP (BPNN),22,336,5.3242
ML ล้วน: MLP (BPNN),22,337,2.0462
ML ล้วน: MLP (BPNN),22,338,0.4160
ML ล้วน: MLP (BPNN),22,339,1.9209
ML ล้วน: MLP (BPNN),22,340,2.8617
ML ล้วน: MLP (BPNN),22,341,2.8354
ML ล้วน: MLP (BPNN),22,342,2.0660
ML ล้วน: MLP (BPNN),22,343,1.6175
ML ล้วน: MLP (BPNN),22,344,2.5217
ML ล้วน: MLP (BPNN),22,345,8.4582
ML ล้วน: MLP (BPNN),22,346,1.6009
ML ล้วน: MLP (BPNN),22,347,2.1963
ML ล้วน: MLP (BPNN),22,348,3.6552
ML ล้วน: MLP (BPNN),22,349,3.1012
ML ล้วน: MLP (BPNN),22,363,1.9635
ML ล้วน: MLP (BPNN),22,388,2.5109
ML ล้วน: MLP (BPNN),22,413,1.8120
ML ล้วน: MLP (BPNN),22,438,4.9102
ML ล้วน: MLP (BPNN),22,463,6.4570
ML ล้วน: MLP (BPNN),22,488,3.4639
ML ล้วน: MLP (BPNN),22,513,6.5334
ML ล้วน: MLP (BPNN),22,538,0.5062
ML ล้วน: MLP (BPNN),22,563,0.7737
ML ล้วน: MLP (BPNN),22,588,4.1853
ML ล้วน: MLP (BPNN),22,613,1.6249
ML ล้วน: MLP (BPNN),23,14,2.8740
ML ล้วน: MLP (BPNN),23,39,2.9882
ML ล้วน: MLP (BPNN),23,64,1.3818
ML ล้วน: MLP (BPNN),23,89,1.2529
ML ล้วน: MLP (BPNN),23,114,1.3533
ML ล้วน: MLP (BPNN),23,139,1.9914
ML ล้วน: MLP (BPNN),23,164,0.9625
ML ล้วน: MLP (BPNN),23,189,1.8725
ML ล้วน: MLP (BPNN),23,214,1.5497
ML ล้วน: MLP (BPNN),23,239,1.1678
ML ล้วน: MLP (BPNN),23,264,1.4659
ML ล้วน: MLP (BPNN),23,289,1.6130
ML ล้วน: MLP (BPNN),23,314,2.2334
ML ล้วน: MLP (BPNN),23,339,1.3330
ML ล้วน: MLP (BPNN),23,350,5.6603
ML ล้วน: MLP (BPNN),23,351,4.2844
ML ล้วน: MLP (BPNN),23,352,3.2964
ML ล้วน: MLP (BPNN),23,353,1.7767
ML ล้วน: MLP (BPNN),23,354,2.1831
ML ล้วน: MLP (BPNN),23,355,2.4889
ML ล้วน: MLP (BPNN),23,356,3.0582
ML ล้วน: MLP (BPNN),23,357,2.4758
ML ล้วน: MLP (BPNN),23,358,4.9098
ML ล้วน: MLP (BPNN),23,359,3.2561
ML ล้วน: MLP (BPNN),23,360,2.0584
ML ล้วน: MLP (BPNN),23,361,2.4380
ML ล้วน: MLP (BPNN),23,362,2.0296
ML ล้วน: MLP (BPNN),23,363,1.8820
ML ล้วน: MLP (BPNN),23,364,3.3001
ML ล้วน: MLP (BPNN),23,365,2.4216
ML ล้วน: MLP (BPNN),23,366,3.2089
ML ล้วน: MLP (BPNN),23,367,2.1885
ML ล้วน: MLP (BPNN),23,368,2.3587
ML ล้วน: MLP (BPNN),23,369,2.9770
ML ล้วน: MLP (BPNN),23,370,1.6304
ML ล้วน: MLP (BPNN),23,371,2.0465
ML ล้วน: MLP (BPNN),23,372,1.9389
ML ล้วน: MLP (BPNN),23,373,4.7699
ML ล้วน: MLP (BPNN),23,374,2.6621
ML ล้วน: MLP (BPNN),23,389,1.7487
ML ล้วน: MLP (BPNN),23,414,1.2666
ML ล้วน: MLP (BPNN),23,439,1.5764
ML ล้วน: MLP (BPNN),23,464,1.5523
ML ล้วน: MLP (BPNN),23,489,1.2782
ML ล้วน: MLP (BPNN),23,514,5.4153
ML ล้วน: MLP (BPNN),23,539,5.8192
ML ล้วน: MLP (BPNN),23,564,7.2700
ML ล้วน: MLP (BPNN),23,589,3.2042
ML ล้วน: MLP (BPNN),23,614,4.7609
ML ล้วน: MLP (BPNN),24,15,2.0319
ML ล้วน: MLP (BPNN),24,40,2.6408
ML ล้วน: MLP (BPNN),24,65,1.5405
ML ล้วน: MLP (BPNN),24,90,1.6157
ML ล้วน: MLP (BPNN),24,115,0.3673
ML ล้วน: MLP (BPNN),24,140,1.1217
ML ล้วน: MLP (BPNN),24,165,0.7117
ML ล้วน: MLP (BPNN),24,190,1.8429
ML ล้วน: MLP (BPNN),24,215,0.7038
ML ล้วน: MLP (BPNN),24,240,0.7562
ML ล้วน: MLP (BPNN),24,265,2.1792
ML ล้วน: MLP (BPNN),24,290,1.7162
ML ล้วน: MLP (BPNN),24,315,1.8411
ML ล้วน: MLP (BPNN),24,340,1.3222
ML ล้วน: MLP (BPNN),24,365,2.1402
ML ล้วน: MLP (BPNN),24,375,3.4578
ML ล้วน: MLP (BPNN),24,376,2.2343
ML ล้วน: MLP (BPNN),24,377,2.4668
ML ล้วน: MLP (BPNN),24,378,1.9486
ML ล้วน: MLP (BPNN),24,379,1.5190
ML ล้วน: MLP (BPNN),24,380,1.7795
ML ล้วน: MLP (BPNN),24,381,1.8076
ML ล้วน: MLP (BPNN),24,382,3.2884
ML ล้วน: MLP (BPNN),24,383,1.4106
ML ล้วน: MLP (BPNN),24,384,1.1423
ML ล้วน: MLP (BPNN),24,385,2.2435
ML ล้วน: MLP (BPNN),24,386,0.9869
ML ล้วน: MLP (BPNN),24,387,0.7384
ML ล้วน: MLP (BPNN),24,388,1.8735
ML ล้วน: MLP (BPNN),24,389,1.6732
ML ล้วน: MLP (BPNN),24,390,2.6683
ML ล้วน: MLP (BPNN),24,391,2.1559
ML ล้วน: MLP (BPNN),24,392,2.0258
ML ล้วน: MLP (BPNN),24,393,0.6805
ML ล้วน: MLP (BPNN),24,394,1.5496
ML ล้วน: MLP (BPNN),24,395,3.5112
ML ล้วน: MLP (BPNN),24,396,0.7428
ML ล้วน: MLP (BPNN),24,397,1.2293
ML ล้วน: MLP (BPNN),24,398,1.5075
ML ล้วน: MLP (BPNN),24,399,4.7648
ML ล้วน: MLP (BPNN),24,415,1.6818
ML ล้วน: MLP (BPNN),24,440,1.8046
ML ล้วน: MLP (BPNN),24,465,2.1529
ML ล้วน: MLP (BPNN),24,490,2.6296
ML ล้วน: MLP (BPNN),24,515,2.9465
ML ล้วน: MLP (BPNN),24,540,0.2737
ML ล้วน: MLP (BPNN),24,565,0.5912
ML ล้วน: MLP (BPNN),24,590,1.6634
ML ล้วน: MLP (BPNN),24,615,0.7749
ML ล้วน: MLP (BPNN),25,16,5.2167
ML ล้วน: MLP (BPNN),25,41,2.5181
ML ล้วน: MLP (BPNN),25,66,3.8268
ML ล้วน: MLP (BPNN),25,91,2.5888
ML ล้วน: MLP (BPNN),25,116,2.5568
ML ล้วน: MLP (BPNN),25,141,1.9804
ML ล้วน: MLP (BPNN),25,166,2.7907
ML ล้วน: MLP (BPNN),25,191,2.1250
ML ล้วน: MLP (BPNN),25,216,4.0887
ML ล้วน: MLP (BPNN),25,241,2.7209
ML ล้วน: MLP (BPNN),25,266,2.5458
ML ล้วน: MLP (BPNN),25,291,2.1798
ML ล้วน: MLP (BPNN),25,316,3.3250
ML ล้วน: MLP (BPNN),25,341,1.8718
ML ล้วน: MLP (BPNN),25,366,3.7874
ML ล้วน: MLP (BPNN),25,391,3.7983
ML ล้วน: MLP (BPNN),25,400,4.4099
ML ล้วน: MLP (BPNN),25,401,3.5255
ML ล้วน: MLP (BPNN),25,402,4.5343
ML ล้วน: MLP (BPNN),25,403,2.2750
ML ล้วน: MLP (BPNN),25,404,2.4324
ML ล้วน: MLP (BPNN),25,405,4.0746
ML ล้วน: MLP (BPNN),25,406,2.4908
ML ล้วน: MLP (BPNN),25,407,3.9694
ML ล้วน: MLP (BPNN),25,408,3.0849
ML ล้วน: MLP (BPNN),25,409,3.4106
ML ล้วน: MLP (BPNN),25,410,2.2205
ML ล้วน: MLP (BPNN),25,411,1.5132
ML ล้วน: MLP (BPNN),25,412,2.4760
ML ล้วน: MLP (BPNN),25,413,2.7167
ML ล้วน: MLP (BPNN),25,414,2.0504
ML ล้วน: MLP (BPNN),25,415,2.1557
ML ล้วน: MLP (BPNN),25,416,5.4165
ML ล้วน: MLP (BPNN),25,417,2.8671
ML ล้วน: MLP (BPNN),25,418,2.1773
ML ล้วน: MLP (BPNN),25,419,4.4438
ML ล้วน: MLP (BPNN),25,420,5.0996
ML ล้วน: MLP (BPNN),25,421,4.0927
ML ล้วน: MLP (BPNN),25,422,4.5542
ML ล้วน: MLP (BPNN),25,423,1.4637
ML ล้วน: MLP (BPNN),25,424,2.8288
ML ล้วน: MLP (BPNN),25,441,5.0505
ML ล้วน: MLP (BPNN),25,466,2.7909
ML ล้วน: MLP (BPNN),25,491,3.6368
ML ล้วน: MLP (BPNN),25,516,4.5060
ML ล้วน: MLP (BPNN),25,541,6.4224
ML ล้วน: MLP (BPNN),25,566,7.8938
ML ล้วน: MLP (BPNN),25,591,5.7324
ML ล้วน: MLP (BPNN),25,616,4.4060
ML ล้วน: MLP (BPNN),27,17,2.8921
ML ล้วน: MLP (BPNN),27,42,1.1708
ML ล้วน: MLP (BPNN),27,67,1.0938
ML ล้วน: MLP (BPNN),27,92,2.4898
ML ล้วน: MLP (BPNN),27,117,3.1447
ML ล้วน: MLP (BPNN),27,142,3.5387
ML ล้วน: MLP (BPNN),27,167,2.5862
ML ล้วน: MLP (BPNN),27,192,3.2488
ML ล้วน: MLP (BPNN),27,217,2.7258
ML ล้วน: MLP (BPNN),27,242,1.3115
ML ล้วน: MLP (BPNN),27,267,3.6433
ML ล้วน: MLP (BPNN),27,292,2.5120
ML ล้วน: MLP (BPNN),27,317,3.5619
ML ล้วน: MLP (BPNN),27,342,2.7763
ML ล้วน: MLP (BPNN),27,367,3.7761
ML ล้วน: MLP (BPNN),27,392,3.7692
ML ล้วน: MLP (BPNN),27,417,4.0650
ML ล้วน: MLP (BPNN),27,425,5.4894
ML ล้วน: MLP (BPNN),27,426,6.3595
ML ล้วน: MLP (BPNN),27,427,6.9339
ML ล้วน: MLP (BPNN),27,428,4.3486
ML ล้วน: MLP (BPNN),27,429,3.6669
ML ล้วน: MLP (BPNN),27,430,3.1491
ML ล้วน: MLP (BPNN),27,431,3.8895
ML ล้วน: MLP (BPNN),27,432,2.7647
ML ล้วน: MLP (BPNN),27,433,5.4700
ML ล้วน: MLP (BPNN),27,434,4.2521
ML ล้วน: MLP (BPNN),27,435,4.1114
ML ล้วน: MLP (BPNN),27,436,4.2776
ML ล้วน: MLP (BPNN),27,437,4.1066
ML ล้วน: MLP (BPNN),27,438,4.6765
ML ล้วน: MLP (BPNN),27,439,3.8603
ML ล้วน: MLP (BPNN),27,440,4.3926
ML ล้วน: MLP (BPNN),27,441,5.1568
ML ล้วน: MLP (BPNN),27,442,6.7196
ML ล้วน: MLP (BPNN),27,443,2.6902
ML ล้วน: MLP (BPNN),27,444,2.7206
ML ล้วน: MLP (BPNN),27,445,5.1434
ML ล้วน: MLP (BPNN),27,446,4.6899
ML ล้วน: MLP (BPNN),27,447,3.5561
ML ล้วน: MLP (BPNN),27,448,5.2424
ML ล้วน: MLP (BPNN),27,449,8.7204
ML ล้วน: MLP (BPNN),27,467,3.2678
ML ล้วน: MLP (BPNN),27,492,2.3501
ML ล้วน: MLP (BPNN),27,517,3.9860
ML ล้วน: MLP (BPNN),27,542,2.5253
ML ล้วน: MLP (BPNN),27,567,3.6092
ML ล้วน: MLP (BPNN),27,592,2.8773
ML ล้วน: MLP (BPNN),27,617,2.1121
ML ล้วน: MLP (BPNN),30,18,5.9855
ML ล้วน: MLP (BPNN),30,43,4.6740
ML ล้วน: MLP (BPNN),30,68,4.0150
ML ล้วน: MLP (BPNN),30,93,3.8462
ML ล้วน: MLP (BPNN),30,118,1.9769
ML ล้วน: MLP (BPNN),30,143,2.2167
ML ล้วน: MLP (BPNN),30,168,4.3239
ML ล้วน: MLP (BPNN),30,193,2.6399
ML ล้วน: MLP (BPNN),30,218,4.5707
ML ล้วน: MLP (BPNN),30,243,3.5400
ML ล้วน: MLP (BPNN),30,268,3.9463
ML ล้วน: MLP (BPNN),30,293,4.1887
ML ล้วน: MLP (BPNN),30,318,4.2355
ML ล้วน: MLP (BPNN),30,343,5.6797
ML ล้วน: MLP (BPNN),30,368,3.9138
ML ล้วน: MLP (BPNN),30,393,3.2932
ML ล้วน: MLP (BPNN),30,418,4.7015
ML ล้วน: MLP (BPNN),30,443,2.6584
ML ล้วน: MLP (BPNN),30,450,1.9946
ML ล้วน: MLP (BPNN),30,451,3.7583
ML ล้วน: MLP (BPNN),30,452,3.3754
ML ล้วน: MLP (BPNN),30,453,2.2332
ML ล้วน: MLP (BPNN),30,454,1.9526
ML ล้วน: MLP (BPNN),30,455,1.7403
ML ล้วน: MLP (BPNN),30,456,5.8448
ML ล้วน: MLP (BPNN),30,457,3.6818
ML ล้วน: MLP (BPNN),30,458,3.4653
ML ล้วน: MLP (BPNN),30,459,3.4830
ML ล้วน: MLP (BPNN),30,460,1.6278
ML ล้วน: MLP (BPNN),30,461,2.8766
ML ล้วน: MLP (BPNN),30,462,1.7506
ML ล้วน: MLP (BPNN),30,463,8.2695
ML ล้วน: MLP (BPNN),30,464,2.3937
ML ล้วน: MLP (BPNN),30,465,3.4791
ML ล้วน: MLP (BPNN),30,466,3.1940
ML ล้วน: MLP (BPNN),30,467,2.4489
ML ล้วน: MLP (BPNN),30,468,4.4738
ML ล้วน: MLP (BPNN),30,469,4.7205
ML ล้วน: MLP (BPNN),30,470,2.4933
ML ล้วน: MLP (BPNN),30,471,4.6519
ML ล้วน: MLP (BPNN),30,472,1.6237
ML ล้วน: MLP (BPNN),30,473,3.8639
ML ล้วน: MLP (BPNN),30,474,2.3763
ML ล้วน: MLP (BPNN),30,493,4.8498
ML ล้วน: MLP (BPNN),30,518,2.3003
ML ล้วน: MLP (BPNN),30,543,4.6661
ML ล้วน: MLP (BPNN),30,568,4.7374
ML ล้วน: MLP (BPNN),30,593,5.6257
ML ล้วน: MLP (BPNN),30,618,5.1999
ML ล้วน: MLP (BPNN),37,19,3.2472
ML ล้วน: MLP (BPNN),37,44,1.2029
ML ล้วน: MLP (BPNN),37,69,0.9423
ML ล้วน: MLP (BPNN),37,94,0.9554
ML ล้วน: MLP (BPNN),37,119,1.0129
ML ล้วน: MLP (BPNN),37,144,2.6125
ML ล้วน: MLP (BPNN),37,169,1.8293
ML ล้วน: MLP (BPNN),37,194,2.4836
ML ล้วน: MLP (BPNN),37,219,4.1229
ML ล้วน: MLP (BPNN),37,244,1.0615
ML ล้วน: MLP (BPNN),37,269,4.3262
ML ล้วน: MLP (BPNN),37,294,1.9753
ML ล้วน: MLP (BPNN),37,319,1.7481
ML ล้วน: MLP (BPNN),37,344,2.6309
ML ล้วน: MLP (BPNN),37,369,3.1361
ML ล้วน: MLP (BPNN),37,394,1.8491
ML ล้วน: MLP (BPNN),37,419,1.7454
ML ล้วน: MLP (BPNN),37,444,3.3477
ML ล้วน: MLP (BPNN),37,469,3.1870
ML ล้วน: MLP (BPNN),37,475,2.4450
ML ล้วน: MLP (BPNN),37,476,3.7804
ML ล้วน: MLP (BPNN),37,477,5.2994
ML ล้วน: MLP (BPNN),37,478,3.6782
ML ล้วน: MLP (BPNN),37,479,2.5983
ML ล้วน: MLP (BPNN),37,480,2.3396
ML ล้วน: MLP (BPNN),37,481,1.8043
ML ล้วน: MLP (BPNN),37,482,2.1864
ML ล้วน: MLP (BPNN),37,483,4.5506
ML ล้วน: MLP (BPNN),37,484,2.3922
ML ล้วน: MLP (BPNN),37,485,3.9386
ML ล้วน: MLP (BPNN),37,486,3.1962
ML ล้วน: MLP (BPNN),37,487,2.1523
ML ล้วน: MLP (BPNN),37,488,4.7536
ML ล้วน: MLP (BPNN),37,489,3.7283
ML ล้วน: MLP (BPNN),37,490,4.1722
ML ล้วน: MLP (BPNN),37,491,4.6315
ML ล้วน: MLP (BPNN),37,492,4.5570
ML ล้วน: MLP (BPNN),37,493,2.5579
ML ล้วน: MLP (BPNN),37,494,3.3153
ML ล้วน: MLP (BPNN),37,495,3.3480
ML ล้วน: MLP (BPNN),37,496,4.2840
ML ล้วน: MLP (BPNN),37,497,2.7874
ML ล้วน: MLP (BPNN),37,498,4.0331
ML ล้วน: MLP (BPNN),37,499,7.7472
ML ล้วน: MLP (BPNN),37,519,2.5594
ML ล้วน: MLP (BPNN),37,544,2.9452
ML ล้วน: MLP (BPNN),37,569,2.2364
ML ล้วน: MLP (BPNN),37,594,3.7909
ML ล้วน: MLP (BPNN),37,619,1.9322
ML ล้วน: MLP (BPNN),38,20,9.1876
ML ล้วน: MLP (BPNN),38,45,8.4381
ML ล้วน: MLP (BPNN),38,70,8.5054
ML ล้วน: MLP (BPNN),38,95,7.0937
ML ล้วน: MLP (BPNN),38,120,5.4351
ML ล้วน: MLP (BPNN),38,145,5.5279
ML ล้วน: MLP (BPNN),38,170,5.6170
ML ล้วน: MLP (BPNN),38,195,5.6579
ML ล้วน: MLP (BPNN),38,220,6.1665
ML ล้วน: MLP (BPNN),38,245,6.0202
ML ล้วน: MLP (BPNN),38,270,10.1337
ML ล้วน: MLP (BPNN),38,295,8.0050
ML ล้วน: MLP (BPNN),38,320,8.2341
ML ล้วน: MLP (BPNN),38,345,11.4474
ML ล้วน: MLP (BPNN),38,370,5.6943
ML ล้วน: MLP (BPNN),38,395,9.1091
ML ล้วน: MLP (BPNN),38,420,10.5578
ML ล้วน: MLP (BPNN),38,445,8.2960
ML ล้วน: MLP (BPNN),38,470,7.5346
ML ล้วน: MLP (BPNN),38,495,7.2420
ML ล้วน: MLP (BPNN),38,500,8.5322
ML ล้วน: MLP (BPNN),38,501,8.7117
ML ล้วน: MLP (BPNN),38,502,9.9667
ML ล้วน: MLP (BPNN),38,503,4.7874
ML ล้วน: MLP (BPNN),38,504,5.4646
ML ล้วน: MLP (BPNN),38,505,5.4038
ML ล้วน: MLP (BPNN),38,506,6.3321
ML ล้วน: MLP (BPNN),38,507,5.3319
ML ล้วน: MLP (BPNN),38,508,10.8819
ML ล้วน: MLP (BPNN),38,509,8.5828
ML ล้วน: MLP (BPNN),38,510,11.7845
ML ล้วน: MLP (BPNN),38,511,7.7865
ML ล้วน: MLP (BPNN),38,512,7.8104
ML ล้วน: MLP (BPNN),38,513,12.0123
ML ล้วน: MLP (BPNN),38,514,9.6235
ML ล้วน: MLP (BPNN),38,515,9.4738
ML ล้วน: MLP (BPNN),38,516,8.2798
ML ล้วน: MLP (BPNN),38,517,7.6779
ML ล้วน: MLP (BPNN),38,518,7.1555
ML ล้วน: MLP (BPNN),38,519,7.3776
ML ล้วน: MLP (BPNN),38,520,14.7610
ML ล้วน: MLP (BPNN),38,521,10.7602
ML ล้วน: MLP (BPNN),38,522,12.2598
ML ล้วน: MLP (BPNN),38,523,5.9393
ML ล้วน: MLP (BPNN),38,524,6.4224
ML ล้วน: MLP (BPNN),38,545,10.4435
ML ล้วน: MLP (BPNN),38,570,8.9747
ML ล้วน: MLP (BPNN),38,595,6.4890
ML ล้วน: MLP (BPNN),38,620,7.2155
ML ล้วน: MLP (BPNN),40,21,0.8989
ML ล้วน: MLP (BPNN),40,46,0.6802
ML ล้วน: MLP (BPNN),40,71,0.8458
ML ล้วน: MLP (BPNN),40,96,0.8473
ML ล้วน: MLP (BPNN),40,121,1.3965
ML ล้วน: MLP (BPNN),40,146,2.7297
ML ล้วน: MLP (BPNN),40,171,0.8347
ML ล้วน: MLP (BPNN),40,196,0.4222
ML ล้วน: MLP (BPNN),40,221,0.9357
ML ล้วน: MLP (BPNN),40,246,0.9289
ML ล้วน: MLP (BPNN),40,271,1.1734
ML ล้วน: MLP (BPNN),40,296,0.7139
ML ล้วน: MLP (BPNN),40,321,1.4275
ML ล้วน: MLP (BPNN),40,346,1.0655
ML ล้วน: MLP (BPNN),40,371,1.7559
ML ล้วน: MLP (BPNN),40,396,0.7951
ML ล้วน: MLP (BPNN),40,421,2.1977
ML ล้วน: MLP (BPNN),40,446,4.3228
ML ล้วน: MLP (BPNN),40,471,2.9734
ML ล้วน: MLP (BPNN),40,496,1.6084
ML ล้วน: MLP (BPNN),40,521,5.8464
ML ล้วน: MLP (BPNN),40,525,1.6955
ML ล้วน: MLP (BPNN),40,526,1.2807
ML ล้วน: MLP (BPNN),40,527,6.6137
ML ล้วน: MLP (BPNN),40,528,0.7759
ML ล้วน: MLP (BPNN),40,529,1.2162
ML ล้วน: MLP (BPNN),40,530,2.8542
ML ล้วน: MLP (BPNN),40,531,1.3479
ML ล้วน: MLP (BPNN),40,532,4.8224
ML ล้วน: MLP (BPNN),40,533,6.9005
ML ล้วน: MLP (BPNN),40,534,1.1070
ML ล้วน: MLP (BPNN),40,535,1.7495
ML ล้วน: MLP (BPNN),40,536,1.8844
ML ล้วน: MLP (BPNN),40,537,3.5058
ML ล้วน: MLP (BPNN),40,538,1.4440
ML ล้วน: MLP (BPNN),40,539,5.4337
ML ล้วน: MLP (BPNN),40,540,1.7484
ML ล้วน: MLP (BPNN),40,541,3.6101
ML ล้วน: MLP (BPNN),40,542,3.2583
ML ล้วน: MLP (BPNN),40,543,1.0628
ML ล้วน: MLP (BPNN),40,544,2.6642
ML ล้วน: MLP (BPNN),40,545,6.3158
ML ล้วน: MLP (BPNN),40,546,1.0003
ML ล้วน: MLP (BPNN),40,547,4.1057
ML ล้วน: MLP (BPNN),40,548,3.9124
ML ล้วน: MLP (BPNN),40,549,2.2747
ML ล้วน: MLP (BPNN),40,571,0.2490
ML ล้วน: MLP (BPNN),40,596,1.3752
ML ล้วน: MLP (BPNN),40,621,1.0693
ML ล้วน: MLP (BPNN),41,22,1.3568
ML ล้วน: MLP (BPNN),41,47,0.5926
ML ล้วน: MLP (BPNN),41,72,1.8551
ML ล้วน: MLP (BPNN),41,97,1.9006
ML ล้วน: MLP (BPNN),41,122,0.9058
ML ล้วน: MLP (BPNN),41,147,2.9881
ML ล้วน: MLP (BPNN),41,172,2.6800
ML ล้วน: MLP (BPNN),41,197,3.4922
ML ล้วน: MLP (BPNN),41,222,1.3936
ML ล้วน: MLP (BPNN),41,247,1.1761
ML ล้วน: MLP (BPNN),41,272,2.2761
ML ล้วน: MLP (BPNN),41,297,1.8452
ML ล้วน: MLP (BPNN),41,322,3.3306
ML ล้วน: MLP (BPNN),41,347,2.1006
ML ล้วน: MLP (BPNN),41,372,3.0220
ML ล้วน: MLP (BPNN),41,397,1.9332
ML ล้วน: MLP (BPNN),41,422,3.5734
ML ล้วน: MLP (BPNN),41,447,2.7215
ML ล้วน: MLP (BPNN),41,472,1.1797
ML ล้วน: MLP (BPNN),41,497,2.1086
ML ล้วน: MLP (BPNN),41,522,7.8548
ML ล้วน: MLP (BPNN),41,547,2.9463
ML ล้วน: MLP (BPNN),41,550,2.8678
ML ล้วน: MLP (BPNN),41,551,1.2884
ML ล้วน: MLP (BPNN),41,552,7.4022
ML ล้วน: MLP (BPNN),41,553,2.7939
ML ล้วน: MLP (BPNN),41,554,2.2101
ML ล้วน: MLP (BPNN),41,555,2.5183
ML ล้วน: MLP (BPNN),41,556,2.2140
ML ล้วน: MLP (BPNN),41,557,6.9086
ML ล้วน: MLP (BPNN),41,558,6.3002
ML ล้วน: MLP (BPNN),41,559,1.0883
ML ล้วน: MLP (BPNN),41,560,0.3199
ML ล้วน: MLP (BPNN),41,561,2.5457
ML ล้วน: MLP (BPNN),41,562,2.5963
ML ล้วน: MLP (BPNN),41,563,0.7403
ML ล้วน: MLP (BPNN),41,564,5.0775
ML ล้วน: MLP (BPNN),41,565,1.2660
ML ล้วน: MLP (BPNN),41,566,7.0844
ML ล้วน: MLP (BPNN),41,567,2.3761
ML ล้วน: MLP (BPNN),41,568,2.7955
ML ล้วน: MLP (BPNN),41,569,1.2617
ML ล้วน: MLP (BPNN),41,570,5.3015
ML ล้วน: MLP (BPNN),41,571,1.8568
ML ล้วน: MLP (BPNN),41,572,2.6554
ML ล้วน: MLP (BPNN),41,573,2.0586
ML ล้วน: MLP (BPNN),41,574,1.8122
ML ล้วน: MLP (BPNN),41,597,2.7331
ML ล้วน: MLP (BPNN),41,622,1.9274
ML ล้วน: MLP (BPNN),43,23,2.2681
ML ล้วน: MLP (BPNN),43,48,0.1822
ML ล้วน: MLP (BPNN),43,73,1.1482
ML ล้วน: MLP (BPNN),43,98,2.1723
ML ล้วน: MLP (BPNN),43,123,2.5628
ML ล้วน: MLP (BPNN),43,148,7.9232
ML ล้วน: MLP (BPNN),43,173,7.8918
ML ล้วน: MLP (BPNN),43,198,8.1201
ML ล้วน: MLP (BPNN),43,223,6.6639
ML ล้วน: MLP (BPNN),43,248,7.6764
ML ล้วน: MLP (BPNN),43,273,3.4991
ML ล้วน: MLP (BPNN),43,298,1.6067
ML ล้วน: MLP (BPNN),43,323,2.1220
ML ล้วน: MLP (BPNN),43,348,5.2640
ML ล้วน: MLP (BPNN),43,373,3.8583
ML ล้วน: MLP (BPNN),43,398,5.7452
ML ล้วน: MLP (BPNN),43,423,0.9429
ML ล้วน: MLP (BPNN),43,448,7.2427
ML ล้วน: MLP (BPNN),43,473,4.0830
ML ล้วน: MLP (BPNN),43,498,4.7785
ML ล้วน: MLP (BPNN),43,523,2.9972
ML ล้วน: MLP (BPNN),43,548,3.6282
ML ล้วน: MLP (BPNN),43,573,1.3832
ML ล้วน: MLP (BPNN),43,575,4.0304
ML ล้วน: MLP (BPNN),43,576,2.4704
ML ล้วน: MLP (BPNN),43,577,8.4190
ML ล้วน: MLP (BPNN),43,578,3.4788
ML ล้วน: MLP (BPNN),43,579,2.3061
ML ล้วน: MLP (BPNN),43,580,4.0746
ML ล้วน: MLP (BPNN),43,581,3.0256
ML ล้วน: MLP (BPNN),43,582,6.6522
ML ล้วน: MLP (BPNN),43,583,7.7435
ML ล้วน: MLP (BPNN),43,584,1.3748
ML ล้วน: MLP (BPNN),43,585,2.3843
ML ล้วน: MLP (BPNN),43,586,1.9886
ML ล้วน: MLP (BPNN),43,587,3.3043
ML ล้วน: MLP (BPNN),43,588,4.3673
ML ล้วน: MLP (BPNN),43,589,4.3415
ML ล้วน: MLP (BPNN),43,590,2.3376
ML ล้วน: MLP (BPNN),43,591,5.5441
ML ล้วน: MLP (BPNN),43,592,5.0378
ML ล้วน: MLP (BPNN),43,593,2.6851
ML ล้วน: MLP (BPNN),43,594,3.4281
ML ล้วน: MLP (BPNN),43,595,1.3101
ML ล้วน: MLP (BPNN),43,596,0.4977
ML ล้วน: MLP (BPNN),43,597,1.0927
ML ล้วน: MLP (BPNN),43,598,4.1199
ML ล้วน: MLP (BPNN),43,599,3.2222
ML ล้วน: MLP (BPNN),43,623,2.1341
ML ล้วน: MLP (BPNN),50,24,1.1547
ML ล้วน: MLP (BPNN),50,49,0.6431
ML ล้วน: MLP (BPNN),50,74,1.0485
ML ล้วน: MLP (BPNN),50,99,0.7305
ML ล้วน: MLP (BPNN),50,124,2.0040
ML ล้วน: MLP (BPNN),50,149,8.6724
ML ล้วน: MLP (BPNN),50,174,11.8197
ML ล้วน: MLP (BPNN),50,199,9.0074
ML ล้วน: MLP (BPNN),50,224,7.9578
ML ล้วน: MLP (BPNN),50,249,10.8639
ML ล้วน: MLP (BPNN),50,274,3.8155
ML ล้วน: MLP (BPNN),50,299,2.9340
ML ล้วน: MLP (BPNN),50,324,5.1738
ML ล้วน: MLP (BPNN),50,349,5.4922
ML ล้วน: MLP (BPNN),50,374,5.0541
ML ล้วน: MLP (BPNN),50,399,2.4955
ML ล้วน: MLP (BPNN),50,424,2.1840
ML ล้วน: MLP (BPNN),50,449,4.0418
ML ล้วน: MLP (BPNN),50,474,2.2525
ML ล้วน: MLP (BPNN),50,499,2.8551
ML ล้วน: MLP (BPNN),50,524,3.8067
ML ล้วน: MLP (BPNN),50,549,3.1705
ML ล้วน: MLP (BPNN),50,574,3.7267
ML ล้วน: MLP (BPNN),50,599,3.0301
ML ล้วน: MLP (BPNN),50,600,2.4753
ML ล้วน: MLP (BPNN),50,601,1.5880
ML ล้วน: MLP (BPNN),50,602,9.3383
ML ล้วน: MLP (BPNN),50,603,1.4776
ML ล้วน: MLP (BPNN),50,604,2.8192
ML ล้วน: MLP (BPNN),50,605,2.7052
ML ล้วน: MLP (BPNN),50,606,4.1965
ML ล้วน: MLP (BPNN),50,607,6.3479
ML ล้วน: MLP (BPNN),50,608,6.1784
ML ล้วน: MLP (BPNN),50,609,1.6121
ML ล้วน: MLP (BPNN),50,610,3.5889
ML ล้วน: MLP (BPNN),50,611,3.0784
ML ล้วน: MLP (BPNN),50,612,3.7714
ML ล้วน: MLP (BPNN),50,613,1.6998
ML ล้วน: MLP (BPNN),50,614,3.4874
ML ล้วน: MLP (BPNN),50,615,2.8453
ML ล้วน: MLP (BPNN),50,616,4.8933
ML ล้วน: MLP (BPNN),50,617,3.8363
ML ล้วน: MLP (BPNN),50,618,2.8870
ML ล้วน: MLP (BPNN),50,619,2.7885
ML ล้วน: MLP (BPNN),50,620,2.6595
ML ล้วน: MLP (BPNN),50,621,1.7160
ML ล้วน: MLP (BPNN),50,622,1.1116
ML ล้วน: MLP (BPNN),50,623,3.8602
ML ล้วน: MLP (BPNN),50,624,2.4614
Hybrid: S-N + GP,01,0,3.1391
Hybrid: S-N + GP,01,1,1.5428
Hybrid: S-N + GP,01,2,2.7459
Hybrid: S-N + GP,01,3,3.4454
Hybrid: S-N + GP,01,4,3.3366
Hybrid: S-N + GP,01,5,5.4613
Hybrid: S-N + GP,01,6,3.2994
Hybrid: S-N + GP,01,7,4.9632
Hybrid: S-N + GP,01,8,2.6377
Hybrid: S-N + GP,01,9,3.2205
Hybrid: S-N + GP,01,10,6.1613
Hybrid: S-N + GP,01,11,4.3968
Hybrid: S-N + GP,01,12,6.2537
Hybrid: S-N + GP,01,13,5.1807
Hybrid: S-N + GP,01,14,7.7373
Hybrid: S-N + GP,01,15,5.0299
Hybrid: S-N + GP,01,16,5.7798
Hybrid: S-N + GP,01,17,6.1525
Hybrid: S-N + GP,01,18,4.8732
Hybrid: S-N + GP,01,19,7.5649
Hybrid: S-N + GP,01,20,5.5296
Hybrid: S-N + GP,01,21,4.4625
Hybrid: S-N + GP,01,22,5.3210
Hybrid: S-N + GP,01,23,3.1311
Hybrid: S-N + GP,01,24,2.4117
Hybrid: S-N + GP,01,25,1.1198
Hybrid: S-N + GP,01,50,1.4310
Hybrid: S-N + GP,01,75,2.2446
Hybrid: S-N + GP,01,100,2.1307
Hybrid: S-N + GP,01,125,3.5567
Hybrid: S-N + GP,01,150,3.9326
Hybrid: S-N + GP,01,175,3.9570
Hybrid: S-N + GP,01,200,2.7765
Hybrid: S-N + GP,01,225,2.3669
Hybrid: S-N + GP,01,250,3.3056
Hybrid: S-N + GP,01,275,3.5532
Hybrid: S-N + GP,01,300,4.2630
Hybrid: S-N + GP,01,325,2.7099
Hybrid: S-N + GP,01,350,6.4894
Hybrid: S-N + GP,01,375,2.4262
Hybrid: S-N + GP,01,400,1.1770
Hybrid: S-N + GP,01,425,3.1367
Hybrid: S-N + GP,01,450,3.4019
Hybrid: S-N + GP,01,475,3.9781
Hybrid: S-N + GP,01,500,4.3845
Hybrid: S-N + GP,01,525,3.1798
Hybrid: S-N + GP,01,550,4.1007
Hybrid: S-N + GP,01,575,3.3200
Hybrid: S-N + GP,01,600,2.9006
Hybrid: S-N + GP,02,1,1.6084
Hybrid: S-N + GP,02,25,2.7633
Hybrid: S-N + GP,02,26,2.9128
Hybrid: S-N + GP,02,27,1.2876
Hybrid: S-N + GP,02,28,1.9165
Hybrid: S-N + GP,02,29,2.9109
Hybrid: S-N + GP,02,30,4.9794
Hybrid: S-N + GP,02,31,10.7674
Hybrid: S-N + GP,02,32,7.2325
Hybrid: S-N + GP,02,33,2.1080
Hybrid: S-N + GP,02,34,3.2714
Hybrid: S-N + GP,02,35,6.6370
Hybrid: S-N + GP,02,36,2.7001
Hybrid: S-N + GP,02,37,3.7015
Hybrid: S-N + GP,02,38,5.1501
Hybrid: S-N + GP,02,39,6.9574
Hybrid: S-N + GP,02,40,5.1475
Hybrid: S-N + GP,02,41,3.9518
Hybrid: S-N + GP,02,42,4.8761
Hybrid: S-N + GP,02,43,2.7691
Hybrid: S-N + GP,02,44,5.6071
Hybrid: S-N + GP,02,45,6.0918
Hybrid: S-N + GP,02,46,3.6158
Hybrid: S-N + GP,02,47,3.7684
Hybrid: S-N + GP,02,48,2.6823
Hybrid: S-N + GP,02,49,1.3213
Hybrid: S-N + GP,02,51,1.5039
Hybrid: S-N + GP,02,76,1.1894
Hybrid: S-N + GP,02,101,1.9677
Hybrid: S-N + GP,02,126,3.1413
Hybrid: S-N + GP,02,151,4.9175
Hybrid: S-N + GP,02,176,3.0032
Hybrid: S-N + GP,02,201,0.9143
Hybrid: S-N + GP,02,226,1.2916
Hybrid: S-N + GP,02,251,2.3611
Hybrid: S-N + GP,02,276,0.6977
Hybrid: S-N + GP,02,301,2.6108
Hybrid: S-N + GP,02,326,2.0686
Hybrid: S-N + GP,02,351,3.2514
Hybrid: S-N + GP,02,376,2.6031
Hybrid: S-N + GP,02,401,4.0336
Hybrid: S-N + GP,02,426,3.6236
Hybrid: S-N + GP,02,451,2.7918
Hybrid: S-N + GP,02,476,2.2691
Hybrid: S-N + GP,02,501,4.4671
Hybrid: S-N + GP,02,526,3.5079
Hybrid: S-N + GP,02,551,2.7274
Hybrid: S-N + GP,02,576,1.8305
Hybrid: S-N + GP,02,601,1.2388
Hybrid: S-N + GP,03,2,1.8822
Hybrid: S-N + GP,03,27,0.6037
Hybrid: S-N + GP,03,50,1.1452
Hybrid: S-N + GP,03,51,1.8177
Hybrid: S-N + GP,03,52,1.3140
Hybrid: S-N + GP,03,53,2.9295
Hybrid: S-N + GP,03,54,3.3445
Hybrid: S-N + GP,03,55,3.5588
Hybrid: S-N + GP,03,56,6.7454
Hybrid: S-N + GP,03,57,2.9320
Hybrid: S-N + GP,03,58,1.0948
Hybrid: S-N + GP,03,59,1.2426
Hybrid: S-N + GP,03,60,4.0825
Hybrid: S-N + GP,03,61,0.7741
Hybrid: S-N + GP,03,62,2.3189
Hybrid: S-N + GP,03,63,4.2899
Hybrid: S-N + GP,03,64,3.8343
Hybrid: S-N + GP,03,65,2.6912
Hybrid: S-N + GP,03,66,1.8614
Hybrid: S-N + GP,03,67,2.7057
Hybrid: S-N + GP,03,68,1.4677
Hybrid: S-N + GP,03,69,3.3422
Hybrid: S-N + GP,03,70,8.3907
Hybrid: S-N + GP,03,71,1.4722
Hybrid: S-N + GP,03,72,0.9501
Hybrid: S-N + GP,03,73,1.4241
Hybrid: S-N + GP,03,74,1.2316
Hybrid: S-N + GP,03,77,1.3703
Hybrid: S-N + GP,03,102,1.1781
Hybrid: S-N + GP,03,127,0.3737
Hybrid: S-N + GP,03,152,0.6547
Hybrid: S-N + GP,03,177,0.7732
Hybrid: S-N + GP,03,202,0.2934
Hybrid: S-N + GP,03,227,0.6085
Hybrid: S-N + GP,03,252,2.0657
Hybrid: S-N + GP,03,277,1.2874
Hybrid: S-N + GP,03,302,2.0820
Hybrid: S-N + GP,03,327,1.0148
Hybrid: S-N + GP,03,352,1.6883
Hybrid: S-N + GP,03,377,0.4519
Hybrid: S-N + GP,03,402,1.0838
Hybrid: S-N + GP,03,427,1.8439
Hybrid: S-N + GP,03,452,0.8520
Hybrid: S-N + GP,03,477,0.8158
Hybrid: S-N + GP,03,502,10.4436
Hybrid: S-N + GP,03,527,8.7958
Hybrid: S-N + GP,03,552,10.0012
Hybrid: S-N + GP,03,577,10.2672
Hybrid: S-N + GP,03,602,10.0550
Hybrid: S-N + GP,05,3,2.2498
Hybrid: S-N + GP,05,28,1.4497
Hybrid: S-N + GP,05,53,2.2212
Hybrid: S-N + GP,05,75,1.3749
Hybrid: S-N + GP,05,76,0.7121
Hybrid: S-N + GP,05,77,1.2105
Hybrid: S-N + GP,05,78,1.2052
Hybrid: S-N + GP,05,79,1.3642
Hybrid: S-N + GP,05,80,1.4257
Hybrid: S-N + GP,05,81,1.7196
Hybrid: S-N + GP,05,82,1.4667
Hybrid: S-N + GP,05,83,0.3640
Hybrid: S-N + GP,05,84,1.2788
Hybrid: S-N + GP,05,85,1.6039
Hybrid: S-N + GP,05,86,0.4735
Hybrid: S-N + GP,05,87,0.7681
Hybrid: S-N + GP,05,88,1.9257
Hybrid: S-N + GP,05,89,1.5941
Hybrid: S-N + GP,05,90,1.6218
Hybrid: S-N + GP,05,91,0.7446
Hybrid: S-N + GP,05,92,1.0446
Hybrid: S-N + GP,05,93,0.6824
Hybrid: S-N + GP,05,94,1.7071
Hybrid: S-N + GP,05,95,5.1234
Hybrid: S-N + GP,05,96,2.0111
Hybrid: S-N + GP,05,97,1.6586
Hybrid: S-N + GP,05,98,0.8445
Hybrid: S-N + GP,05,99,1.0519
Hybrid: S-N + GP,05,103,1.1723
Hybrid: S-N + GP,05,128,1.2568
Hybrid: S-N + GP,05,153,1.6344
Hybrid: S-N + GP,05,178,1.2335
Hybrid: S-N + GP,05,203,0.8083
Hybrid: S-N + GP,05,228,3.1873
Hybrid: S-N + GP,05,253,1.5845
Hybrid: S-N + GP,05,278,0.7951
Hybrid: S-N + GP,05,303,1.7487
Hybrid: S-N + GP,05,328,1.7413
Hybrid: S-N + GP,05,353,1.0970
Hybrid: S-N + GP,05,378,1.9025
Hybrid: S-N + GP,05,403,2.8787
Hybrid: S-N + GP,05,428,1.8113
Hybrid: S-N + GP,05,453,2.0064
Hybrid: S-N + GP,05,478,2.2511
Hybrid: S-N + GP,05,503,1.8320
Hybrid: S-N + GP,05,528,1.8902
Hybrid: S-N + GP,05,553,1.9037
Hybrid: S-N + GP,05,578,1.6033
Hybrid: S-N + GP,05,603,1.1838
Hybrid: S-N + GP,07,4,1.4159
Hybrid: S-N + GP,07,29,1.0079
Hybrid: S-N + GP,07,54,1.0685
Hybrid: S-N + GP,07,79,0.7392
Hybrid: S-N + GP,07,100,1.3792
Hybrid: S-N + GP,07,101,3.2621
Hybrid: S-N + GP,07,102,2.6756
Hybrid: S-N + GP,07,103,2.1128
Hybrid: S-N + GP,07,104,1.5868
Hybrid: S-N + GP,07,105,0.9502
Hybrid: S-N + GP,07,106,2.6121
Hybrid: S-N + GP,07,107,0.8793
Hybrid: S-N + GP,07,108,2.5094
Hybrid: S-N + GP,07,109,4.0122
Hybrid: S-N + GP,07,110,1.2706
Hybrid: S-N + GP,07,111,0.7299
Hybrid: S-N + GP,07,112,0.9713
Hybrid: S-N + GP,07,113,4.9096
Hybrid: S-N + GP,07,114,0.4791
Hybrid: S-N + GP,07,115,0.7856
Hybrid: S-N + GP,07,116,1.0956
Hybrid: S-N + GP,07,117,3.1252
Hybrid: S-N + GP,07,118,1.1917
Hybrid: S-N + GP,07,119,0.8868
Hybrid: S-N + GP,07,120,6.4415
Hybrid: S-N + GP,07,121,2.5197
Hybrid: S-N + GP,07,122,0.9920
Hybrid: S-N + GP,07,123,2.6954
Hybrid: S-N + GP,07,124,0.8151
Hybrid: S-N + GP,07,129,0.8505
Hybrid: S-N + GP,07,154,1.2350
Hybrid: S-N + GP,07,179,0.7952
Hybrid: S-N + GP,07,204,0.3345
Hybrid: S-N + GP,07,229,2.3758
Hybrid: S-N + GP,07,254,0.6090
Hybrid: S-N + GP,07,279,0.5804
Hybrid: S-N + GP,07,304,0.8252
Hybrid: S-N + GP,07,329,0.9479
Hybrid: S-N + GP,07,354,1.1013
Hybrid: S-N + GP,07,379,0.7029
Hybrid: S-N + GP,07,404,1.1304
Hybrid: S-N + GP,07,429,0.5542
Hybrid: S-N + GP,07,454,0.8490
Hybrid: S-N + GP,07,479,0.7029
Hybrid: S-N + GP,07,504,0.7521
Hybrid: S-N + GP,07,529,1.2242
Hybrid: S-N + GP,07,554,0.5437
Hybrid: S-N + GP,07,579,0.7714
Hybrid: S-N + GP,07,604,0.9784
Hybrid: S-N + GP,12,5,0.9211
Hybrid: S-N + GP,12,30,0.1841
Hybrid: S-N + GP,12,55,0.5709
Hybrid: S-N + GP,12,80,0.6345
Hybrid: S-N + GP,12,105,0.5286
Hybrid: S-N + GP,12,125,2.7727
Hybrid: S-N + GP,12,126,3.7396
Hybrid: S-N + GP,12,127,2.3044
Hybrid: S-N + GP,12,128,1.9339
Hybrid: S-N + GP,12,129,1.7176
Hybrid: S-N + GP,12,130,1.4508
Hybrid: S-N + GP,12,131,1.8871
Hybrid: S-N + GP,12,132,1.6910
Hybrid: S-N + GP,12,133,2.3539
Hybrid: S-N + GP,12,134,2.9362
Hybrid: S-N + GP,12,135,1.9523
Hybrid: S-N + GP,12,136,2.4109
Hybrid: S-N + GP,12,137,2.0391
Hybrid: S-N + GP,12,138,2.4003
Hybrid: S-N + GP,12,139,2.3343
Hybrid: S-N + GP,12,140,1.7825
Hybrid: S-N + GP,12,141,2.4549
Hybrid: S-N + GP,12,142,2.6901
Hybrid: S-N + GP,12,143,2.2196
Hybrid: S-N + GP,12,144,1.9502
Hybrid: S-N + GP,12,145,3.1151
Hybrid: S-N + GP,12,146,2.4172
Hybrid: S-N + GP,12,147,2.8833
Hybrid: S-N + GP,12,148,4.8078
Hybrid: S-N + GP,12,149,6.6397
Hybrid: S-N + GP,12,155,0.4942
Hybrid: S-N + GP,12,180,0.2666
Hybrid: S-N + GP,12,205,1.7837
Hybrid: S-N + GP,12,230,2.5376
Hybrid: S-N + GP,12,255,1.6349
Hybrid: S-N + GP,12,280,0.4008
Hybrid: S-N + GP,12,305,0.9585
Hybrid: S-N + GP,12,330,3.9304
Hybrid: S-N + GP,12,355,1.1692
Hybrid: S-N + GP,12,380,0.3813
Hybrid: S-N + GP,12,405,1.0778
Hybrid: S-N + GP,12,430,0.5872
Hybrid: S-N + GP,12,455,0.5264
Hybrid: S-N + GP,12,480,0.3789
Hybrid: S-N + GP,12,505,0.7881
Hybrid: S-N + GP,12,530,3.2568
Hybrid: S-N + GP,12,555,2.5272
Hybrid: S-N + GP,12,580,1.7653
Hybrid: S-N + GP,12,605,1.8509
Hybrid: S-N + GP,13,6,2.8634
Hybrid: S-N + GP,13,31,4.1395
Hybrid: S-N + GP,13,56,3.4337
Hybrid: S-N + GP,13,81,2.1891
Hybrid: S-N + GP,13,106,2.4105
Hybrid: S-N + GP,13,131,1.3575
Hybrid: S-N + GP,13,150,2.9468
Hybrid: S-N + GP,13,151,9.1288
Hybrid: S-N + GP,13,152,7.1558
Hybrid: S-N + GP,13,153,4.7730
Hybrid: S-N + GP,13,154,4.4725
Hybrid: S-N + GP,13,155,4.4183
Hybrid: S-N + GP,13,156,4.6718
Hybrid: S-N + GP,13,157,4.2425
Hybrid: S-N + GP,13,158,5.3183
Hybrid: S-N + GP,13,159,4.6343
Hybrid: S-N + GP,13,160,4.0613
Hybrid: S-N + GP,13,161,4.6315
Hybrid: S-N + GP,13,162,3.8159
Hybrid: S-N + GP,13,163,4.1659
Hybrid: S-N + GP,13,164,3.6882
Hybrid: S-N + GP,13,165,4.3335
Hybrid: S-N + GP,13,166,4.5443
Hybrid: S-N + GP,13,167,5.3122
Hybrid: S-N + GP,13,168,4.6566
Hybrid: S-N + GP,13,169,4.5863
Hybrid: S-N + GP,13,170,9.0971
Hybrid: S-N + GP,13,171,4.7134
Hybrid: S-N + GP,13,172,4.4480
Hybrid: S-N + GP,13,173,8.2941
Hybrid: S-N + GP,13,174,9.1965
Hybrid: S-N + GP,13,181,1.3469
Hybrid: S-N + GP,13,206,2.5987
Hybrid: S-N + GP,13,231,1.8925
Hybrid: S-N + GP,13,256,0.6209
Hybrid: S-N + GP,13,281,1.3384
Hybrid: S-N + GP,13,306,1.3860
Hybrid: S-N + GP,13,331,1.3963
Hybrid: S-N + GP,13,356,1.7487
Hybrid: S-N + GP,13,381,2.1392
Hybrid: S-N + GP,13,406,2.5072
Hybrid: S-N + GP,13,431,2.3199
Hybrid: S-N + GP,13,456,2.4094
Hybrid: S-N + GP,13,481,2.6955
Hybrid: S-N + GP,13,506,2.1258
Hybrid: S-N + GP,13,531,2.2068
Hybrid: S-N + GP,13,556,1.3769
Hybrid: S-N + GP,13,581,1.8825
Hybrid: S-N + GP,13,606,2.0588
Hybrid: S-N + GP,15,7,1.0243
Hybrid: S-N + GP,15,32,2.9132
Hybrid: S-N + GP,15,57,1.7520
Hybrid: S-N + GP,15,82,0.5768
Hybrid: S-N + GP,15,107,0.6093
Hybrid: S-N + GP,15,132,0.4687
Hybrid: S-N + GP,15,157,0.3501
Hybrid: S-N + GP,15,175,1.6255
Hybrid: S-N + GP,15,176,2.6795
Hybrid: S-N + GP,15,177,1.6624
Hybrid: S-N + GP,15,178,2.0054
Hybrid: S-N + GP,15,179,1.5480
Hybrid: S-N + GP,15,180,1.5096
Hybrid: S-N + GP,15,181,1.9102
Hybrid: S-N + GP,15,182,1.5015
Hybrid: S-N + GP,15,183,1.9402
Hybrid: S-N + GP,15,184,1.9400
Hybrid: S-N + GP,15,185,1.8227
Hybrid: S-N + GP,15,186,1.0141
Hybrid: S-N + GP,15,187,1.1729
Hybrid: S-N + GP,15,188,2.0222
Hybrid: S-N + GP,15,189,1.0304
Hybrid: S-N + GP,15,190,1.8334
Hybrid: S-N + GP,15,191,1.9388
Hybrid: S-N + GP,15,192,3.1531
Hybrid: S-N + GP,15,193,1.1543
Hybrid: S-N + GP,15,194,1.9101
Hybrid: S-N + GP,15,195,6.2224
Hybrid: S-N + GP,15,196,2.0872
Hybrid: S-N + GP,15,197,2.2970
Hybrid: S-N + GP,15,198,6.5390
Hybrid: S-N + GP,15,199,4.5382
Hybrid: S-N + GP,15,207,0.7800
Hybrid: S-N + GP,15,232,0.8460
Hybrid: S-N + GP,15,257,0.5173
Hybrid: S-N + GP,15,282,0.5067
Hybrid: S-N + GP,15,307,0.6096
Hybrid: S-N + GP,15,332,0.5812
Hybrid: S-N + GP,15,357,0.7935
Hybrid: S-N + GP,15,382,1.3998
Hybrid: S-N + GP,15,407,1.6189
Hybrid: S-N + GP,15,432,0.6053
Hybrid: S-N + GP,15,457,1.2978
Hybrid: S-N + GP,15,482,0.8062
Hybrid: S-N + GP,15,507,4.4797
Hybrid: S-N + GP,15,532,5.7871
Hybrid: S-N + GP,15,557,6.4519
Hybrid: S-N + GP,15,582,4.2361
Hybrid: S-N + GP,15,607,4.6072
Hybrid: S-N + GP,17,8,1.6359
Hybrid: S-N + GP,17,33,0.7990
Hybrid: S-N + GP,17,58,0.7614
Hybrid: S-N + GP,17,83,0.4192
Hybrid: S-N + GP,17,108,0.9954
Hybrid: S-N + GP,17,133,2.0926
Hybrid: S-N + GP,17,158,2.1166
Hybrid: S-N + GP,17,183,1.3897
Hybrid: S-N + GP,17,200,6.6987
Hybrid: S-N + GP,17,201,4.6949
Hybrid: S-N + GP,17,202,5.1438
Hybrid: S-N + GP,17,203,5.3861
Hybrid: S-N + GP,17,204,5.4981
Hybrid: S-N + GP,17,205,7.1320
Hybrid: S-N + GP,17,206,5.7087
Hybrid: S-N + GP,17,207,6.4113
Hybrid: S-N + GP,17,208,5.8645
Hybrid: S-N + GP,17,209,3.6038
Hybrid: S-N + GP,17,210,5.1999
Hybrid: S-N + GP,17,211,5.8193
Hybrid: S-N + GP,17,212,6.0131
Hybrid: S-N + GP,17,213,3.6021
Hybrid: S-N + GP,17,214,7.1067
Hybrid: S-N + GP,17,215,5.6452
Hybrid: S-N + GP,17,216,6.0941
Hybrid: S-N + GP,17,217,7.0096
Hybrid: S-N + GP,17,218,5.8628
Hybrid: S-N + GP,17,219,6.9358
Hybrid: S-N + GP,17,220,1.4440
Hybrid: S-N + GP,17,221,5.1100
Hybrid: S-N + GP,17,222,5.2005
Hybrid: S-N + GP,17,223,6.8675
Hybrid: S-N + GP,17,224,10.8825
Hybrid: S-N + GP,17,233,0.9345
Hybrid: S-N + GP,17,258,1.5415
Hybrid: S-N + GP,17,283,0.9387
Hybrid: S-N + GP,17,308,1.6177
Hybrid: S-N + GP,17,333,0.8116
Hybrid: S-N + GP,17,358,1.9246
Hybrid: S-N + GP,17,383,1.6032
Hybrid: S-N + GP,17,408,2.0125
Hybrid: S-N + GP,17,433,2.3595
Hybrid: S-N + GP,17,458,2.0252
Hybrid: S-N + GP,17,483,2.5129
Hybrid: S-N + GP,17,508,10.8699
Hybrid: S-N + GP,17,533,9.4519
Hybrid: S-N + GP,17,558,8.7556
Hybrid: S-N + GP,17,583,11.0010
Hybrid: S-N + GP,17,608,10.4913
Hybrid: S-N + GP,18,9,1.2109
Hybrid: S-N + GP,18,34,1.7348
Hybrid: S-N + GP,18,59,0.7425
Hybrid: S-N + GP,18,84,1.1427
Hybrid: S-N + GP,18,109,2.8755
Hybrid: S-N + GP,18,134,2.6719
Hybrid: S-N + GP,18,159,3.5813
Hybrid: S-N + GP,18,184,1.7594
Hybrid: S-N + GP,18,209,1.9664
Hybrid: S-N + GP,18,225,1.9177
Hybrid: S-N + GP,18,226,2.6955
Hybrid: S-N + GP,18,227,3.2696
Hybrid: S-N + GP,18,228,5.7912
Hybrid: S-N + GP,18,229,8.4119
Hybrid: S-N + GP,18,230,6.9445
Hybrid: S-N + GP,18,231,3.6427
Hybrid: S-N + GP,18,232,4.7693
Hybrid: S-N + GP,18,233,2.0150
Hybrid: S-N + GP,18,234,1.8104
Hybrid: S-N + GP,18,235,3.0499
Hybrid: S-N + GP,18,236,4.2754
Hybrid: S-N + GP,18,237,3.4603
Hybrid: S-N + GP,18,238,2.2562
Hybrid: S-N + GP,18,239,3.8489
Hybrid: S-N + GP,18,240,3.1622
Hybrid: S-N + GP,18,241,2.8578
Hybrid: S-N + GP,18,242,3.7509
Hybrid: S-N + GP,18,243,5.0909
Hybrid: S-N + GP,18,244,2.4126
Hybrid: S-N + GP,18,245,4.4197
Hybrid: S-N + GP,18,246,2.2714
Hybrid: S-N + GP,18,247,2.9473
Hybrid: S-N + GP,18,248,5.7965
Hybrid: S-N + GP,18,249,9.0294
Hybrid: S-N + GP,18,259,0.8470
Hybrid: S-N + GP,18,284,1.2458
Hybrid: S-N + GP,18,309,0.6016
Hybrid: S-N + GP,18,334,1.2435
Hybrid: S-N + GP,18,359,1.1574
Hybrid: S-N + GP,18,384,2.1312
Hybrid: S-N + GP,18,409,2.1854
Hybrid: S-N + GP,18,434,2.8692
Hybrid: S-N + GP,18,459,0.4177
Hybrid: S-N + GP,18,484,1.6908
Hybrid: S-N + GP,18,509,5.9970
Hybrid: S-N + GP,18,534,0.9302
Hybrid: S-N + GP,18,559,0.8977
Hybrid: S-N + GP,18,584,3.3356
Hybrid: S-N + GP,18,609,4.3911
Hybrid: S-N + GP,19,10,1.2672
Hybrid: S-N + GP,19,35,2.2659
Hybrid: S-N + GP,19,60,1.4425
Hybrid: S-N + GP,19,85,1.2594
Hybrid: S-N + GP,19,110,0.8760
Hybrid: S-N + GP,19,135,0.6314
Hybrid: S-N + GP,19,160,0.4913
Hybrid: S-N + GP,19,185,0.6687
Hybrid: S-N + GP,19,210,0.4622
Hybrid: S-N + GP,19,235,0.4666
Hybrid: S-N + GP,19,250,3.7602
Hybrid: S-N + GP,19,251,2.9995
Hybrid: S-N + GP,19,252,3.5795
Hybrid: S-N + GP,19,253,2.0908
Hybrid: S-N + GP,19,254,1.6633
Hybrid: S-N + GP,19,255,2.9202
Hybrid: S-N + GP,19,256,2.1075
Hybrid: S-N + GP,19,257,2.2512
Hybrid: S-N + GP,19,258,1.9660
Hybrid: S-N + GP,19,259,0.8341
Hybrid: S-N + GP,19,260,1.0665
Hybrid: S-N + GP,19,261,2.2620
Hybrid: S-N + GP,19,262,1.8932
Hybrid: S-N + GP,19,263,0.9104
Hybrid: S-N + GP,19,264,2.8731
Hybrid: S-N + GP,19,265,1.1253
Hybrid: S-N + GP,19,266,2.1998
Hybrid: S-N + GP,19,267,5.0949
Hybrid: S-N + GP,19,268,2.9540
Hybrid: S-N + GP,19,269,2.4877
Hybrid: S-N + GP,19,270,5.8898
Hybrid: S-N + GP,19,271,1.2936
Hybrid: S-N + GP,19,272,2.0881
Hybrid: S-N + GP,19,273,2.6208
Hybrid: S-N + GP,19,274,4.6044
Hybrid: S-N + GP,19,285,0.9420
Hybrid: S-N + GP,19,310,0.6418
Hybrid: S-N + GP,19,335,0.6130
Hybrid: S-N + GP,19,360,0.9161
Hybrid: S-N + GP,19,385,1.1679
Hybrid: S-N + GP,19,410,0.8111
Hybrid: S-N + GP,19,435,0.7867
Hybrid: S-N + GP,19,460,1.5938
Hybrid: S-N + GP,19,485,1.2160
Hybrid: S-N + GP,19,510,1.6724
Hybrid: S-N + GP,19,535,0.7346
Hybrid: S-N + GP,19,560,1.1489
Hybrid: S-N + GP,19,585,1.4222
Hybrid: S-N + GP,19,610,0.4854
Hybrid: S-N + GP,20,11,8.6319
Hybrid: S-N + GP,20,36,6.6503
Hybrid: S-N + GP,20,61,6.5368
Hybrid: S-N + GP,20,86,6.1683
Hybrid: S-N + GP,20,111,4.6919
Hybrid: S-N + GP,20,136,4.5982
Hybrid: S-N + GP,20,161,5.0372
Hybrid: S-N + GP,20,186,5.4000
Hybrid: S-N + GP,20,211,5.2749
Hybrid: S-N + GP,20,236,5.9597
Hybrid: S-N + GP,20,261,7.4843
Hybrid: S-N + GP,20,275,2.6033
Hybrid: S-N + GP,20,276,2.2431
Hybrid: S-N + GP,20,277,2.0998
Hybrid: S-N + GP,20,278,0.9366
Hybrid: S-N + GP,20,279,0.9439
Hybrid: S-N + GP,20,280,1.0024
Hybrid: S-N + GP,20,281,2.4545
Hybrid: S-N + GP,20,282,1.9133
Hybrid: S-N + GP,20,283,1.8412
Hybrid: S-N + GP,20,284,1.9258
Hybrid: S-N + GP,20,285,2.3095
Hybrid: S-N + GP,20,286,3.1992
Hybrid: S-N + GP,20,287,1.2135
Hybrid: S-N + GP,20,288,5.1627
Hybrid: S-N + GP,20,289,2.2118
Hybrid: S-N + GP,20,290,3.2503
Hybrid: S-N + GP,20,291,1.5044
Hybrid: S-N + GP,20,292,0.4105
Hybrid: S-N + GP,20,293,0.4394
Hybrid: S-N + GP,20,294,1.4226
Hybrid: S-N + GP,20,295,5.4417
Hybrid: S-N + GP,20,296,2.7593
Hybrid: S-N + GP,20,297,2.3503
Hybrid: S-N + GP,20,298,0.9095
Hybrid: S-N + GP,20,299,2.5935
Hybrid: S-N + GP,20,311,7.0601
Hybrid: S-N + GP,20,336,6.2193
Hybrid: S-N + GP,20,361,7.6818
Hybrid: S-N + GP,20,386,7.3267
Hybrid: S-N + GP,20,411,7.3274
Hybrid: S-N + GP,20,436,6.6565
Hybrid: S-N + GP,20,461,5.8038
Hybrid: S-N + GP,20,486,8.1669
Hybrid: S-N + GP,20,511,4.4458
Hybrid: S-N + GP,20,536,7.4550
Hybrid: S-N + GP,20,561,7.6726
Hybrid: S-N + GP,20,586,7.7918
Hybrid: S-N + GP,20,611,7.2140
Hybrid: S-N + GP,21,12,2.2110
Hybrid: S-N + GP,21,37,1.1935
Hybrid: S-N + GP,21,62,1.4875
Hybrid: S-N + GP,21,87,1.6128
Hybrid: S-N + GP,21,112,1.2643
Hybrid: S-N + GP,21,137,1.0439
Hybrid: S-N + GP,21,162,1.0310
Hybrid: S-N + GP,21,187,0.6061
Hybrid: S-N + GP,21,212,1.3076
Hybrid: S-N + GP,21,237,0.6994
Hybrid: S-N + GP,21,262,0.9323
Hybrid: S-N + GP,21,287,0.7662
Hybrid: S-N + GP,21,300,7.3731
Hybrid: S-N + GP,21,301,6.0028
Hybrid: S-N + GP,21,302,6.0407
Hybrid: S-N + GP,21,303,6.1163
Hybrid: S-N + GP,21,304,5.2713
Hybrid: S-N + GP,21,305,5.0998
Hybrid: S-N + GP,21,306,4.4234
Hybrid: S-N + GP,21,307,4.9376
Hybrid: S-N + GP,21,308,7.6079
Hybrid: S-N + GP,21,309,5.1082
Hybrid: S-N + GP,21,310,5.0307
Hybrid: S-N + GP,21,311,5.4055
Hybrid: S-N + GP,21,312,6.5687
Hybrid: S-N + GP,21,313,4.2287
Hybrid: S-N + GP,21,314,5.6710
Hybrid: S-N + GP,21,315,5.4418
Hybrid: S-N + GP,21,316,7.5088
Hybrid: S-N + GP,21,317,5.0853
Hybrid: S-N + GP,21,318,6.3892
Hybrid: S-N + GP,21,319,6.2555
Hybrid: S-N + GP,21,320,4.6296
Hybrid: S-N + GP,21,321,6.3050
Hybrid: S-N + GP,21,322,6.9595
Hybrid: S-N + GP,21,323,7.5143
Hybrid: S-N + GP,21,324,9.2172
Hybrid: S-N + GP,21,337,1.1288
Hybrid: S-N + GP,21,362,1.6812
Hybrid: S-N + GP,21,387,1.3910
Hybrid: S-N + GP,21,412,1.7242
Hybrid: S-N + GP,21,437,1.0988
Hybrid: S-N + GP,21,462,1.6537
Hybrid: S-N + GP,21,487,1.1493
Hybrid: S-N + GP,21,512,2.8835
Hybrid: S-N + GP,21,537,2.8314
Hybrid: S-N + GP,21,562,1.3440
Hybrid: S-N + GP,21,587,3.1684
Hybrid: S-N + GP,21,612,2.6225
Hybrid: S-N + GP,22,13,1.2551
Hybrid: S-N + GP,22,38,1.0067
Hybrid: S-N + GP,22,63,1.6758
Hybrid: S-N + GP,22,88,1.4944
Hybrid: S-N + GP,22,113,3.1106
Hybrid: S-N + GP,22,138,0.6978
Hybrid: S-N + GP,22,163,0.4276
Hybrid: S-N + GP,22,188,0.8624
Hybrid: S-N + GP,22,213,0.7931
Hybrid: S-N + GP,22,238,0.1402
Hybrid: S-N + GP,22,263,0.7732
Hybrid: S-N + GP,22,288,1.8134
Hybrid: S-N + GP,22,313,0.9678
Hybrid: S-N + GP,22,325,1.7816
Hybrid: S-N + GP,22,326,2.7984
Hybrid: S-N + GP,22,327,2.0517
Hybrid: S-N + GP,22,328,3.9589
Hybrid: S-N + GP,22,329,2.1163
Hybrid: S-N + GP,22,330,1.8490
Hybrid: S-N + GP,22,331,0.8685
Hybrid: S-N + GP,22,332,1.1168
Hybrid: S-N + GP,22,333,0.7736
Hybrid: S-N + GP,22,334,1.0903
Hybrid: S-N + GP,22,335,0.4793
Hybrid: S-N + GP,22,336,2.6822
Hybrid: S-N + GP,22,337,1.0214
Hybrid: S-N + GP,22,338,0.5160
Hybrid: S-N + GP,22,339,2.1448
Hybrid: S-N + GP,22,340,1.2886
Hybrid: S-N + GP,22,341,0.9411
Hybrid: S-N + GP,22,342,2.5300
Hybrid: S-N + GP,22,343,1.4474
Hybrid: S-N + GP,22,344,0.6229
Hybrid: S-N + GP,22,345,8.6625
Hybrid: S-N + GP,22,346,0.5717
Hybrid: S-N + GP,22,347,0.8555
Hybrid: S-N + GP,22,348,2.1197
Hybrid: S-N + GP,22,349,2.7337
Hybrid: S-N + GP,22,363,1.1903
Hybrid: S-N + GP,22,388,0.9855
Hybrid: S-N + GP,22,413,0.6935
Hybrid: S-N + GP,22,438,1.9118
Hybrid: S-N + GP,22,463,4.4286
Hybrid: S-N + GP,22,488,1.1158
Hybrid: S-N + GP,22,513,0.7124
Hybrid: S-N + GP,22,538,0.5985
Hybrid: S-N + GP,22,563,0.6354
Hybrid: S-N + GP,22,588,0.4511
Hybrid: S-N + GP,22,613,0.6351
Hybrid: S-N + GP,23,14,2.7888
Hybrid: S-N + GP,23,39,2.5492
Hybrid: S-N + GP,23,64,1.6162
Hybrid: S-N + GP,23,89,1.5019
Hybrid: S-N + GP,23,114,1.3268
Hybrid: S-N + GP,23,139,0.9082
Hybrid: S-N + GP,23,164,0.8995
Hybrid: S-N + GP,23,189,1.3387
Hybrid: S-N + GP,23,214,1.2624
Hybrid: S-N + GP,23,239,1.2429
Hybrid: S-N + GP,23,264,1.4057
Hybrid: S-N + GP,23,289,1.3400
Hybrid: S-N + GP,23,314,1.4949
Hybrid: S-N + GP,23,339,1.8200
Hybrid: S-N + GP,23,350,6.2413
Hybrid: S-N + GP,23,351,5.3325
Hybrid: S-N + GP,23,352,4.3399
Hybrid: S-N + GP,23,353,2.3298
Hybrid: S-N + GP,23,354,2.7902
Hybrid: S-N + GP,23,355,3.1317
Hybrid: S-N + GP,23,356,3.1433
Hybrid: S-N + GP,23,357,2.6120
Hybrid: S-N + GP,23,358,4.4491
Hybrid: S-N + GP,23,359,2.7425
Hybrid: S-N + GP,23,360,2.4426
Hybrid: S-N + GP,23,361,3.5037
Hybrid: S-N + GP,23,362,3.0248
Hybrid: S-N + GP,23,363,2.6415
Hybrid: S-N + GP,23,364,3.5552
Hybrid: S-N + GP,23,365,2.5346
Hybrid: S-N + GP,23,366,3.9775
Hybrid: S-N + GP,23,367,3.3837
Hybrid: S-N + GP,23,368,3.3547
Hybrid: S-N + GP,23,369,3.3567
Hybrid: S-N + GP,23,370,3.6498
Hybrid: S-N + GP,23,371,2.9968
Hybrid: S-N + GP,23,372,3.5560
Hybrid: S-N + GP,23,373,4.4652
Hybrid: S-N + GP,23,374,5.5802
Hybrid: S-N + GP,23,389,1.6577
Hybrid: S-N + GP,23,414,1.9653
Hybrid: S-N + GP,23,439,1.8055
Hybrid: S-N + GP,23,464,1.6211
Hybrid: S-N + GP,23,489,1.0618
Hybrid: S-N + GP,23,514,4.1983
Hybrid: S-N + GP,23,539,5.1158
Hybrid: S-N + GP,23,564,6.5393
Hybrid: S-N + GP,23,589,4.3388
Hybrid: S-N + GP,23,614,4.0332
Hybrid: S-N + GP,24,15,0.9278
Hybrid: S-N + GP,24,40,1.6043
Hybrid: S-N + GP,24,65,0.3218
Hybrid: S-N + GP,24,90,0.6228
Hybrid: S-N + GP,24,115,0.3393
Hybrid: S-N + GP,24,140,0.7470
Hybrid: S-N + GP,24,165,0.3197
Hybrid: S-N + GP,24,190,0.6610
Hybrid: S-N + GP,24,215,0.4717
Hybrid: S-N + GP,24,240,0.6258
Hybrid: S-N + GP,24,265,1.1566
Hybrid: S-N + GP,24,290,2.4408
Hybrid: S-N + GP,24,315,1.0776
Hybrid: S-N + GP,24,340,1.0785
Hybrid: S-N + GP,24,365,0.8123
Hybrid: S-N + GP,24,375,2.6063
Hybrid: S-N + GP,24,376,1.8053
Hybrid: S-N + GP,24,377,1.3411
Hybrid: S-N + GP,24,378,1.9659
Hybrid: S-N + GP,24,379,0.8271
Hybrid: S-N + GP,24,380,0.5233
Hybrid: S-N + GP,24,381,1.4835
Hybrid: S-N + GP,24,382,1.5046
Hybrid: S-N + GP,24,383,1.2695
Hybrid: S-N + GP,24,384,0.9778
Hybrid: S-N + GP,24,385,1.2746
Hybrid: S-N + GP,24,386,0.7688
Hybrid: S-N + GP,24,387,1.1677
Hybrid: S-N + GP,24,388,0.7875
Hybrid: S-N + GP,24,389,0.8625
Hybrid: S-N + GP,24,390,1.0539
Hybrid: S-N + GP,24,391,1.3374
Hybrid: S-N + GP,24,392,3.2902
Hybrid: S-N + GP,24,393,1.3837
Hybrid: S-N + GP,24,394,1.7850
Hybrid: S-N + GP,24,395,6.9246
Hybrid: S-N + GP,24,396,1.1466
Hybrid: S-N + GP,24,397,2.1666
Hybrid: S-N + GP,24,398,2.6161
Hybrid: S-N + GP,24,399,2.6028
Hybrid: S-N + GP,24,415,1.0289
Hybrid: S-N + GP,24,440,0.6941
Hybrid: S-N + GP,24,465,2.0234
Hybrid: S-N + GP,24,490,1.5441
Hybrid: S-N + GP,24,515,0.8293
Hybrid: S-N + GP,24,540,0.8577
Hybrid: S-N + GP,24,565,0.6703
Hybrid: S-N + GP,24,590,0.5069
Hybrid: S-N + GP,24,615,0.2674
Hybrid: S-N + GP,25,16,2.6894
Hybrid: S-N + GP,25,41,1.2509
Hybrid: S-N + GP,25,66,1.6852
Hybrid: S-N + GP,25,91,1.3604
Hybrid: S-N + GP,25,116,1.4513
Hybrid: S-N + GP,25,141,1.6247
Hybrid: S-N + GP,25,166,1.2294
Hybrid: S-N + GP,25,191,1.7826
Hybrid: S-N + GP,25,216,1.3701
Hybrid: S-N + GP,25,241,1.3511
Hybrid: S-N + GP,25,266,1.1558
Hybrid: S-N + GP,25,291,1.6222
Hybrid: S-N + GP,25,316,2.0249
Hybrid: S-N + GP,25,341,1.4915
Hybrid: S-N + GP,25,366,2.0613
Hybrid: S-N + GP,25,391,1.8885
Hybrid: S-N + GP,25,400,4.8642
Hybrid: S-N + GP,25,401,4.7686
Hybrid: S-N + GP,25,402,4.4999
Hybrid: S-N + GP,25,403,2.4790
Hybrid: S-N + GP,25,404,2.8359
Hybrid: S-N + GP,25,405,3.5760
Hybrid: S-N + GP,25,406,4.5997
Hybrid: S-N + GP,25,407,4.1179
Hybrid: S-N + GP,25,408,4.8111
Hybrid: S-N + GP,25,409,3.9603
Hybrid: S-N + GP,25,410,5.6644
Hybrid: S-N + GP,25,411,2.9201
Hybrid: S-N + GP,25,412,4.6737
Hybrid: S-N + GP,25,413,4.1178
Hybrid: S-N + GP,25,414,4.6662
Hybrid: S-N + GP,25,415,5.1949
Hybrid: S-N + GP,25,416,6.6265
Hybrid: S-N + GP,25,417,5.0986
Hybrid: S-N + GP,25,418,3.9670
Hybrid: S-N + GP,25,419,6.2480
Hybrid: S-N + GP,25,420,3.6466
Hybrid: S-N + GP,25,421,6.2710
Hybrid: S-N + GP,25,422,6.5371
Hybrid: S-N + GP,25,423,3.1673
Hybrid: S-N + GP,25,424,1.6111
Hybrid: S-N + GP,25,441,1.3982
Hybrid: S-N + GP,25,466,1.6562
Hybrid: S-N + GP,25,491,1.8622
Hybrid: S-N + GP,25,516,4.1879
Hybrid: S-N + GP,25,541,5.7174
Hybrid: S-N + GP,25,566,6.4111
Hybrid: S-N + GP,25,591,3.3809
Hybrid: S-N + GP,25,616,3.8594
Hybrid: S-N + GP,27,17,2.8025
Hybrid: S-N + GP,27,42,0.6387
Hybrid: S-N + GP,27,67,0.6055
Hybrid: S-N + GP,27,92,2.3192
Hybrid: S-N + GP,27,117,3.0198
Hybrid: S-N + GP,27,142,3.1251
Hybrid: S-N + GP,27,167,1.9902
Hybrid: S-N + GP,27,192,3.1118
Hybrid: S-N + GP,27,217,1.9839
Hybrid: S-N + GP,27,242,1.0446
Hybrid: S-N + GP,27,267,3.9597
Hybrid: S-N + GP,27,292,2.2769
Hybrid: S-N + GP,27,317,3.3348
Hybrid: S-N + GP,27,342,2.4605
Hybrid: S-N + GP,27,367,3.9822
Hybrid: S-N + GP,27,392,4.0580
Hybrid: S-N + GP,27,417,3.3057
Hybrid: S-N + GP,27,425,4.8230
Hybrid: S-N + GP,27,426,6.3570
Hybrid: S-N + GP,27,427,5.9930
Hybrid: S-N + GP,27,428,4.8301
Hybrid: S-N + GP,27,429,3.4321
Hybrid: S-N + GP,27,430,3.4043
Hybrid: S-N + GP,27,431,3.7693
Hybrid: S-N + GP,27,432,3.1058
Hybrid: S-N + GP,27,433,5.6870
Hybrid: S-N + GP,27,434,4.2017
Hybrid: S-N + GP,27,435,3.7050
Hybrid: S-N + GP,27,436,3.6803
Hybrid: S-N + GP,27,437,3.5467
Hybrid: S-N + GP,27,438,4.3871
Hybrid: S-N + GP,27,439,3.7896
Hybrid: S-N + GP,27,440,4.0750
Hybrid: S-N + GP,27,441,3.7199
Hybrid: S-N + GP,27,442,6.6993
Hybrid: S-N + GP,27,443,3.1478
Hybrid: S-N + GP,27,444,2.5687
Hybrid: S-N + GP,27,445,8.8695
Hybrid: S-N + GP,27,446,4.1667
Hybrid: S-N + GP,27,447,2.5481
Hybrid: S-N + GP,27,448,5.6046
Hybrid: S-N + GP,27,449,6.1895
Hybrid: S-N + GP,27,467,3.0836
Hybrid: S-N + GP,27,492,2.4185
Hybrid: S-N + GP,27,517,2.0770
Hybrid: S-N + GP,27,542,1.0662
Hybrid: S-N + GP,27,567,2.4322
Hybrid: S-N + GP,27,592,1.8657
Hybrid: S-N + GP,27,617,1.5864
Hybrid: S-N + GP,30,18,1.7342
Hybrid: S-N + GP,30,43,1.5600
Hybrid: S-N + GP,30,68,1.4466
Hybrid: S-N + GP,30,93,0.9998
Hybrid: S-N + GP,30,118,0.8776
Hybrid: S-N + GP,30,143,0.9887
Hybrid: S-N + GP,30,168,1.3563
Hybrid: S-N + GP,30,193,0.8254
Hybrid: S-N + GP,30,218,0.7467
Hybrid: S-N + GP,30,243,1.2968
Hybrid: S-N + GP,30,268,2.0862
Hybrid: S-N + GP,30,293,1.0489
Hybrid: S-N + GP,30,318,1.5380
Hybrid: S-N + GP,30,343,2.4419
Hybrid: S-N + GP,30,368,1.9171
Hybrid: S-N + GP,30,393,1.9598
Hybrid: S-N + GP,30,418,2.1175
Hybrid: S-N + GP,30,443,1.6986
Hybrid: S-N + GP,30,450,1.7742
Hybrid: S-N + GP,30,451,4.7675
Hybrid: S-N + GP,30,452,3.9789
Hybrid: S-N + GP,30,453,2.6949
Hybrid: S-N + GP,30,454,1.1665
Hybrid: S-N + GP,30,455,0.8087
Hybrid: S-N + GP,30,456,2.8014
Hybrid: S-N + GP,30,457,1.4236
Hybrid: S-N + GP,30,458,3.3753
Hybrid: S-N + GP,30,459,3.4721
Hybrid: S-N + GP,30,460,1.4345
Hybrid: S-N + GP,30,461,0.8155
Hybrid: S-N + GP,30,462,0.6719
Hybrid: S-N + GP,30,463,7.1573
Hybrid: S-N + GP,30,464,1.4657
Hybrid: S-N + GP,30,465,2.3539
Hybrid: S-N + GP,30,466,2.2736
Hybrid: S-N + GP,30,467,3.5250
Hybrid: S-N + GP,30,468,0.8963
Hybrid: S-N + GP,30,469,1.4305
Hybrid: S-N + GP,30,470,6.7738
Hybrid: S-N + GP,30,471,4.1352
Hybrid: S-N + GP,30,472,0.8763
Hybrid: S-N + GP,30,473,3.4624
Hybrid: S-N + GP,30,474,2.5085
Hybrid: S-N + GP,30,493,1.8453
Hybrid: S-N + GP,30,518,1.0184
Hybrid: S-N + GP,30,543,1.1839
Hybrid: S-N + GP,30,568,1.5834
Hybrid: S-N + GP,30,593,1.0355
Hybrid: S-N + GP,30,618,1.9613
Hybrid: S-N + GP,37,19,4.3196
Hybrid: S-N + GP,37,44,2.4199
Hybrid: S-N + GP,37,69,1.7026
Hybrid: S-N + GP,37,94,1.9092
Hybrid: S-N + GP,37,119,1.7395
Hybrid: S-N + GP,37,144,0.7485
Hybrid: S-N + GP,37,169,0.4646
Hybrid: S-N + GP,37,194,1.0310
Hybrid: S-N + GP,37,219,1.1237
Hybrid: S-N + GP,37,244,0.8037
Hybrid: S-N + GP,37,269,0.5494
Hybrid: S-N + GP,37,294,0.5869
Hybrid: S-N + GP,37,319,1.1992
Hybrid: S-N + GP,37,344,0.4225
Hybrid: S-N + GP,37,369,1.4348
Hybrid: S-N + GP,37,394,2.3261
Hybrid: S-N + GP,37,419,2.6940
Hybrid: S-N + GP,37,444,2.1722
Hybrid: S-N + GP,37,469,1.4517
Hybrid: S-N + GP,37,475,1.9137
Hybrid: S-N + GP,37,476,0.9269
Hybrid: S-N + GP,37,477,1.2447
Hybrid: S-N + GP,37,478,1.4628
Hybrid: S-N + GP,37,479,1.1160
Hybrid: S-N + GP,37,480,0.5970
Hybrid: S-N + GP,37,481,1.7362
Hybrid: S-N + GP,37,482,1.3380
Hybrid: S-N + GP,37,483,1.7979
Hybrid: S-N + GP,37,484,0.7418
Hybrid: S-N + GP,37,485,1.7008
Hybrid: S-N + GP,37,486,1.0503
Hybrid: S-N + GP,37,487,0.4965
Hybrid: S-N + GP,37,488,0.5621
Hybrid: S-N + GP,37,489,1.2996
Hybrid: S-N + GP,37,490,1.8954
Hybrid: S-N + GP,37,491,0.8617
Hybrid: S-N + GP,37,492,1.6324
Hybrid: S-N + GP,37,493,1.4914
Hybrid: S-N + GP,37,494,2.4666
Hybrid: S-N + GP,37,495,6.7353
Hybrid: S-N + GP,37,496,0.7183
Hybrid: S-N + GP,37,497,1.4247
Hybrid: S-N + GP,37,498,1.2007
Hybrid: S-N + GP,37,499,1.2145
Hybrid: S-N + GP,37,519,1.1333
Hybrid: S-N + GP,37,544,0.8352
Hybrid: S-N + GP,37,569,0.3596
Hybrid: S-N + GP,37,594,0.5189
Hybrid: S-N + GP,37,619,0.8272
Hybrid: S-N + GP,38,20,9.4256
Hybrid: S-N + GP,38,45,8.6984
Hybrid: S-N + GP,38,70,8.8480
Hybrid: S-N + GP,38,95,6.9214
Hybrid: S-N + GP,38,120,5.7873
Hybrid: S-N + GP,38,145,4.7181
Hybrid: S-N + GP,38,170,6.0583
Hybrid: S-N + GP,38,195,5.3345
Hybrid: S-N + GP,38,220,6.6418
Hybrid: S-N + GP,38,245,5.8487
Hybrid: S-N + GP,38,270,8.7019
Hybrid: S-N + GP,38,295,7.5112
Hybrid: S-N + GP,38,320,7.1470
Hybrid: S-N + GP,38,345,8.8717
Hybrid: S-N + GP,38,370,6.2965
Hybrid: S-N + GP,38,395,7.9637
Hybrid: S-N + GP,38,420,8.4476
Hybrid: S-N + GP,38,445,7.2523
Hybrid: S-N + GP,38,470,6.9722
Hybrid: S-N + GP,38,495,7.2599
Hybrid: S-N + GP,38,500,8.4775
Hybrid: S-N + GP,38,501,8.5990
Hybrid: S-N + GP,38,502,11.1849
Hybrid: S-N + GP,38,503,6.0746
Hybrid: S-N + GP,38,504,5.4881
Hybrid: S-N + GP,38,505,6.1848
Hybrid: S-N + GP,38,506,8.3278
Hybrid: S-N + GP,38,507,5.9458
Hybrid: S-N + GP,38,508,12.2080
Hybrid: S-N + GP,38,509,9.1411
Hybrid: S-N + GP,38,510,10.0452
Hybrid: S-N + GP,38,511,6.7819
Hybrid: S-N + GP,38,512,6.4191
Hybrid: S-N + GP,38,513,11.2023
Hybrid: S-N + GP,38,514,9.4406
Hybrid: S-N + GP,38,515,8.5018
Hybrid: S-N + GP,38,516,6.8097
Hybrid: S-N + GP,38,517,7.5920
Hybrid: S-N + GP,38,518,6.2513
Hybrid: S-N + GP,38,519,7.8544
Hybrid: S-N + GP,38,520,13.3530
Hybrid: S-N + GP,38,521,10.1374
Hybrid: S-N + GP,38,522,11.3618
Hybrid: S-N + GP,38,523,6.5182
Hybrid: S-N + GP,38,524,5.9818
Hybrid: S-N + GP,38,545,8.3004
Hybrid: S-N + GP,38,570,7.2328
Hybrid: S-N + GP,38,595,6.4497
Hybrid: S-N + GP,38,620,6.5428
Hybrid: S-N + GP,40,21,0.8479
Hybrid: S-N + GP,40,46,0.4322
Hybrid: S-N + GP,40,71,0.5264
Hybrid: S-N + GP,40,96,0.4973
Hybrid: S-N + GP,40,121,0.6431
Hybrid: S-N + GP,40,146,2.3858
Hybrid: S-N + GP,40,171,2.0221
Hybrid: S-N + GP,40,196,1.6987
Hybrid: S-N + GP,40,221,0.7610
Hybrid: S-N + GP,40,246,0.2812
Hybrid: S-N + GP,40,271,0.8333
Hybrid: S-N + GP,40,296,0.3051
Hybrid: S-N + GP,40,321,1.0118
Hybrid: S-N + GP,40,346,0.3898
Hybrid: S-N + GP,40,371,0.8038
Hybrid: S-N + GP,40,396,0.9907
Hybrid: S-N + GP,40,421,1.3528
Hybrid: S-N + GP,40,446,1.5275
Hybrid: S-N + GP,40,471,1.8668
Hybrid: S-N + GP,40,496,1.3038
Hybrid: S-N + GP,40,521,0.9027
Hybrid: S-N + GP,40,525,1.1390
Hybrid: S-N + GP,40,526,2.1276
Hybrid: S-N + GP,40,527,5.2812
Hybrid: S-N + GP,40,528,0.8396
Hybrid: S-N + GP,40,529,1.5162
Hybrid: S-N + GP,40,530,1.8305
Hybrid: S-N + GP,40,531,2.3993
Hybrid: S-N + GP,40,532,4.6713
Hybrid: S-N + GP,40,533,8.0334
Hybrid: S-N + GP,40,534,0.3923
Hybrid: S-N + GP,40,535,0.9113
Hybrid: S-N + GP,40,536,0.6253
Hybrid: S-N + GP,40,537,3.0404
Hybrid: S-N + GP,40,538,1.1225
Hybrid: S-N + GP,40,539,4.7932
Hybrid: S-N + GP,40,540,1.3369
Hybrid: S-N + GP,40,541,4.4038
Hybrid: S-N + GP,40,542,0.5264
Hybrid: S-N + GP,40,543,0.9195
Hybrid: S-N + GP,40,544,1.0200
Hybrid: S-N + GP,40,545,7.9207
Hybrid: S-N + GP,40,546,0.7632
Hybrid: S-N + GP,40,547,2.7369
Hybrid: S-N + GP,40,548,3.1032
Hybrid: S-N + GP,40,549,1.3898
Hybrid: S-N + GP,40,571,0.4590
Hybrid: S-N + GP,40,596,0.9591
Hybrid: S-N + GP,40,621,0.6132
Hybrid: S-N + GP,41,22,1.8103
Hybrid: S-N + GP,41,47,0.7064
Hybrid: S-N + GP,41,72,0.7503
Hybrid: S-N + GP,41,97,1.1130
Hybrid: S-N + GP,41,122,0.7883
Hybrid: S-N + GP,41,147,1.8964
Hybrid: S-N + GP,41,172,1.2070
Hybrid: S-N + GP,41,197,1.5854
Hybrid: S-N + GP,41,222,0.3851
Hybrid: S-N + GP,41,247,0.6112
Hybrid: S-N + GP,41,272,1.6498
Hybrid: S-N + GP,41,297,0.7387
Hybrid: S-N + GP,41,322,1.3789
Hybrid: S-N + GP,41,347,0.9469
Hybrid: S-N + GP,41,372,1.6336
Hybrid: S-N + GP,41,397,2.2455
Hybrid: S-N + GP,41,422,1.0908
Hybrid: S-N + GP,41,447,1.5513
Hybrid: S-N + GP,41,472,1.7670
Hybrid: S-N + GP,41,497,1.7241
Hybrid: S-N + GP,41,522,2.1203
Hybrid: S-N + GP,41,547,3.0760
Hybrid: S-N + GP,41,550,2.4113
Hybrid: S-N + GP,41,551,1.0124
Hybrid: S-N + GP,41,552,7.9453
Hybrid: S-N + GP,41,553,1.2130
Hybrid: S-N + GP,41,554,1.5853
Hybrid: S-N + GP,41,555,3.3332
Hybrid: S-N + GP,41,556,1.8824
Hybrid: S-N + GP,41,557,6.0241
Hybrid: S-N + GP,41,558,7.1833
Hybrid: S-N + GP,41,559,1.7648
Hybrid: S-N + GP,41,560,2.5398
Hybrid: S-N + GP,41,561,0.8725
Hybrid: S-N + GP,41,562,0.6213
Hybrid: S-N + GP,41,563,1.7054
Hybrid: S-N + GP,41,564,6.1625
Hybrid: S-N + GP,41,565,2.0770
Hybrid: S-N + GP,41,566,3.7048
Hybrid: S-N + GP,41,567,3.0746
Hybrid: S-N + GP,41,568,1.3831
Hybrid: S-N + GP,41,569,1.7228
Hybrid: S-N + GP,41,570,7.4035
Hybrid: S-N + GP,41,571,1.4805
Hybrid: S-N + GP,41,572,5.0228
Hybrid: S-N + GP,41,573,2.0977
Hybrid: S-N + GP,41,574,0.7988
Hybrid: S-N + GP,41,597,2.9039
Hybrid: S-N + GP,41,622,1.6687
Hybrid: S-N + GP,43,23,0.8932
Hybrid: S-N + GP,43,48,0.3893
Hybrid: S-N + GP,43,73,0.9090
Hybrid: S-N + GP,43,98,1.3435
Hybrid: S-N + GP,43,123,1.5309
Hybrid: S-N + GP,43,148,6.3195
Hybrid: S-N + GP,43,173,7.7025
Hybrid: S-N + GP,43,198,6.8750
Hybrid: S-N + GP,43,223,6.4945
Hybrid: S-N + GP,43,248,8.3366
Hybrid: S-N + GP,43,273,1.6168
Hybrid: S-N + GP,43,298,1.3179
Hybrid: S-N + GP,43,323,1.2160
Hybrid: S-N + GP,43,348,1.8169
Hybrid: S-N + GP,43,373,1.6421
Hybrid: S-N + GP,43,398,2.4774
Hybrid: S-N + GP,43,423,0.9197
Hybrid: S-N + GP,43,448,2.0631
Hybrid: S-N + GP,43,473,1.9172
Hybrid: S-N + GP,43,498,1.8761
Hybrid: S-N + GP,43,523,1.2298
Hybrid: S-N + GP,43,548,2.8302
Hybrid: S-N + GP,43,573,1.6361
Hybrid: S-N + GP,43,575,1.7987
Hybrid: S-N + GP,43,576,1.7557
Hybrid: S-N + GP,43,577,9.0260
Hybrid: S-N + GP,43,578,2.1448
Hybrid: S-N + GP,43,579,1.6537
Hybrid: S-N + GP,43,580,2.5064
Hybrid: S-N + GP,43,581,1.7979
Hybrid: S-N + GP,43,582,2.8776
Hybrid: S-N + GP,43,583,8.8174
Hybrid: S-N + GP,43,584,3.8051
Hybrid: S-N + GP,43,585,3.2228
Hybrid: S-N + GP,43,586,0.9254
Hybrid: S-N + GP,43,587,0.9030
Hybrid: S-N + GP,43,588,2.9056
Hybrid: S-N + GP,43,589,5.0175
Hybrid: S-N + GP,43,590,2.0249
Hybrid: S-N + GP,43,591,2.0647
Hybrid: S-N + GP,43,592,1.3405
Hybrid: S-N + GP,43,593,0.9563
Hybrid: S-N + GP,43,594,1.1170
Hybrid: S-N + GP,43,595,6.7139
Hybrid: S-N + GP,43,596,2.6979
Hybrid: S-N + GP,43,597,4.2784
Hybrid: S-N + GP,43,598,1.0681
Hybrid: S-N + GP,43,599,1.2205
Hybrid: S-N + GP,43,623,1.4281
Hybrid: S-N + GP,50,24,1.0568
Hybrid: S-N + GP,50,49,0.4848
Hybrid: S-N + GP,50,74,0.4761
Hybrid: S-N + GP,50,99,1.1509
Hybrid: S-N + GP,50,124,1.6945
Hybrid: S-N + GP,50,149,6.3160
Hybrid: S-N + GP,50,174,7.3060
Hybrid: S-N + GP,50,199,6.0771
Hybrid: S-N + GP,50,224,7.8841
Hybrid: S-N + GP,50,249,7.6206
Hybrid: S-N + GP,50,274,3.0103
Hybrid: S-N + GP,50,299,1.7145
Hybrid: S-N + GP,50,324,3.1605
Hybrid: S-N + GP,50,349,1.9353
Hybrid: S-N + GP,50,374,3.3558
Hybrid: S-N + GP,50,399,1.5751
Hybrid: S-N + GP,50,424,0.6048
Hybrid: S-N + GP,50,449,1.2338
Hybrid: S-N + GP,50,474,0.7691
Hybrid: S-N + GP,50,499,0.6572
Hybrid: S-N + GP,50,524,1.2809
Hybrid: S-N + GP,50,549,0.8255
Hybrid: S-N + GP,50,574,1.5017
Hybrid: S-N + GP,50,599,1.3613
Hybrid: S-N + GP,50,600,3.3201
Hybrid: S-N + GP,50,601,2.5607
Hybrid: S-N + GP,50,602,9.9895
Hybrid: S-N + GP,50,603,2.5947
Hybrid: S-N + GP,50,604,2.6590
Hybrid: S-N + GP,50,605,1.1793
Hybrid: S-N + GP,50,606,2.8578
Hybrid: S-N + GP,50,607,5.7655
Hybrid: S-N + GP,50,608,6.6636
Hybrid: S-N + GP,50,609,4.1317
Hybrid: S-N + GP,50,610,2.5564
Hybrid: S-N + GP,50,611,3.5882
Hybrid: S-N + GP,50,612,4.1746
Hybrid: S-N + GP,50,613,3.7488
Hybrid: S-N + GP,50,614,3.0440
Hybrid: S-N + GP,50,615,2.3258
Hybrid: S-N + GP,50,616,4.7247
Hybrid: S-N + GP,50,617,2.9974
Hybrid: S-N + GP,50,618,3.9235
Hybrid: S-N + GP,50,619,3.0228
Hybrid: S-N + GP,50,620,3.6803
Hybrid: S-N + GP,50,621,3.0300
Hybrid: S-N + GP,50,622,3.0972
Hybrid: S-N + GP,50,623,3.6000
Hybrid: S-N + GP,50,624,3.6517
Hybrid: S-N + XGBoost,01,0,3.0135
Hybrid: S-N + XGBoost,01,1,2.4204
Hybrid: S-N + XGBoost,01,2,4.3179
Hybrid: S-N + XGBoost,01,3,3.8974
Hybrid: S-N + XGBoost,01,4,3.9270
Hybrid: S-N + XGBoost,01,5,6.5434
Hybrid: S-N + XGBoost,01,6,3.7580
Hybrid: S-N + XGBoost,01,7,4.8832
Hybrid: S-N + XGBoost,01,8,3.8896
Hybrid: S-N + XGBoost,01,9,3.0813
Hybrid: S-N + XGBoost,01,10,4.8304
Hybrid: S-N + XGBoost,01,11,4.2847
Hybrid: S-N + XGBoost,01,12,6.1795
Hybrid: S-N + XGBoost,01,13,4.6291
Hybrid: S-N + XGBoost,01,14,7.0213
Hybrid: S-N + XGBoost,01,15,4.2388
Hybrid: S-N + XGBoost,01,16,4.8939
Hybrid: S-N + XGBoost,01,17,6.2274
Hybrid: S-N + XGBoost,01,18,4.7624
Hybrid: S-N + XGBoost,01,19,6.5841
Hybrid: S-N + XGBoost,01,20,3.0178
Hybrid: S-N + XGBoost,01,21,3.7512
Hybrid: S-N + XGBoost,01,22,3.6526
Hybrid: S-N + XGBoost,01,23,3.8227
Hybrid: S-N + XGBoost,01,24,2.5339
Hybrid: S-N + XGBoost,01,25,1.8994
Hybrid: S-N + XGBoost,01,50,2.1827
Hybrid: S-N + XGBoost,01,75,2.4343
Hybrid: S-N + XGBoost,01,100,1.9401
Hybrid: S-N + XGBoost,01,125,3.2238
Hybrid: S-N + XGBoost,01,150,3.8446
Hybrid: S-N + XGBoost,01,175,4.2516
Hybrid: S-N + XGBoost,01,200,2.7634
Hybrid: S-N + XGBoost,01,225,2.1861
Hybrid: S-N + XGBoost,01,250,2.1258
Hybrid: S-N + XGBoost,01,275,2.4007
Hybrid: S-N + XGBoost,01,300,4.2569
Hybrid: S-N + XGBoost,01,325,2.5457
Hybrid: S-N + XGBoost,01,350,4.5582
Hybrid: S-N + XGBoost,01,375,1.4189
Hybrid: S-N + XGBoost,01,400,0.3665
Hybrid: S-N + XGBoost,01,425,3.6267
Hybrid: S-N + XGBoost,01,450,3.1630
Hybrid: S-N + XGBoost,01,475,2.6751
Hybrid: S-N + XGBoost,01,500,2.9984
Hybrid: S-N + XGBoost,01,525,2.7174
Hybrid: S-N + XGBoost,01,550,3.3696
Hybrid: S-N + XGBoost,01,575,2.7403
Hybrid: S-N + XGBoost,01,600,2.2085
Hybrid: S-N + XGBoost,02,1,2.7333
Hybrid: S-N + XGBoost,02,25,2.5843
Hybrid: S-N + XGBoost,02,26,1.4168
Hybrid: S-N + XGBoost,02,27,0.8641
Hybrid: S-N + XGBoost,02,28,1.3046
Hybrid: S-N + XGBoost,02,29,1.9788
Hybrid: S-N + XGBoost,02,30,2.8883
Hybrid: S-N + XGBoost,02,31,6.9995
Hybrid: S-N + XGBoost,02,32,4.0505
Hybrid: S-N + XGBoost,02,33,2.5364
Hybrid: S-N + XGBoost,02,34,2.5461
Hybrid: S-N + XGBoost,02,35,4.6352
Hybrid: S-N + XGBoost,02,36,0.9471
Hybrid: S-N + XGBoost,02,37,2.4005
Hybrid: S-N + XGBoost,02,38,3.5807
Hybrid: S-N + XGBoost,02,39,4.7209
Hybrid: S-N + XGBoost,02,40,3.3310
Hybrid: S-N + XGBoost,02,41,2.0299
Hybrid: S-N + XGBoost,02,42,2.3913
Hybrid: S-N + XGBoost,02,43,1.1592
Hybrid: S-N + XGBoost,02,44,4.5412
Hybrid: S-N + XGBoost,02,45,1.3272
Hybrid: S-N + XGBoost,02,46,2.3664
Hybrid: S-N + XGBoost,02,47,2.9047
Hybrid: S-N + XGBoost,02,48,2.7694
Hybrid: S-N + XGBoost,02,49,0.6547
Hybrid: S-N + XGBoost,02,51,1.9912
Hybrid: S-N + XGBoost,02,76,1.6414
Hybrid: S-N + XGBoost,02,101,1.5157
Hybrid: S-N + XGBoost,02,126,2.7006
Hybrid: S-N + XGBoost,02,151,5.4346
Hybrid: S-N + XGBoost,02,176,3.1719
Hybrid: S-N + XGBoost,02,201,1.1011
Hybrid: S-N + XGBoost,02,226,1.3683
Hybrid: S-N + XGBoost,02,251,2.5654
Hybrid: S-N + XGBoost,02,276,1.4426
Hybrid: S-N + XGBoost,02,301,1.7770
Hybrid: S-N + XGBoost,02,326,2.6548
Hybrid: S-N + XGBoost,02,351,2.8454
Hybrid: S-N + XGBoost,02,376,2.9040
Hybrid: S-N + XGBoost,02,401,4.2423
Hybrid: S-N + XGBoost,02,426,2.8319
Hybrid: S-N + XGBoost,02,451,3.1215
Hybrid: S-N + XGBoost,02,476,3.7733
Hybrid: S-N + XGBoost,02,501,2.4453
Hybrid: S-N + XGBoost,02,526,3.2742
Hybrid: S-N + XGBoost,02,551,2.4453
Hybrid: S-N + XGBoost,02,576,1.6392
Hybrid: S-N + XGBoost,02,601,1.4164
Hybrid: S-N + XGBoost,03,2,1.9702
Hybrid: S-N + XGBoost,03,27,1.0769
Hybrid: S-N + XGBoost,03,50,1.1961
Hybrid: S-N + XGBoost,03,51,1.7005
Hybrid: S-N + XGBoost,03,52,2.4511
Hybrid: S-N + XGBoost,03,53,3.9164
Hybrid: S-N + XGBoost,03,54,5.2055
Hybrid: S-N + XGBoost,03,55,6.0735
Hybrid: S-N + XGBoost,03,56,7.1525
Hybrid: S-N + XGBoost,03,57,4.4581
Hybrid: S-N + XGBoost,03,58,3.0065
Hybrid: S-N + XGBoost,03,59,3.2798
Hybrid: S-N + XGBoost,03,60,5.9966
Hybrid: S-N + XGBoost,03,61,2.6960
Hybrid: S-N + XGBoost,03,62,4.3762
Hybrid: S-N + XGBoost,03,63,6.6770
Hybrid: S-N + XGBoost,03,64,5.6268
Hybrid: S-N + XGBoost,03,65,4.6676
Hybrid: S-N + XGBoost,03,66,3.7760
Hybrid: S-N + XGBoost,03,67,5.2556
Hybrid: S-N + XGBoost,03,68,3.6426
Hybrid: S-N + XGBoost,03,69,5.1748
Hybrid: S-N + XGBoost,03,70,1.9790
Hybrid: S-N + XGBoost,03,71,3.7802
Hybrid: S-N + XGBoost,03,72,3.6330
Hybrid: S-N + XGBoost,03,73,3.4837
Hybrid: S-N + XGBoost,03,74,1.1189
Hybrid: S-N + XGBoost,03,77,2.5718
Hybrid: S-N + XGBoost,03,102,2.3342
Hybrid: S-N + XGBoost,03,127,2.9108
Hybrid: S-N + XGBoost,03,152,5.3204
Hybrid: S-N + XGBoost,03,177,3.3649
Hybrid: S-N + XGBoost,03,202,2.8110
Hybrid: S-N + XGBoost,03,227,3.8779
Hybrid: S-N + XGBoost,03,252,4.2676
Hybrid: S-N + XGBoost,03,277,3.1419
Hybrid: S-N + XGBoost,03,302,3.6525
Hybrid: S-N + XGBoost,03,327,4.1014
Hybrid: S-N + XGBoost,03,352,3.4099
Hybrid: S-N + XGBoost,03,377,2.9105
Hybrid: S-N + XGBoost,03,402,2.1254
Hybrid: S-N + XGBoost,03,427,2.6326
Hybrid: S-N + XGBoost,03,452,2.0247
Hybrid: S-N + XGBoost,03,477,3.0078
Hybrid: S-N + XGBoost,03,502,12.3436
Hybrid: S-N + XGBoost,03,527,11.0380
Hybrid: S-N + XGBoost,03,552,11.2843
Hybrid: S-N + XGBoost,03,577,11.7673
Hybrid: S-N + XGBoost,03,602,11.7029
Hybrid: S-N + XGBoost,05,3,1.0277
Hybrid: S-N + XGBoost,05,28,0.7477
Hybrid: S-N + XGBoost,05,53,1.4844
Hybrid: S-N + XGBoost,05,75,1.2976
Hybrid: S-N + XGBoost,05,76,1.8107
Hybrid: S-N + XGBoost,05,77,3.0552
Hybrid: S-N + XGBoost,05,78,1.1292
Hybrid: S-N + XGBoost,05,79,0.6636
Hybrid: S-N + XGBoost,05,80,2.2731
Hybrid: S-N + XGBoost,05,81,2.0739
Hybrid: S-N + XGBoost,05,82,1.3361
Hybrid: S-N + XGBoost,05,83,1.5666
Hybrid: S-N + XGBoost,05,84,3.4532
Hybrid: S-N + XGBoost,05,85,3.1125
Hybrid: S-N + XGBoost,05,86,0.7861
Hybrid: S-N + XGBoost,05,87,1.5650
Hybrid: S-N + XGBoost,05,88,3.2606
Hybrid: S-N + XGBoost,05,89,1.8874
Hybrid: S-N + XGBoost,05,90,0.7196
Hybrid: S-N + XGBoost,05,91,1.2196
Hybrid: S-N + XGBoost,05,92,1.0765
Hybrid: S-N + XGBoost,05,93,0.8315
Hybrid: S-N + XGBoost,05,94,1.9658
Hybrid: S-N + XGBoost,05,95,1.3678
Hybrid: S-N + XGBoost,05,96,1.9933
Hybrid: S-N + XGBoost,05,97,1.3376
Hybrid: S-N + XGBoost,05,98,1.7624
Hybrid: S-N + XGBoost,05,99,0.7406
Hybrid: S-N + XGBoost,05,103,1.3353
Hybrid: S-N + XGBoost,05,128,0.8945
Hybrid: S-N + XGBoost,05,153,2.2313
Hybrid: S-N + XGBoost,05,178,1.2699
Hybrid: S-N + XGBoost,05,203,0.5292
Hybrid: S-N + XGBoost,05,228,1.8799
Hybrid: S-N + XGBoost,05,253,1.2576
Hybrid: S-N + XGBoost,05,278,0.3468
Hybrid: S-N + XGBoost,05,303,0.6685
Hybrid: S-N + XGBoost,05,328,1.1524
Hybrid: S-N + XGBoost,05,353,1.6721
Hybrid: S-N + XGBoost,05,378,2.6343
Hybrid: S-N + XGBoost,05,403,2.5564
Hybrid: S-N + XGBoost,05,428,2.1015
Hybrid: S-N + XGBoost,05,453,2.2996
Hybrid: S-N + XGBoost,05,478,2.8709
Hybrid: S-N + XGBoost,05,503,0.8938
Hybrid: S-N + XGBoost,05,528,1.0129
Hybrid: S-N + XGBoost,05,553,1.1749
Hybrid: S-N + XGBoost,05,578,1.6116
Hybrid: S-N + XGBoost,05,603,1.3684
Hybrid: S-N + XGBoost,07,4,2.5592
Hybrid: S-N + XGBoost,07,29,1.2883
Hybrid: S-N + XGBoost,07,54,2.0930
Hybrid: S-N + XGBoost,07,79,1.2348
Hybrid: S-N + XGBoost,07,100,3.6993
Hybrid: S-N + XGBoost,07,101,4.0528
Hybrid: S-N + XGBoost,07,102,4.3689
Hybrid: S-N + XGBoost,07,103,1.3996
Hybrid: S-N + XGBoost,07,104,1.6728
Hybrid: S-N + XGBoost,07,105,1.1760
Hybrid: S-N + XGBoost,07,106,3.4397
Hybrid: S-N + XGBoost,07,107,1.5154
Hybrid: S-N + XGBoost,07,108,1.2477
Hybrid: S-N + XGBoost,07,109,6.0116
Hybrid: S-N + XGBoost,07,110,2.6851
Hybrid: S-N + XGBoost,07,111,1.3824
Hybrid: S-N + XGBoost,07,112,1.1615
Hybrid: S-N + XGBoost,07,113,7.1232
Hybrid: S-N + XGBoost,07,114,1.4192
Hybrid: S-N + XGBoost,07,115,1.4057
Hybrid: S-N + XGBoost,07,116,1.5615
Hybrid: S-N + XGBoost,07,117,2.1295
Hybrid: S-N + XGBoost,07,118,1.4416
Hybrid: S-N + XGBoost,07,119,1.2745
Hybrid: S-N + XGBoost,07,120,1.8610
Hybrid: S-N + XGBoost,07,121,3.2270
Hybrid: S-N + XGBoost,07,122,2.1465
Hybrid: S-N + XGBoost,07,123,1.7305
Hybrid: S-N + XGBoost,07,124,2.7257
Hybrid: S-N + XGBoost,07,129,0.6884
Hybrid: S-N + XGBoost,07,154,1.2180
Hybrid: S-N + XGBoost,07,179,0.6207
Hybrid: S-N + XGBoost,07,204,1.1468
Hybrid: S-N + XGBoost,07,229,1.4514
Hybrid: S-N + XGBoost,07,254,0.7834
Hybrid: S-N + XGBoost,07,279,0.9917
Hybrid: S-N + XGBoost,07,304,0.5271
Hybrid: S-N + XGBoost,07,329,0.7912
Hybrid: S-N + XGBoost,07,354,0.6313
Hybrid: S-N + XGBoost,07,379,1.0897
Hybrid: S-N + XGBoost,07,404,1.6129
Hybrid: S-N + XGBoost,07,429,0.7694
Hybrid: S-N + XGBoost,07,454,1.2591
Hybrid: S-N + XGBoost,07,479,1.6717
Hybrid: S-N + XGBoost,07,504,0.5119
Hybrid: S-N + XGBoost,07,529,0.9479
Hybrid: S-N + XGBoost,07,554,0.9371
Hybrid: S-N + XGBoost,07,579,1.3309
Hybrid: S-N + XGBoost,07,604,0.7906
Hybrid: S-N + XGBoost,12,5,1.4864
Hybrid: S-N + XGBoost,12,30,0.7783
Hybrid: S-N + XGBoost,12,55,0.9225
Hybrid: S-N + XGBoost,12,80,0.6570
Hybrid: S-N + XGBoost,12,105,0.5315
Hybrid: S-N + XGBoost,12,125,1.7593
Hybrid: S-N + XGBoost,12,126,1.7290
Hybrid: S-N + XGBoost,12,127,3.8259
Hybrid: S-N + XGBoost,12,128,1.5656
Hybrid: S-N + XGBoost,12,129,1.1909
Hybrid: S-N + XGBoost,12,130,1.5050
Hybrid: S-N + XGBoost,12,131,1.2586
Hybrid: S-N + XGBoost,12,132,1.0785
Hybrid: S-N + XGBoost,12,133,2.7491
Hybrid: S-N + XGBoost,12,134,2.1592
Hybrid: S-N + XGBoost,12,135,0.9419
Hybrid: S-N + XGBoost,12,136,2.4450
Hybrid: S-N + XGBoost,12,137,1.2770
Hybrid: S-N + XGBoost,12,138,1.2746
Hybrid: S-N + XGBoost,12,139,0.9626
Hybrid: S-N + XGBoost,12,140,0.8579
Hybrid: S-N + XGBoost,12,141,1.2056
Hybrid: S-N + XGBoost,12,142,1.2220
Hybrid: S-N + XGBoost,12,143,1.6600
Hybrid: S-N + XGBoost,12,144,1.7696
Hybrid: S-N + XGBoost,12,145,2.3622
Hybrid: S-N + XGBoost,12,146,3.1240
Hybrid: S-N + XGBoost,12,147,0.5331
Hybrid: S-N + XGBoost,12,148,4.9044
Hybrid: S-N + XGBoost,12,149,2.0626
Hybrid: S-N + XGBoost,12,155,0.7847
Hybrid: S-N + XGBoost,12,180,0.8303
Hybrid: S-N + XGBoost,12,205,2.7569
Hybrid: S-N + XGBoost,12,230,2.1651
Hybrid: S-N + XGBoost,12,255,1.3254
Hybrid: S-N + XGBoost,12,280,1.0681
Hybrid: S-N + XGBoost,12,305,1.7092
Hybrid: S-N + XGBoost,12,330,3.5116
Hybrid: S-N + XGBoost,12,355,0.9132
Hybrid: S-N + XGBoost,12,380,0.3199
Hybrid: S-N + XGBoost,12,405,1.8513
Hybrid: S-N + XGBoost,12,430,0.8435
Hybrid: S-N + XGBoost,12,455,0.8483
Hybrid: S-N + XGBoost,12,480,0.9758
Hybrid: S-N + XGBoost,12,505,1.1888
Hybrid: S-N + XGBoost,12,530,3.4641
Hybrid: S-N + XGBoost,12,555,2.4444
Hybrid: S-N + XGBoost,12,580,2.5279
Hybrid: S-N + XGBoost,12,605,2.5154
Hybrid: S-N + XGBoost,13,6,3.0017
Hybrid: S-N + XGBoost,13,31,3.8146
Hybrid: S-N + XGBoost,13,56,3.9066
Hybrid: S-N + XGBoost,13,81,2.1417
Hybrid: S-N + XGBoost,13,106,2.7105
Hybrid: S-N + XGBoost,13,131,0.9961
Hybrid: S-N + XGBoost,13,150,2.8461
Hybrid: S-N + XGBoost,13,151,5.7413
Hybrid: S-N + XGBoost,13,152,4.7467
Hybrid: S-N + XGBoost,13,153,3.4125
Hybrid: S-N + XGBoost,13,154,3.1047
Hybrid: S-N + XGBoost,13,155,2.5789
Hybrid: S-N + XGBoost,13,156,3.1102
Hybrid: S-N + XGBoost,13,157,2.3307
Hybrid: S-N + XGBoost,13,158,6.8345
Hybrid: S-N + XGBoost,13,159,4.5787
Hybrid: S-N + XGBoost,13,160,2.6808
Hybrid: S-N + XGBoost,13,161,3.9089
Hybrid: S-N + XGBoost,13,162,3.3018
Hybrid: S-N + XGBoost,13,163,3.4593
Hybrid: S-N + XGBoost,13,164,1.8996
Hybrid: S-N + XGBoost,13,165,2.6030
Hybrid: S-N + XGBoost,13,166,4.2099
Hybrid: S-N + XGBoost,13,167,2.0564
Hybrid: S-N + XGBoost,13,168,4.3797
Hybrid: S-N + XGBoost,13,169,2.4385
Hybrid: S-N + XGBoost,13,170,3.8218
Hybrid: S-N + XGBoost,13,171,3.2701
Hybrid: S-N + XGBoost,13,172,4.2520
Hybrid: S-N + XGBoost,13,173,2.9041
Hybrid: S-N + XGBoost,13,174,7.3507
Hybrid: S-N + XGBoost,13,181,1.4944
Hybrid: S-N + XGBoost,13,206,2.9932
Hybrid: S-N + XGBoost,13,231,1.2038
Hybrid: S-N + XGBoost,13,256,1.1734
Hybrid: S-N + XGBoost,13,281,1.5356
Hybrid: S-N + XGBoost,13,306,1.5546
Hybrid: S-N + XGBoost,13,331,0.8855
Hybrid: S-N + XGBoost,13,356,2.0006
Hybrid: S-N + XGBoost,13,381,2.3187
Hybrid: S-N + XGBoost,13,406,3.7360
Hybrid: S-N + XGBoost,13,431,2.1822
Hybrid: S-N + XGBoost,13,456,3.3152
Hybrid: S-N + XGBoost,13,481,2.7230
Hybrid: S-N + XGBoost,13,506,1.9692
Hybrid: S-N + XGBoost,13,531,2.1636
Hybrid: S-N + XGBoost,13,556,1.1765
Hybrid: S-N + XGBoost,13,581,1.4500
Hybrid: S-N + XGBoost,13,606,2.2489
Hybrid: S-N + XGBoost,15,7,1.1179
Hybrid: S-N + XGBoost,15,32,2.0485
Hybrid: S-N + XGBoost,15,57,0.7142
Hybrid: S-N + XGBoost,15,82,0.6478
Hybrid: S-N + XGBoost,15,107,0.8953
Hybrid: S-N + XGBoost,15,132,0.2181
Hybrid: S-N + XGBoost,15,157,0.7539
Hybrid: S-N + XGBoost,15,175,1.2554
Hybrid: S-N + XGBoost,15,176,0.8376
Hybrid: S-N + XGBoost,15,177,0.7638
Hybrid: S-N + XGBoost,15,178,1.2613
Hybrid: S-N + XGBoost,15,179,0.6064
Hybrid: S-N + XGBoost,15,180,0.4682
Hybrid: S-N + XGBoost,15,181,1.2078
Hybrid: S-N + XGBoost,15,182,1.1427
Hybrid: S-N + XGBoost,15,183,2.2373
Hybrid: S-N + XGBoost,15,184,1.5170
Hybrid: S-N + XGBoost,15,185,1.5360
Hybrid: S-N + XGBoost,15,186,1.2060
Hybrid: S-N + XGBoost,15,187,0.7199
Hybrid: S-N + XGBoost,15,188,2.4001
Hybrid: S-N + XGBoost,15,189,0.9004
Hybrid: S-N + XGBoost,15,190,0.9863
Hybrid: S-N + XGBoost,15,191,2.3455
Hybrid: S-N + XGBoost,15,192,0.6063
Hybrid: S-N + XGBoost,15,193,0.7767
Hybrid: S-N + XGBoost,15,194,0.6735
Hybrid: S-N + XGBoost,15,195,1.0315
Hybrid: S-N + XGBoost,15,196,1.7057
Hybrid: S-N + XGBoost,15,197,2.1553
Hybrid: S-N + XGBoost,15,198,2.8930
Hybrid: S-N + XGBoost,15,199,4.1573
Hybrid: S-N + XGBoost,15,207,0.6650
Hybrid: S-N + XGBoost,15,232,0.4582
Hybrid: S-N + XGBoost,15,257,0.3471
Hybrid: S-N + XGBoost,15,282,1.0326
Hybrid: S-N + XGBoost,15,307,0.3331
Hybrid: S-N + XGBoost,15,332,0.6829
Hybrid: S-N + XGBoost,15,357,0.6013
Hybrid: S-N + XGBoost,15,382,1.8581
Hybrid: S-N + XGBoost,15,407,2.9654
Hybrid: S-N + XGBoost,15,432,0.7155
Hybrid: S-N + XGBoost,15,457,2.2058
Hybrid: S-N + XGBoost,15,482,1.6878
Hybrid: S-N + XGBoost,15,507,4.4427
Hybrid: S-N + XGBoost,15,532,5.5690
Hybrid: S-N + XGBoost,15,557,6.0100
Hybrid: S-N + XGBoost,15,582,4.6392
Hybrid: S-N + XGBoost,15,607,4.8034
Hybrid: S-N + XGBoost,17,8,2.9424
Hybrid: S-N + XGBoost,17,33,2.5206
Hybrid: S-N + XGBoost,17,58,2.3186
Hybrid: S-N + XGBoost,17,83,2.5198
Hybrid: S-N + XGBoost,17,108,2.2486
Hybrid: S-N + XGBoost,17,133,4.0375
Hybrid: S-N + XGBoost,17,158,5.0864
Hybrid: S-N + XGBoost,17,183,3.7090
Hybrid: S-N + XGBoost,17,200,3.2485
Hybrid: S-N + XGBoost,17,201,1.6501
Hybrid: S-N + XGBoost,17,202,2.1222
Hybrid: S-N + XGBoost,17,203,3.2059
Hybrid: S-N + XGBoost,17,204,3.8894
Hybrid: S-N + XGBoost,17,205,4.9547
Hybrid: S-N + XGBoost,17,206,4.6849
Hybrid: S-N + XGBoost,17,207,2.4147
Hybrid: S-N + XGBoost,17,208,4.1373
Hybrid: S-N + XGBoost,17,209,2.3323
Hybrid: S-N + XGBoost,17,210,2.6086
Hybrid: S-N + XGBoost,17,211,2.5208
Hybrid: S-N + XGBoost,17,212,3.0493
Hybrid: S-N + XGBoost,17,213,2.6646
Hybrid: S-N + XGBoost,17,214,4.8556
Hybrid: S-N + XGBoost,17,215,2.7492
Hybrid: S-N + XGBoost,17,216,2.1976
Hybrid: S-N + XGBoost,17,217,3.0571
Hybrid: S-N + XGBoost,17,218,2.3369
Hybrid: S-N + XGBoost,17,219,3.2826
Hybrid: S-N + XGBoost,17,220,2.4456
Hybrid: S-N + XGBoost,17,221,1.8235
Hybrid: S-N + XGBoost,17,222,2.1878
Hybrid: S-N + XGBoost,17,223,6.1735
Hybrid: S-N + XGBoost,17,224,6.7021
Hybrid: S-N + XGBoost,17,233,4.0020
Hybrid: S-N + XGBoost,17,258,3.6789
Hybrid: S-N + XGBoost,17,283,2.9106
Hybrid: S-N + XGBoost,17,308,3.1584
Hybrid: S-N + XGBoost,17,333,4.3147
Hybrid: S-N + XGBoost,17,358,4.3884
Hybrid: S-N + XGBoost,17,383,3.9217
Hybrid: S-N + XGBoost,17,408,3.0080
Hybrid: S-N + XGBoost,17,433,2.9767
Hybrid: S-N + XGBoost,17,458,2.7930
Hybrid: S-N + XGBoost,17,483,5.8406
Hybrid: S-N + XGBoost,17,508,9.3682
Hybrid: S-N + XGBoost,17,533,7.0134
Hybrid: S-N + XGBoost,17,558,7.3538
Hybrid: S-N + XGBoost,17,583,9.9401
Hybrid: S-N + XGBoost,17,608,9.3162
Hybrid: S-N + XGBoost,18,9,1.1712
Hybrid: S-N + XGBoost,18,34,0.6570
Hybrid: S-N + XGBoost,18,59,0.2883
Hybrid: S-N + XGBoost,18,84,0.4640
Hybrid: S-N + XGBoost,18,109,2.1098
Hybrid: S-N + XGBoost,18,134,2.0610
Hybrid: S-N + XGBoost,18,159,1.7123
Hybrid: S-N + XGBoost,18,184,1.0640
Hybrid: S-N + XGBoost,18,209,2.0347
Hybrid: S-N + XGBoost,18,225,1.6500
Hybrid: S-N + XGBoost,18,226,1.5262
Hybrid: S-N + XGBoost,18,227,3.3816
Hybrid: S-N + XGBoost,18,228,5.9200
Hybrid: S-N + XGBoost,18,229,7.1093
Hybrid: S-N + XGBoost,18,230,5.6285
Hybrid: S-N + XGBoost,18,231,2.9595
Hybrid: S-N + XGBoost,18,232,3.8733
Hybrid: S-N + XGBoost,18,233,2.2895
Hybrid: S-N + XGBoost,18,234,1.9817
Hybrid: S-N + XGBoost,18,235,2.6482
Hybrid: S-N + XGBoost,18,236,3.5906
Hybrid: S-N + XGBoost,18,237,3.5001
Hybrid: S-N + XGBoost,18,238,2.1452
Hybrid: S-N + XGBoost,18,239,3.3192
Hybrid: S-N + XGBoost,18,240,2.8597
Hybrid: S-N + XGBoost,18,241,2.4549
Hybrid: S-N + XGBoost,18,242,2.1119
Hybrid: S-N + XGBoost,18,243,4.1137
Hybrid: S-N + XGBoost,18,244,2.6249
Hybrid: S-N + XGBoost,18,245,3.6343
Hybrid: S-N + XGBoost,18,246,1.8568
Hybrid: S-N + XGBoost,18,247,3.3571
Hybrid: S-N + XGBoost,18,248,4.7240
Hybrid: S-N + XGBoost,18,249,7.3074
Hybrid: S-N + XGBoost,18,259,0.9074
Hybrid: S-N + XGBoost,18,284,0.8976
Hybrid: S-N + XGBoost,18,309,0.4939
Hybrid: S-N + XGBoost,18,334,1.8363
Hybrid: S-N + XGBoost,18,359,1.4248
Hybrid: S-N + XGBoost,18,384,1.7693
Hybrid: S-N + XGBoost,18,409,1.5041
Hybrid: S-N + XGBoost,18,434,1.1851
Hybrid: S-N + XGBoost,18,459,1.1758
Hybrid: S-N + XGBoost,18,484,1.6399
Hybrid: S-N + XGBoost,18,509,1.6353
Hybrid: S-N + XGBoost,18,534,0.3336
Hybrid: S-N + XGBoost,18,559,0.3958
Hybrid: S-N + XGBoost,18,584,2.4134
Hybrid: S-N + XGBoost,18,609,3.9006
Hybrid: S-N + XGBoost,19,10,1.4615
Hybrid: S-N + XGBoost,19,35,2.0282
Hybrid: S-N + XGBoost,19,60,1.8441
Hybrid: S-N + XGBoost,19,85,1.3646
Hybrid: S-N + XGBoost,19,110,1.1229
Hybrid: S-N + XGBoost,19,135,0.1652
Hybrid: S-N + XGBoost,19,160,0.3820
Hybrid: S-N + XGBoost,19,185,0.8709
Hybrid: S-N + XGBoost,19,210,0.5089
Hybrid: S-N + XGBoost,19,235,0.5679
Hybrid: S-N + XGBoost,19,250,1.8657
Hybrid: S-N + XGBoost,19,251,1.7057
Hybrid: S-N + XGBoost,19,252,1.4036
Hybrid: S-N + XGBoost,19,253,1.6493
Hybrid: S-N + XGBoost,19,254,1.2561
Hybrid: S-N + XGBoost,19,255,1.2808
Hybrid: S-N + XGBoost,19,256,0.9836
Hybrid: S-N + XGBoost,19,257,1.2900
Hybrid: S-N + XGBoost,19,258,2.2786
Hybrid: S-N + XGBoost,19,259,0.7156
Hybrid: S-N + XGBoost,19,260,1.4907
Hybrid: S-N + XGBoost,19,261,1.7689
Hybrid: S-N + XGBoost,19,262,1.8739
Hybrid: S-N + XGBoost,19,263,0.5058
Hybrid: S-N + XGBoost,19,264,1.1768
Hybrid: S-N + XGBoost,19,265,2.0866
Hybrid: S-N + XGBoost,19,266,2.4699
Hybrid: S-N + XGBoost,19,267,1.7439
Hybrid: S-N + XGBoost,19,268,1.1393
Hybrid: S-N + XGBoost,19,269,0.8525
Hybrid: S-N + XGBoost,19,270,2.2661
Hybrid: S-N + XGBoost,19,271,1.4319
Hybrid: S-N + XGBoost,19,272,1.8848
Hybrid: S-N + XGBoost,19,273,1.5895
Hybrid: S-N + XGBoost,19,274,2.4062
Hybrid: S-N + XGBoost,19,285,1.0323
Hybrid: S-N + XGBoost,19,310,0.3225
Hybrid: S-N + XGBoost,19,335,0.7410
Hybrid: S-N + XGBoost,19,360,0.5673
Hybrid: S-N + XGBoost,19,385,0.6122
Hybrid: S-N + XGBoost,19,410,0.6597
Hybrid: S-N + XGBoost,19,435,0.7397
Hybrid: S-N + XGBoost,19,460,1.5901
Hybrid: S-N + XGBoost,19,485,1.0945
Hybrid: S-N + XGBoost,19,510,1.7230
Hybrid: S-N + XGBoost,19,535,1.0097
Hybrid: S-N + XGBoost,19,560,0.9199
Hybrid: S-N + XGBoost,19,585,1.8151
Hybrid: S-N + XGBoost,19,610,0.6248
Hybrid: S-N + XGBoost,20,11,3.4980
Hybrid: S-N + XGBoost,20,36,3.2352
Hybrid: S-N + XGBoost,20,61,3.0807
Hybrid: S-N + XGBoost,20,86,2.4578
Hybrid: S-N + XGBoost,20,111,2.0288
Hybrid: S-N + XGBoost,20,136,2.0520
Hybrid: S-N + XGBoost,20,161,2.3914
Hybrid: S-N + XGBoost,20,186,2.6389
Hybrid: S-N + XGBoost,20,211,2.2741
Hybrid: S-N + XGBoost,20,236,2.8742
Hybrid: S-N + XGBoost,20,261,2.6309
Hybrid: S-N + XGBoost,20,275,3.9171
Hybrid: S-N + XGBoost,20,276,3.9421
Hybrid: S-N + XGBoost,20,277,2.9129
Hybrid: S-N + XGBoost,20,278,3.7767
Hybrid: S-N + XGBoost,20,279,3.4785
Hybrid: S-N + XGBoost,20,280,3.9842
Hybrid: S-N + XGBoost,20,281,4.0603
Hybrid: S-N + XGBoost,20,282,3.9038
Hybrid: S-N + XGBoost,20,283,6.1622
Hybrid: S-N + XGBoost,20,284,4.5368
Hybrid: S-N + XGBoost,20,285,3.8374
Hybrid: S-N + XGBoost,20,286,4.8467
Hybrid: S-N + XGBoost,20,287,3.3522
Hybrid: S-N + XGBoost,20,288,5.4167
Hybrid: S-N + XGBoost,20,289,3.9529
Hybrid: S-N + XGBoost,20,290,5.1928
Hybrid: S-N + XGBoost,20,291,3.8587
Hybrid: S-N + XGBoost,20,292,3.4167
Hybrid: S-N + XGBoost,20,293,3.0268
Hybrid: S-N + XGBoost,20,294,3.3283
Hybrid: S-N + XGBoost,20,295,2.5311
Hybrid: S-N + XGBoost,20,296,3.8506
Hybrid: S-N + XGBoost,20,297,3.8878
Hybrid: S-N + XGBoost,20,298,4.8059
Hybrid: S-N + XGBoost,20,299,3.7424
Hybrid: S-N + XGBoost,20,311,2.1548
Hybrid: S-N + XGBoost,20,336,2.6536
Hybrid: S-N + XGBoost,20,361,2.6336
Hybrid: S-N + XGBoost,20,386,2.7331
Hybrid: S-N + XGBoost,20,411,2.4636
Hybrid: S-N + XGBoost,20,436,2.7550
Hybrid: S-N + XGBoost,20,461,1.9618
Hybrid: S-N + XGBoost,20,486,2.5386
Hybrid: S-N + XGBoost,20,511,1.4903
Hybrid: S-N + XGBoost,20,536,2.4245
Hybrid: S-N + XGBoost,20,561,2.2828
Hybrid: S-N + XGBoost,20,586,2.4322
Hybrid: S-N + XGBoost,20,611,2.7793
Hybrid: S-N + XGBoost,21,12,2.4482
Hybrid: S-N + XGBoost,21,37,1.7280
Hybrid: S-N + XGBoost,21,62,2.2294
Hybrid: S-N + XGBoost,21,87,1.8498
Hybrid: S-N + XGBoost,21,112,1.3095
Hybrid: S-N + XGBoost,21,137,1.0083
Hybrid: S-N + XGBoost,21,162,1.4261
Hybrid: S-N + XGBoost,21,187,1.0644
Hybrid: S-N + XGBoost,21,212,0.7326
Hybrid: S-N + XGBoost,21,237,0.5550
Hybrid: S-N + XGBoost,21,262,1.2967
Hybrid: S-N + XGBoost,21,287,1.1364
Hybrid: S-N + XGBoost,21,300,3.2407
Hybrid: S-N + XGBoost,21,301,2.0175
Hybrid: S-N + XGBoost,21,302,0.5894
Hybrid: S-N + XGBoost,21,303,1.3483
Hybrid: S-N + XGBoost,21,304,0.8424
Hybrid: S-N + XGBoost,21,305,1.5509
Hybrid: S-N + XGBoost,21,306,1.9437
Hybrid: S-N + XGBoost,21,307,0.6006
Hybrid: S-N + XGBoost,21,308,3.2344
Hybrid: S-N + XGBoost,21,309,1.3595
Hybrid: S-N + XGBoost,21,310,1.0400
Hybrid: S-N + XGBoost,21,311,0.9087
Hybrid: S-N + XGBoost,21,312,1.5725
Hybrid: S-N + XGBoost,21,313,2.6741
Hybrid: S-N + XGBoost,21,314,1.8775
Hybrid: S-N + XGBoost,21,315,1.2034
Hybrid: S-N + XGBoost,21,316,1.0482
Hybrid: S-N + XGBoost,21,317,1.2057
Hybrid: S-N + XGBoost,21,318,1.1008
Hybrid: S-N + XGBoost,21,319,1.4453
Hybrid: S-N + XGBoost,21,320,0.6525
Hybrid: S-N + XGBoost,21,321,1.4111
Hybrid: S-N + XGBoost,21,322,1.4936
Hybrid: S-N + XGBoost,21,323,1.9715
Hybrid: S-N + XGBoost,21,324,2.8481
Hybrid: S-N + XGBoost,21,337,0.8463
Hybrid: S-N + XGBoost,21,362,0.9059
Hybrid: S-N + XGBoost,21,387,0.8281
Hybrid: S-N + XGBoost,21,412,1.1551
Hybrid: S-N + XGBoost,21,437,1.1265
Hybrid: S-N + XGBoost,21,462,1.5406
Hybrid: S-N + XGBoost,21,487,0.9645
Hybrid: S-N + XGBoost,21,512,1.7297
Hybrid: S-N + XGBoost,21,537,2.9171
Hybrid: S-N + XGBoost,21,562,1.1697
Hybrid: S-N + XGBoost,21,587,2.1255
Hybrid: S-N + XGBoost,21,612,1.9454
Hybrid: S-N + XGBoost,22,13,2.7125
Hybrid: S-N + XGBoost,22,38,1.7226
Hybrid: S-N + XGBoost,22,63,2.8160
Hybrid: S-N + XGBoost,22,88,3.3772
Hybrid: S-N + XGBoost,22,113,5.0476
Hybrid: S-N + XGBoost,22,138,0.4538
Hybrid: S-N + XGBoost,22,163,0.5716
Hybrid: S-N + XGBoost,22,188,0.7278
Hybrid: S-N + XGBoost,22,213,1.1784
Hybrid: S-N + XGBoost,22,238,0.3219
Hybrid: S-N + XGBoost,22,263,0.7416
Hybrid: S-N + XGBoost,22,288,1.6660
Hybrid: S-N + XGBoost,22,313,1.3557
Hybrid: S-N + XGBoost,22,325,1.9675
Hybrid: S-N + XGBoost,22,326,1.4478
Hybrid: S-N + XGBoost,22,327,0.5538
Hybrid: S-N + XGBoost,22,328,1.5535
Hybrid: S-N + XGBoost,22,329,0.9243
Hybrid: S-N + XGBoost,22,330,3.3588
Hybrid: S-N + XGBoost,22,331,1.7440
Hybrid: S-N + XGBoost,22,332,1.4719
Hybrid: S-N + XGBoost,22,333,3.1122
Hybrid: S-N + XGBoost,22,334,0.3720
Hybrid: S-N + XGBoost,22,335,0.9768
Hybrid: S-N + XGBoost,22,336,1.6887
Hybrid: S-N + XGBoost,22,337,1.1805
Hybrid: S-N + XGBoost,22,338,0.6371
Hybrid: S-N + XGBoost,22,339,1.6091
Hybrid: S-N + XGBoost,22,340,1.1960
Hybrid: S-N + XGBoost,22,341,1.0281
Hybrid: S-N + XGBoost,22,342,1.2762
Hybrid: S-N + XGBoost,22,343,0.9973
Hybrid: S-N + XGBoost,22,344,0.8031
Hybrid: S-N + XGBoost,22,345,1.0469
Hybrid: S-N + XGBoost,22,346,0.4637
Hybrid: S-N + XGBoost,22,347,1.6620
Hybrid: S-N + XGBoost,22,348,2.5872
Hybrid: S-N + XGBoost,22,349,1.4221
Hybrid: S-N + XGBoost,22,363,0.4942
Hybrid: S-N + XGBoost,22,388,1.4607
Hybrid: S-N + XGBoost,22,413,1.4710
Hybrid: S-N + XGBoost,22,438,1.8987
Hybrid: S-N + XGBoost,22,463,4.5234
Hybrid: S-N + XGBoost,22,488,2.2391
Hybrid: S-N + XGBoost,22,513,1.6824
Hybrid: S-N + XGBoost,22,538,0.7085
Hybrid: S-N + XGBoost,22,563,0.5938
Hybrid: S-N + XGBoost,22,588,0.7401
Hybrid: S-N + XGBoost,22,613,1.8374
Hybrid: S-N + XGBoost,23,14,3.2711
Hybrid: S-N + XGBoost,23,39,2.5601
Hybrid: S-N + XGBoost,23,64,2.0097
Hybrid: S-N + XGBoost,23,89,1.9778
Hybrid: S-N + XGBoost,23,114,2.4945
Hybrid: S-N + XGBoost,23,139,2.2900
Hybrid: S-N + XGBoost,23,164,1.7452
Hybrid: S-N + XGBoost,23,189,2.5014
Hybrid: S-N + XGBoost,23,214,1.7022
Hybrid: S-N + XGBoost,23,239,1.1790
Hybrid: S-N + XGBoost,23,264,2.2444
Hybrid: S-N + XGBoost,23,289,1.9412
Hybrid: S-N + XGBoost,23,314,2.2646
Hybrid: S-N + XGBoost,23,339,2.1386
Hybrid: S-N + XGBoost,23,350,6.3923
Hybrid: S-N + XGBoost,23,351,5.7591
Hybrid: S-N + XGBoost,23,352,5.1032
Hybrid: S-N + XGBoost,23,353,3.6243
Hybrid: S-N + XGBoost,23,354,3.4969
Hybrid: S-N + XGBoost,23,355,3.4447
Hybrid: S-N + XGBoost,23,356,3.7584
Hybrid: S-N + XGBoost,23,357,2.6956
Hybrid: S-N + XGBoost,23,358,5.5059
Hybrid: S-N + XGBoost,23,359,2.9436
Hybrid: S-N + XGBoost,23,360,2.8705
Hybrid: S-N + XGBoost,23,361,3.4301
Hybrid: S-N + XGBoost,23,362,2.9842
Hybrid: S-N + XGBoost,23,363,3.2957
Hybrid: S-N + XGBoost,23,364,4.9547
Hybrid: S-N + XGBoost,23,365,3.1031
Hybrid: S-N + XGBoost,23,366,4.0642
Hybrid: S-N + XGBoost,23,367,2.3113
Hybrid: S-N + XGBoost,23,368,3.3516
Hybrid: S-N + XGBoost,23,369,2.5563
Hybrid: S-N + XGBoost,23,370,2.8903
Hybrid: S-N + XGBoost,23,371,3.1614
Hybrid: S-N + XGBoost,23,372,3.1951
Hybrid: S-N + XGBoost,23,373,5.5502
Hybrid: S-N + XGBoost,23,374,5.9484
Hybrid: S-N + XGBoost,23,389,2.8311
Hybrid: S-N + XGBoost,23,414,2.5640
Hybrid: S-N + XGBoost,23,439,1.8026
Hybrid: S-N + XGBoost,23,464,2.0533
Hybrid: S-N + XGBoost,23,489,1.8477
Hybrid: S-N + XGBoost,23,514,5.0587
Hybrid: S-N + XGBoost,23,539,5.2578
Hybrid: S-N + XGBoost,23,564,7.1259
Hybrid: S-N + XGBoost,23,589,4.9477
Hybrid: S-N + XGBoost,23,614,4.9118
Hybrid: S-N + XGBoost,24,15,1.7486
Hybrid: S-N + XGBoost,24,40,2.3516
Hybrid: S-N + XGBoost,24,65,0.6223
Hybrid: S-N + XGBoost,24,90,0.7997
Hybrid: S-N + XGBoost,24,115,0.4277
Hybrid: S-N + XGBoost,24,140,0.5593
Hybrid: S-N + XGBoost,24,165,0.7156
Hybrid: S-N + XGBoost,24,190,0.6454
Hybrid: S-N + XGBoost,24,215,0.5630
Hybrid: S-N + XGBoost,24,240,0.7509
Hybrid: S-N + XGBoost,24,265,1.1668
Hybrid: S-N + XGBoost,24,290,2.2222
Hybrid: S-N + XGBoost,24,315,0.7000
Hybrid: S-N + XGBoost,24,340,0.4588
Hybrid: S-N + XGBoost,24,365,0.6429
Hybrid: S-N + XGBoost,24,375,4.1861
Hybrid: S-N + XGBoost,24,376,2.9531
Hybrid: S-N + XGBoost,24,377,4.1469
Hybrid: S-N + XGBoost,24,378,3.0539
Hybrid: S-N + XGBoost,24,379,1.4152
Hybrid: S-N + XGBoost,24,380,1.3220
Hybrid: S-N + XGBoost,24,381,2.0748
Hybrid: S-N + XGBoost,24,382,2.2423
Hybrid: S-N + XGBoost,24,383,1.3106
Hybrid: S-N + XGBoost,24,384,2.5234
Hybrid: S-N + XGBoost,24,385,1.0998
Hybrid: S-N + XGBoost,24,386,1.3823
Hybrid: S-N + XGBoost,24,387,1.1680
Hybrid: S-N + XGBoost,24,388,1.8843
Hybrid: S-N + XGBoost,24,389,1.1361
Hybrid: S-N + XGBoost,24,390,1.1736
Hybrid: S-N + XGBoost,24,391,2.2860
Hybrid: S-N + XGBoost,24,392,1.4020
Hybrid: S-N + XGBoost,24,393,1.0678
Hybrid: S-N + XGBoost,24,394,0.7923
Hybrid: S-N + XGBoost,24,395,2.3458
Hybrid: S-N + XGBoost,24,396,1.8965
Hybrid: S-N + XGBoost,24,397,1.4817
Hybrid: S-N + XGBoost,24,398,3.3261
Hybrid: S-N + XGBoost,24,399,5.7618
Hybrid: S-N + XGBoost,24,415,0.9252
Hybrid: S-N + XGBoost,24,440,0.9907
Hybrid: S-N + XGBoost,24,465,2.2009
Hybrid: S-N + XGBoost,24,490,1.6795
Hybrid: S-N + XGBoost,24,515,0.9505
Hybrid: S-N + XGBoost,24,540,0.9126
Hybrid: S-N + XGBoost,24,565,1.4989
Hybrid: S-N + XGBoost,24,590,0.7844
Hybrid: S-N + XGBoost,24,615,0.9588
Hybrid: S-N + XGBoost,25,16,1.0744
Hybrid: S-N + XGBoost,25,41,0.9094
Hybrid: S-N + XGBoost,25,66,1.0011
Hybrid: S-N + XGBoost,25,91,0.8383
Hybrid: S-N + XGBoost,25,116,0.5260
Hybrid: S-N + XGBoost,25,141,0.6960
Hybrid: S-N + XGBoost,25,166,0.5940
Hybrid: S-N + XGBoost,25,191,1.0514
Hybrid: S-N + XGBoost,25,216,1.1589
Hybrid: S-N + XGBoost,25,241,0.7516
Hybrid: S-N + XGBoost,25,266,0.5384
Hybrid: S-N + XGBoost,25,291,1.1977
Hybrid: S-N + XGBoost,25,316,1.0561
Hybrid: S-N + XGBoost,25,341,0.6640
Hybrid: S-N + XGBoost,25,366,0.3032
Hybrid: S-N + XGBoost,25,391,1.1476
Hybrid: S-N + XGBoost,25,400,3.0064
Hybrid: S-N + XGBoost,25,401,2.8124
Hybrid: S-N + XGBoost,25,402,8.4252
Hybrid: S-N + XGBoost,25,403,2.4965
Hybrid: S-N + XGBoost,25,404,2.1953
Hybrid: S-N + XGBoost,25,405,4.2425
Hybrid: S-N + XGBoost,25,406,2.6370
Hybrid: S-N + XGBoost,25,407,6.2330
Hybrid: S-N + XGBoost,25,408,4.9793
Hybrid: S-N + XGBoost,25,409,1.6079
Hybrid: S-N + XGBoost,25,410,1.0511
Hybrid: S-N + XGBoost,25,411,1.2347
Hybrid: S-N + XGBoost,25,412,0.7600
Hybrid: S-N + XGBoost,25,413,0.7022
Hybrid: S-N + XGBoost,25,414,3.4154
Hybrid: S-N + XGBoost,25,415,1.3544
Hybrid: S-N + XGBoost,25,416,1.9745
Hybrid: S-N + XGBoost,25,417,0.6839
Hybrid: S-N + XGBoost,25,418,1.2071
Hybrid: S-N + XGBoost,25,419,2.5432
Hybrid: S-N + XGBoost,25,420,1.4921
Hybrid: S-N + XGBoost,25,421,0.6122
Hybrid: S-N + XGBoost,25,422,2.3053
Hybrid: S-N + XGBoost,25,423,1.4148
Hybrid: S-N + XGBoost,25,424,4.1360
Hybrid: S-N + XGBoost,25,441,0.9724
Hybrid: S-N + XGBoost,25,466,1.6098
Hybrid: S-N + XGBoost,25,491,1.1667
Hybrid: S-N + XGBoost,25,516,3.9599
Hybrid: S-N + XGBoost,25,541,6.0974
Hybrid: S-N + XGBoost,25,566,6.6486
Hybrid: S-N + XGBoost,25,591,3.6960
Hybrid: S-N + XGBoost,25,616,3.7804
Hybrid: S-N + XGBoost,27,17,3.0583
Hybrid: S-N + XGBoost,27,42,1.4032
Hybrid: S-N + XGBoost,27,67,0.5275
Hybrid: S-N + XGBoost,27,92,2.5927
Hybrid: S-N + XGBoost,27,117,3.1566
Hybrid: S-N + XGBoost,27,142,3.3519
Hybrid: S-N + XGBoost,27,167,2.2725
Hybrid: S-N + XGBoost,27,192,3.1990
Hybrid: S-N + XGBoost,27,217,2.3802
Hybrid: S-N + XGBoost,27,242,1.4962
Hybrid: S-N + XGBoost,27,267,3.5086
Hybrid: S-N + XGBoost,27,292,2.6370
Hybrid: S-N + XGBoost,27,317,4.1842
Hybrid: S-N + XGBoost,27,342,2.4497
Hybrid: S-N + XGBoost,27,367,4.2002
Hybrid: S-N + XGBoost,27,392,4.0978
Hybrid: S-N + XGBoost,27,417,3.2366
Hybrid: S-N + XGBoost,27,425,4.3400
Hybrid: S-N + XGBoost,27,426,5.7950
Hybrid: S-N + XGBoost,27,427,6.0271
Hybrid: S-N + XGBoost,27,428,4.0439
Hybrid: S-N + XGBoost,27,429,3.6068
Hybrid: S-N + XGBoost,27,430,3.2657
Hybrid: S-N + XGBoost,27,431,3.1306
Hybrid: S-N + XGBoost,27,432,3.2424
Hybrid: S-N + XGBoost,27,433,4.5302
Hybrid: S-N + XGBoost,27,434,3.9052
Hybrid: S-N + XGBoost,27,435,3.8612
Hybrid: S-N + XGBoost,27,436,4.1074
Hybrid: S-N + XGBoost,27,437,4.1038
Hybrid: S-N + XGBoost,27,438,4.0728
Hybrid: S-N + XGBoost,27,439,4.1955
Hybrid: S-N + XGBoost,27,440,4.5469
Hybrid: S-N + XGBoost,27,441,4.2421
Hybrid: S-N + XGBoost,27,442,7.4106
Hybrid: S-N + XGBoost,27,443,3.6819
Hybrid: S-N + XGBoost,27,444,2.7638
Hybrid: S-N + XGBoost,27,445,3.5689
Hybrid: S-N + XGBoost,27,446,4.0605
Hybrid: S-N + XGBoost,27,447,3.5243
Hybrid: S-N + XGBoost,27,448,4.8828
Hybrid: S-N + XGBoost,27,449,6.6408
Hybrid: S-N + XGBoost,27,467,3.1067
Hybrid: S-N + XGBoost,27,492,2.5987
Hybrid: S-N + XGBoost,27,517,3.0507
Hybrid: S-N + XGBoost,27,542,1.9774
Hybrid: S-N + XGBoost,27,567,3.2096
Hybrid: S-N + XGBoost,27,592,3.1728
Hybrid: S-N + XGBoost,27,617,2.8107
Hybrid: S-N + XGBoost,30,18,1.6643
Hybrid: S-N + XGBoost,30,43,1.0855
Hybrid: S-N + XGBoost,30,68,0.9487
Hybrid: S-N + XGBoost,30,93,1.1343
Hybrid: S-N + XGBoost,30,118,1.3663
Hybrid: S-N + XGBoost,30,143,1.0984
Hybrid: S-N + XGBoost,30,168,2.2370
Hybrid: S-N + XGBoost,30,193,1.3627
Hybrid: S-N + XGBoost,30,218,1.1710
Hybrid: S-N + XGBoost,30,243,0.8868
Hybrid: S-N + XGBoost,30,268,1.7930
Hybrid: S-N + XGBoost,30,293,1.5604
Hybrid: S-N + XGBoost,30,318,1.3677
Hybrid: S-N + XGBoost,30,343,2.2544
Hybrid: S-N + XGBoost,30,368,1.9032
Hybrid: S-N + XGBoost,30,393,1.8847
Hybrid: S-N + XGBoost,30,418,1.7039
Hybrid: S-N + XGBoost,30,443,2.3858
Hybrid: S-N + XGBoost,30,450,0.3449
Hybrid: S-N + XGBoost,30,451,1.9284
Hybrid: S-N + XGBoost,30,452,3.7858
Hybrid: S-N + XGBoost,30,453,1.3561
Hybrid: S-N + XGBoost,30,454,0.5586
Hybrid: S-N + XGBoost,30,455,1.4213
Hybrid: S-N + XGBoost,30,456,2.9730
Hybrid: S-N + XGBoost,30,457,2.7993
Hybrid: S-N + XGBoost,30,458,0.7177
Hybrid: S-N + XGBoost,30,459,0.9778
Hybrid: S-N + XGBoost,30,460,1.1702
Hybrid: S-N + XGBoost,30,461,1.0454
Hybrid: S-N + XGBoost,30,462,0.9970
Hybrid: S-N + XGBoost,30,463,4.1251
Hybrid: S-N + XGBoost,30,464,1.7372
Hybrid: S-N + XGBoost,30,465,2.9847
Hybrid: S-N + XGBoost,30,466,0.8881
Hybrid: S-N + XGBoost,30,467,1.4803
Hybrid: S-N + XGBoost,30,468,1.9492
Hybrid: S-N + XGBoost,30,469,2.2695
Hybrid: S-N + XGBoost,30,470,0.7605
Hybrid: S-N + XGBoost,30,471,1.8066
Hybrid: S-N + XGBoost,30,472,1.1557
Hybrid: S-N + XGBoost,30,473,1.6130
Hybrid: S-N + XGBoost,30,474,2.4091
Hybrid: S-N + XGBoost,30,493,2.1097
Hybrid: S-N + XGBoost,30,518,0.6104
Hybrid: S-N + XGBoost,30,543,1.1951
Hybrid: S-N + XGBoost,30,568,2.0841
Hybrid: S-N + XGBoost,30,593,1.1585
Hybrid: S-N + XGBoost,30,618,0.9925
Hybrid: S-N + XGBoost,37,19,4.8538
Hybrid: S-N + XGBoost,37,44,2.9745
Hybrid: S-N + XGBoost,37,69,2.6984
Hybrid: S-N + XGBoost,37,94,2.2509
Hybrid: S-N + XGBoost,37,119,1.6218
Hybrid: S-N + XGBoost,37,144,0.7696
Hybrid: S-N + XGBoost,37,169,0.7107
Hybrid: S-N + XGBoost,37,194,0.6198
Hybrid: S-N + XGBoost,37,219,1.6349
Hybrid: S-N + XGBoost,37,244,0.6858
Hybrid: S-N + XGBoost,37,269,0.7174
Hybrid: S-N + XGBoost,37,294,0.6456
Hybrid: S-N + XGBoost,37,319,1.1080
Hybrid: S-N + XGBoost,37,344,0.4851
Hybrid: S-N + XGBoost,37,369,0.5606
Hybrid: S-N + XGBoost,37,394,2.0424
Hybrid: S-N + XGBoost,37,419,2.6220
Hybrid: S-N + XGBoost,37,444,2.0665
Hybrid: S-N + XGBoost,37,469,1.8733
Hybrid: S-N + XGBoost,37,475,2.1805
Hybrid: S-N + XGBoost,37,476,1.5797
Hybrid: S-N + XGBoost,37,477,3.8368
Hybrid: S-N + XGBoost,37,478,1.8230
Hybrid: S-N + XGBoost,37,479,1.7819
Hybrid: S-N + XGBoost,37,480,2.1196
Hybrid: S-N + XGBoost,37,481,1.5787
Hybrid: S-N + XGBoost,37,482,2.1468
Hybrid: S-N + XGBoost,37,483,3.4325
Hybrid: S-N + XGBoost,37,484,1.1035
Hybrid: S-N + XGBoost,37,485,1.2897
Hybrid: S-N + XGBoost,37,486,1.5190
Hybrid: S-N + XGBoost,37,487,1.1842
Hybrid: S-N + XGBoost,37,488,1.6500
Hybrid: S-N + XGBoost,37,489,1.3327
Hybrid: S-N + XGBoost,37,490,2.6692
Hybrid: S-N + XGBoost,37,491,2.2465
Hybrid: S-N + XGBoost,37,492,1.5771
Hybrid: S-N + XGBoost,37,493,2.3148
Hybrid: S-N + XGBoost,37,494,3.2958
Hybrid: S-N + XGBoost,37,495,1.3769
Hybrid: S-N + XGBoost,37,496,1.9289
Hybrid: S-N + XGBoost,37,497,2.0127
Hybrid: S-N + XGBoost,37,498,0.8573
Hybrid: S-N + XGBoost,37,499,3.1731
Hybrid: S-N + XGBoost,37,519,1.2329
Hybrid: S-N + XGBoost,37,544,0.9087
Hybrid: S-N + XGBoost,37,569,1.2773
Hybrid: S-N + XGBoost,37,594,0.8311
Hybrid: S-N + XGBoost,37,619,1.1632
Hybrid: S-N + XGBoost,38,20,9.2097
Hybrid: S-N + XGBoost,38,45,8.5423
Hybrid: S-N + XGBoost,38,70,8.5327
Hybrid: S-N + XGBoost,38,95,7.0362
Hybrid: S-N + XGBoost,38,120,5.8032
Hybrid: S-N + XGBoost,38,145,4.7676
Hybrid: S-N + XGBoost,38,170,5.2983
Hybrid: S-N + XGBoost,38,195,4.9591
Hybrid: S-N + XGBoost,38,220,6.7393
Hybrid: S-N + XGBoost,38,245,5.4692
Hybrid: S-N + XGBoost,38,270,9.0541
Hybrid: S-N + XGBoost,38,295,7.3313
Hybrid: S-N + XGBoost,38,320,7.0991
Hybrid: S-N + XGBoost,38,345,8.9678
Hybrid: S-N + XGBoost,38,370,6.2455
Hybrid: S-N + XGBoost,38,395,7.7323
Hybrid: S-N + XGBoost,38,420,8.3644
Hybrid: S-N + XGBoost,38,445,6.9007
Hybrid: S-N + XGBoost,38,470,7.0511
Hybrid: S-N + XGBoost,38,495,7.4894
Hybrid: S-N + XGBoost,38,500,8.5554
Hybrid: S-N + XGBoost,38,501,8.7280
Hybrid: S-N + XGBoost,38,502,9.8789
Hybrid: S-N + XGBoost,38,503,6.8328
Hybrid: S-N + XGBoost,38,504,5.9736
Hybrid: S-N + XGBoost,38,505,6.1106
Hybrid: S-N + XGBoost,38,506,7.1817
Hybrid: S-N + XGBoost,38,507,5.2841
Hybrid: S-N + XGBoost,38,508,12.3365
Hybrid: S-N + XGBoost,38,509,8.6337
Hybrid: S-N + XGBoost,38,510,9.6336
Hybrid: S-N + XGBoost,38,511,7.3976
Hybrid: S-N + XGBoost,38,512,6.5278
Hybrid: S-N + XGBoost,38,513,10.7006
Hybrid: S-N + XGBoost,38,514,9.3210
Hybrid: S-N + XGBoost,38,515,8.0627
Hybrid: S-N + XGBoost,38,516,7.0377
Hybrid: S-N + XGBoost,38,517,7.6400
Hybrid: S-N + XGBoost,38,518,6.7358
Hybrid: S-N + XGBoost,38,519,7.7734
Hybrid: S-N + XGBoost,38,520,13.7690
Hybrid: S-N + XGBoost,38,521,10.1204
Hybrid: S-N + XGBoost,38,522,10.6991
Hybrid: S-N + XGBoost,38,523,6.5780
Hybrid: S-N + XGBoost,38,524,7.8675
Hybrid: S-N + XGBoost,38,545,8.3422
Hybrid: S-N + XGBoost,38,570,7.3528
Hybrid: S-N + XGBoost,38,595,6.5612
Hybrid: S-N + XGBoost,38,620,6.8845
Hybrid: S-N + XGBoost,40,21,1.8677
Hybrid: S-N + XGBoost,40,46,0.9825
Hybrid: S-N + XGBoost,40,71,1.2375
Hybrid: S-N + XGBoost,40,96,1.5267
Hybrid: S-N + XGBoost,40,121,2.6941
Hybrid: S-N + XGBoost,40,146,3.3605
Hybrid: S-N + XGBoost,40,171,2.6265
Hybrid: S-N + XGBoost,40,196,2.5479
Hybrid: S-N + XGBoost,40,221,1.0803
Hybrid: S-N + XGBoost,40,246,1.7670
Hybrid: S-N + XGBoost,40,271,1.4905
Hybrid: S-N + XGBoost,40,296,1.1782
Hybrid: S-N + XGBoost,40,321,1.6691
Hybrid: S-N + XGBoost,40,346,1.3248
Hybrid: S-N + XGBoost,40,371,2.2315
Hybrid: S-N + XGBoost,40,396,2.4478
Hybrid: S-N + XGBoost,40,421,1.6785
Hybrid: S-N + XGBoost,40,446,2.1143
Hybrid: S-N + XGBoost,40,471,2.6110
Hybrid: S-N + XGBoost,40,496,3.2029
Hybrid: S-N + XGBoost,40,521,1.3457
Hybrid: S-N + XGBoost,40,525,2.0067
Hybrid: S-N + XGBoost,40,526,0.8057
Hybrid: S-N + XGBoost,40,527,5.4610
Hybrid: S-N + XGBoost,40,528,1.7896
Hybrid: S-N + XGBoost,40,529,1.1225
Hybrid: S-N + XGBoost,40,530,4.3400
Hybrid: S-N + XGBoost,40,531,2.4810
Hybrid: S-N + XGBoost,40,532,6.6371
Hybrid: S-N + XGBoost,40,533,5.9747
Hybrid: S-N + XGBoost,40,534,1.0003
Hybrid: S-N + XGBoost,40,535,1.6734
Hybrid: S-N + XGBoost,40,536,1.1757
Hybrid: S-N + XGBoost,40,537,1.9246
Hybrid: S-N + XGBoost,40,538,1.0847
Hybrid: S-N + XGBoost,40,539,2.4192
Hybrid: S-N + XGBoost,40,540,1.5633
Hybrid: S-N + XGBoost,40,541,3.6473
Hybrid: S-N + XGBoost,40,542,1.4630
Hybrid: S-N + XGBoost,40,543,1.0934
Hybrid: S-N + XGBoost,40,544,1.5435
Hybrid: S-N + XGBoost,40,545,1.0711
Hybrid: S-N + XGBoost,40,546,2.2284
Hybrid: S-N + XGBoost,40,547,2.9887
Hybrid: S-N + XGBoost,40,548,0.6267
Hybrid: S-N + XGBoost,40,549,1.9801
Hybrid: S-N + XGBoost,40,571,1.5448
Hybrid: S-N + XGBoost,40,596,1.6116
Hybrid: S-N + XGBoost,40,621,1.0542
Hybrid: S-N + XGBoost,41,22,5.0744
Hybrid: S-N + XGBoost,41,47,1.2013
Hybrid: S-N + XGBoost,41,72,1.7182
Hybrid: S-N + XGBoost,41,97,0.8961
Hybrid: S-N + XGBoost,41,122,1.2324
Hybrid: S-N + XGBoost,41,147,1.7884
Hybrid: S-N + XGBoost,41,172,2.8558
Hybrid: S-N + XGBoost,41,197,2.0805
Hybrid: S-N + XGBoost,41,222,0.9453
Hybrid: S-N + XGBoost,41,247,1.2646
Hybrid: S-N + XGBoost,41,272,3.1564
Hybrid: S-N + XGBoost,41,297,0.9190
Hybrid: S-N + XGBoost,41,322,1.8442
Hybrid: S-N + XGBoost,41,347,1.8952
Hybrid: S-N + XGBoost,41,372,2.7377
Hybrid: S-N + XGBoost,41,397,3.6947
Hybrid: S-N + XGBoost,41,422,2.4945
Hybrid: S-N + XGBoost,41,447,2.5689
Hybrid: S-N + XGBoost,41,472,0.9430
Hybrid: S-N + XGBoost,41,497,4.3403
Hybrid: S-N + XGBoost,41,522,1.8024
Hybrid: S-N + XGBoost,41,547,1.6759
Hybrid: S-N + XGBoost,41,550,5.5647
Hybrid: S-N + XGBoost,41,551,2.6319
Hybrid: S-N + XGBoost,41,552,7.2193
Hybrid: S-N + XGBoost,41,553,3.7220
Hybrid: S-N + XGBoost,41,554,2.9596
Hybrid: S-N + XGBoost,41,555,4.1341
Hybrid: S-N + XGBoost,41,556,4.4439
Hybrid: S-N + XGBoost,41,557,8.4488
Hybrid: S-N + XGBoost,41,558,6.4892
Hybrid: S-N + XGBoost,41,559,2.1038
Hybrid: S-N + XGBoost,41,560,2.8175
Hybrid: S-N + XGBoost,41,561,2.8553
Hybrid: S-N + XGBoost,41,562,3.0587
Hybrid: S-N + XGBoost,41,563,1.7959
Hybrid: S-N + XGBoost,41,564,2.8200
Hybrid: S-N + XGBoost,41,565,4.1825
Hybrid: S-N + XGBoost,41,566,6.1340
Hybrid: S-N + XGBoost,41,567,3.4733
Hybrid: S-N + XGBoost,41,568,3.2892
Hybrid: S-N + XGBoost,41,569,4.6477
Hybrid: S-N + XGBoost,41,570,2.9900
Hybrid: S-N + XGBoost,41,571,1.9050
Hybrid: S-N + XGBoost,41,572,1.5758
Hybrid: S-N + XGBoost,41,573,2.8071
Hybrid: S-N + XGBoost,41,574,3.6299
Hybrid: S-N + XGBoost,41,597,1.3954
Hybrid: S-N + XGBoost,41,622,0.7305
Hybrid: S-N + XGBoost,43,23,0.8353
Hybrid: S-N + XGBoost,43,48,0.8531
Hybrid: S-N + XGBoost,43,73,1.1980
Hybrid: S-N + XGBoost,43,98,1.6339
Hybrid: S-N + XGBoost,43,123,1.8049
Hybrid: S-N + XGBoost,43,148,5.5837
Hybrid: S-N + XGBoost,43,173,6.5520
Hybrid: S-N + XGBoost,43,198,5.6806
Hybrid: S-N + XGBoost,43,223,6.3604
Hybrid: S-N + XGBoost,43,248,7.4546
Hybrid: S-N + XGBoost,43,273,1.2229
Hybrid: S-N + XGBoost,43,298,1.6162
Hybrid: S-N + XGBoost,43,323,1.4667
Hybrid: S-N + XGBoost,43,348,1.4063
Hybrid: S-N + XGBoost,43,373,0.4372
Hybrid: S-N + XGBoost,43,398,2.7601
Hybrid: S-N + XGBoost,43,423,1.8273
Hybrid: S-N + XGBoost,43,448,1.8151
Hybrid: S-N + XGBoost,43,473,2.4122
Hybrid: S-N + XGBoost,43,498,2.0442
Hybrid: S-N + XGBoost,43,523,1.2000
Hybrid: S-N + XGBoost,43,548,2.8545
Hybrid: S-N + XGBoost,43,573,1.9312
Hybrid: S-N + XGBoost,43,575,1.3788
Hybrid: S-N + XGBoost,43,576,2.3349
Hybrid: S-N + XGBoost,43,577,8.6441
Hybrid: S-N + XGBoost,43,578,2.2013
Hybrid: S-N + XGBoost,43,579,2.1755
Hybrid: S-N + XGBoost,43,580,3.4927
Hybrid: S-N + XGBoost,43,581,3.9084
Hybrid: S-N + XGBoost,43,582,4.2770
Hybrid: S-N + XGBoost,43,583,8.1817
Hybrid: S-N + XGBoost,43,584,4.0795
Hybrid: S-N + XGBoost,43,585,3.5803
Hybrid: S-N + XGBoost,43,586,1.6377
Hybrid: S-N + XGBoost,43,587,1.2025
Hybrid: S-N + XGBoost,43,588,3.4889
Hybrid: S-N + XGBoost,43,589,4.5148
Hybrid: S-N + XGBoost,43,590,2.3240
Hybrid: S-N + XGBoost,43,591,1.6274
Hybrid: S-N + XGBoost,43,592,2.0163
Hybrid: S-N + XGBoost,43,593,1.7169
Hybrid: S-N + XGBoost,43,594,2.7360
Hybrid: S-N + XGBoost,43,595,1.4577
Hybrid: S-N + XGBoost,43,596,3.0858
Hybrid: S-N + XGBoost,43,597,4.3075
Hybrid: S-N + XGBoost,43,598,2.0160
Hybrid: S-N + XGBoost,43,599,1.0599
Hybrid: S-N + XGBoost,43,623,1.0775
Hybrid: S-N + XGBoost,50,24,1.1849
Hybrid: S-N + XGBoost,50,49,0.3946
Hybrid: S-N + XGBoost,50,74,1.1156
Hybrid: S-N + XGBoost,50,99,1.0646
Hybrid: S-N + XGBoost,50,124,1.9259
Hybrid: S-N + XGBoost,50,149,4.9513
Hybrid: S-N + XGBoost,50,174,5.3235
Hybrid: S-N + XGBoost,50,199,5.4337
Hybrid: S-N + XGBoost,50,224,6.7996
Hybrid: S-N + XGBoost,50,249,6.3099
Hybrid: S-N + XGBoost,50,274,1.1520
Hybrid: S-N + XGBoost,50,299,0.5410
Hybrid: S-N + XGBoost,50,324,1.5261
Hybrid: S-N + XGBoost,50,349,1.2510
Hybrid: S-N + XGBoost,50,374,1.2935
Hybrid: S-N + XGBoost,50,399,2.9291
Hybrid: S-N + XGBoost,50,424,2.8886
Hybrid: S-N + XGBoost,50,449,1.4254
Hybrid: S-N + XGBoost,50,474,1.6198
Hybrid: S-N + XGBoost,50,499,2.3800
Hybrid: S-N + XGBoost,50,524,1.8973
Hybrid: S-N + XGBoost,50,549,1.5010
Hybrid: S-N + XGBoost,50,574,1.1682
Hybrid: S-N + XGBoost,50,599,1.0992
Hybrid: S-N + XGBoost,50,600,2.3773
Hybrid: S-N + XGBoost,50,601,3.1746
Hybrid: S-N + XGBoost,50,602,8.9511
Hybrid: S-N + XGBoost,50,603,2.2095
Hybrid: S-N + XGBoost,50,604,2.0931
Hybrid: S-N + XGBoost,50,605,3.8710
Hybrid: S-N + XGBoost,50,606,3.1200
Hybrid: S-N + XGBoost,50,607,3.6916
Hybrid: S-N + XGBoost,50,608,6.6845
Hybrid: S-N + XGBoost,50,609,5.1889
Hybrid: S-N + XGBoost,50,610,2.5990
Hybrid: S-N + XGBoost,50,611,0.9951
Hybrid: S-N + XGBoost,50,612,1.5418
Hybrid: S-N + XGBoost,50,613,6.0486
Hybrid: S-N + XGBoost,50,614,5.7014
Hybrid: S-N + XGBoost,50,615,3.0414
Hybrid: S-N + XGBoost,50,616,1.2798
Hybrid: S-N + XGBoost,50,617,1.9551
Hybrid: S-N + XGBoost,50,618,1.3400
Hybrid: S-N + XGBoost,50,619,3.0492
Hybrid: S-N + XGBoost,50,620,1.4179
Hybrid: S-N + XGBoost,50,621,3.2170
Hybrid: S-N + XGBoost,50,622,3.7525
Hybrid: S-N + XGBoost,50,623,0.6832
Hybrid: S-N + XGBoost,50,624,1.1260
Hybrid: S-N + MLP (BPNN),01,0,12.8084
Hybrid: S-N + MLP (BPNN),01,1,7.0470
Hybrid: S-N + MLP (BPNN),01,2,7.1174
Hybrid: S-N + MLP (BPNN),01,3,5.0268
Hybrid: S-N + MLP (BPNN),01,4,5.9879
Hybrid: S-N + MLP (BPNN),01,5,9.6784
Hybrid: S-N + MLP (BPNN),01,6,6.4531
Hybrid: S-N + MLP (BPNN),01,7,9.7990
Hybrid: S-N + MLP (BPNN),01,8,6.1303
Hybrid: S-N + MLP (BPNN),01,9,4.3532
Hybrid: S-N + MLP (BPNN),01,10,6.0437
Hybrid: S-N + MLP (BPNN),01,11,5.3344
Hybrid: S-N + MLP (BPNN),01,12,9.0684
Hybrid: S-N + MLP (BPNN),01,13,4.4534
Hybrid: S-N + MLP (BPNN),01,14,10.4662
Hybrid: S-N + MLP (BPNN),01,15,7.8738
Hybrid: S-N + MLP (BPNN),01,16,8.7203
Hybrid: S-N + MLP (BPNN),01,17,11.6137
Hybrid: S-N + MLP (BPNN),01,18,6.0472
Hybrid: S-N + MLP (BPNN),01,19,8.5332
Hybrid: S-N + MLP (BPNN),01,20,12.3684
Hybrid: S-N + MLP (BPNN),01,21,6.2989
Hybrid: S-N + MLP (BPNN),01,22,7.6499
Hybrid: S-N + MLP (BPNN),01,23,7.4252
Hybrid: S-N + MLP (BPNN),01,24,6.0159
Hybrid: S-N + MLP (BPNN),01,25,4.6570
Hybrid: S-N + MLP (BPNN),01,50,4.7840
Hybrid: S-N + MLP (BPNN),01,75,4.5531
Hybrid: S-N + MLP (BPNN),01,100,4.5556
Hybrid: S-N + MLP (BPNN),01,125,6.4924
Hybrid: S-N + MLP (BPNN),01,150,4.8697
Hybrid: S-N + MLP (BPNN),01,175,6.3512
Hybrid: S-N + MLP (BPNN),01,200,4.4987
Hybrid: S-N + MLP (BPNN),01,225,5.6476
Hybrid: S-N + MLP (BPNN),01,250,4.5684
Hybrid: S-N + MLP (BPNN),01,275,3.8704
Hybrid: S-N + MLP (BPNN),01,300,5.9233
Hybrid: S-N + MLP (BPNN),01,325,5.2105
Hybrid: S-N + MLP (BPNN),01,350,7.5737
Hybrid: S-N + MLP (BPNN),01,375,6.1693
Hybrid: S-N + MLP (BPNN),01,400,3.8592
Hybrid: S-N + MLP (BPNN),01,425,8.1678
Hybrid: S-N + MLP (BPNN),01,450,3.4418
Hybrid: S-N + MLP (BPNN),01,475,6.2797
Hybrid: S-N + MLP (BPNN),01,500,7.6477
Hybrid: S-N + MLP (BPNN),01,525,5.9691
Hybrid: S-N + MLP (BPNN),01,550,5.7046
Hybrid: S-N + MLP (BPNN),01,575,5.6675
Hybrid: S-N + MLP (BPNN),01,600,5.2050
Hybrid: S-N + MLP (BPNN),02,1,3.0227
Hybrid: S-N + MLP (BPNN),02,25,2.1769
Hybrid: S-N + MLP (BPNN),02,26,4.0736
Hybrid: S-N + MLP (BPNN),02,27,3.8766
Hybrid: S-N + MLP (BPNN),02,28,3.3096
Hybrid: S-N + MLP (BPNN),02,29,3.9056
Hybrid: S-N + MLP (BPNN),02,30,2.5282
Hybrid: S-N + MLP (BPNN),02,31,5.2851
Hybrid: S-N + MLP (BPNN),02,32,1.7985
Hybrid: S-N + MLP (BPNN),02,33,0.7570
Hybrid: S-N + MLP (BPNN),02,34,1.0517
Hybrid: S-N + MLP (BPNN),02,35,3.4464
Hybrid: S-N + MLP (BPNN),02,36,2.7404
Hybrid: S-N + MLP (BPNN),02,37,2.5513
Hybrid: S-N + MLP (BPNN),02,38,1.9783
Hybrid: S-N + MLP (BPNN),02,39,3.6563
Hybrid: S-N + MLP (BPNN),02,40,1.2743
Hybrid: S-N + MLP (BPNN),02,41,2.7239
Hybrid: S-N + MLP (BPNN),02,42,1.3329
Hybrid: S-N + MLP (BPNN),02,43,2.2539
Hybrid: S-N + MLP (BPNN),02,44,3.4456
Hybrid: S-N + MLP (BPNN),02,45,6.3376
Hybrid: S-N + MLP (BPNN),02,46,0.8554
Hybrid: S-N + MLP (BPNN),02,47,1.3763
Hybrid: S-N + MLP (BPNN),02,48,1.6133
Hybrid: S-N + MLP (BPNN),02,49,3.2656
Hybrid: S-N + MLP (BPNN),02,51,3.4583
Hybrid: S-N + MLP (BPNN),02,76,2.9061
Hybrid: S-N + MLP (BPNN),02,101,1.9955
Hybrid: S-N + MLP (BPNN),02,126,1.9351
Hybrid: S-N + MLP (BPNN),02,151,4.7439
Hybrid: S-N + MLP (BPNN),02,176,2.3886
Hybrid: S-N + MLP (BPNN),02,201,0.7140
Hybrid: S-N + MLP (BPNN),02,226,1.9100
Hybrid: S-N + MLP (BPNN),02,251,2.9313
Hybrid: S-N + MLP (BPNN),02,276,1.6524
Hybrid: S-N + MLP (BPNN),02,301,1.5431
Hybrid: S-N + MLP (BPNN),02,326,1.7270
Hybrid: S-N + MLP (BPNN),02,351,2.5045
Hybrid: S-N + MLP (BPNN),02,376,4.6017
Hybrid: S-N + MLP (BPNN),02,401,4.1891
Hybrid: S-N + MLP (BPNN),02,426,6.3066
Hybrid: S-N + MLP (BPNN),02,451,2.7685
Hybrid: S-N + MLP (BPNN),02,476,4.3763
Hybrid: S-N + MLP (BPNN),02,501,5.8809
Hybrid: S-N + MLP (BPNN),02,526,2.2993
Hybrid: S-N + MLP (BPNN),02,551,2.4460
Hybrid: S-N + MLP (BPNN),02,576,1.2312
Hybrid: S-N + MLP (BPNN),02,601,2.0189
Hybrid: S-N + MLP (BPNN),03,2,2.9573
Hybrid: S-N + MLP (BPNN),03,27,2.7510
Hybrid: S-N + MLP (BPNN),03,50,3.3192
Hybrid: S-N + MLP (BPNN),03,51,2.1132
Hybrid: S-N + MLP (BPNN),03,52,2.3765
Hybrid: S-N + MLP (BPNN),03,53,4.4348
Hybrid: S-N + MLP (BPNN),03,54,5.9396
Hybrid: S-N + MLP (BPNN),03,55,6.4468
Hybrid: S-N + MLP (BPNN),03,56,6.5564
Hybrid: S-N + MLP (BPNN),03,57,4.3113
Hybrid: S-N + MLP (BPNN),03,58,1.1871
Hybrid: S-N + MLP (BPNN),03,59,1.8191
Hybrid: S-N + MLP (BPNN),03,60,2.8667
Hybrid: S-N + MLP (BPNN),03,61,1.6128
Hybrid: S-N + MLP (BPNN),03,62,3.9722
Hybrid: S-N + MLP (BPNN),03,63,3.2145
Hybrid: S-N + MLP (BPNN),03,64,4.2776
Hybrid: S-N + MLP (BPNN),03,65,2.7132
Hybrid: S-N + MLP (BPNN),03,66,2.3498
Hybrid: S-N + MLP (BPNN),03,67,3.6639
Hybrid: S-N + MLP (BPNN),03,68,3.0550
Hybrid: S-N + MLP (BPNN),03,69,4.2618
Hybrid: S-N + MLP (BPNN),03,70,3.9632
Hybrid: S-N + MLP (BPNN),03,71,1.5774
Hybrid: S-N + MLP (BPNN),03,72,1.4688
Hybrid: S-N + MLP (BPNN),03,73,2.6099
Hybrid: S-N + MLP (BPNN),03,74,3.1898
Hybrid: S-N + MLP (BPNN),03,77,1.9834
Hybrid: S-N + MLP (BPNN),03,102,3.1097
Hybrid: S-N + MLP (BPNN),03,127,3.4192
Hybrid: S-N + MLP (BPNN),03,152,5.0205
Hybrid: S-N + MLP (BPNN),03,177,4.2455
Hybrid: S-N + MLP (BPNN),03,202,1.7144
Hybrid: S-N + MLP (BPNN),03,227,2.5269
Hybrid: S-N + MLP (BPNN),03,252,2.8158
Hybrid: S-N + MLP (BPNN),03,277,3.0794
Hybrid: S-N + MLP (BPNN),03,302,3.7041
Hybrid: S-N + MLP (BPNN),03,327,2.5495
Hybrid: S-N + MLP (BPNN),03,352,3.2771
Hybrid: S-N + MLP (BPNN),03,377,2.5923
Hybrid: S-N + MLP (BPNN),03,402,2.6275
Hybrid: S-N + MLP (BPNN),03,427,3.8452
Hybrid: S-N + MLP (BPNN),03,452,2.7321
Hybrid: S-N + MLP (BPNN),03,477,1.6283
Hybrid: S-N + MLP (BPNN),03,502,10.8535
Hybrid: S-N + MLP (BPNN),03,527,7.4827
Hybrid: S-N + MLP (BPNN),03,552,8.2698
Hybrid: S-N + MLP (BPNN),03,577,11.4344
Hybrid: S-N + MLP (BPNN),03,602,9.8611
Hybrid: S-N + MLP (BPNN),05,3,1.2540
Hybrid: S-N + MLP (BPNN),05,28,2.2558
Hybrid: S-N + MLP (BPNN),05,53,2.2961
Hybrid: S-N + MLP (BPNN),05,75,1.5908
Hybrid: S-N + MLP (BPNN),05,76,3.3135
Hybrid: S-N + MLP (BPNN),05,77,4.1741
Hybrid: S-N + MLP (BPNN),05,78,1.4366
Hybrid: S-N + MLP (BPNN),05,79,0.9623
Hybrid: S-N + MLP (BPNN),05,80,1.2329
Hybrid: S-N + MLP (BPNN),05,81,2.6167
Hybrid: S-N + MLP (BPNN),05,82,0.8509
Hybrid: S-N + MLP (BPNN),05,83,2.2790
Hybrid: S-N + MLP (BPNN),05,84,4.4023
Hybrid: S-N + MLP (BPNN),05,85,3.2414
Hybrid: S-N + MLP (BPNN),05,86,1.3984
Hybrid: S-N + MLP (BPNN),05,87,2.4884
Hybrid: S-N + MLP (BPNN),05,88,5.8866
Hybrid: S-N + MLP (BPNN),05,89,2.2867
Hybrid: S-N + MLP (BPNN),05,90,1.5184
Hybrid: S-N + MLP (BPNN),05,91,3.0247
Hybrid: S-N + MLP (BPNN),05,92,2.9232
Hybrid: S-N + MLP (BPNN),05,93,1.5606
Hybrid: S-N + MLP (BPNN),05,94,2.6422
Hybrid: S-N + MLP (BPNN),05,95,4.5932
Hybrid: S-N + MLP (BPNN),05,96,3.3005
Hybrid: S-N + MLP (BPNN),05,97,1.9906
Hybrid: S-N + MLP (BPNN),05,98,2.2386
Hybrid: S-N + MLP (BPNN),05,99,1.5422
Hybrid: S-N + MLP (BPNN),05,103,1.7307
Hybrid: S-N + MLP (BPNN),05,128,0.9082
Hybrid: S-N + MLP (BPNN),05,153,1.6131
Hybrid: S-N + MLP (BPNN),05,178,0.6993
Hybrid: S-N + MLP (BPNN),05,203,2.5490
Hybrid: S-N + MLP (BPNN),05,228,3.0805
Hybrid: S-N + MLP (BPNN),05,253,0.5509
Hybrid: S-N + MLP (BPNN),05,278,0.7283
Hybrid: S-N + MLP (BPNN),05,303,1.1934
Hybrid: S-N + MLP (BPNN),05,328,2.6135
Hybrid: S-N + MLP (BPNN),05,353,1.1216
Hybrid: S-N + MLP (BPNN),05,378,2.4420
Hybrid: S-N + MLP (BPNN),05,403,2.3026
Hybrid: S-N + MLP (BPNN),05,428,3.8399
Hybrid: S-N + MLP (BPNN),05,453,2.0808
Hybrid: S-N + MLP (BPNN),05,478,2.2716
Hybrid: S-N + MLP (BPNN),05,503,5.2025
Hybrid: S-N + MLP (BPNN),05,528,0.9607
Hybrid: S-N + MLP (BPNN),05,553,1.6377
Hybrid: S-N + MLP (BPNN),05,578,1.8796
Hybrid: S-N + MLP (BPNN),05,603,1.2509
Hybrid: S-N + MLP (BPNN),07,4,1.4613
Hybrid: S-N + MLP (BPNN),07,29,2.7823
Hybrid: S-N + MLP (BPNN),07,54,2.7602
Hybrid: S-N + MLP (BPNN),07,79,0.9267
Hybrid: S-N + MLP (BPNN),07,100,1.9233
Hybrid: S-N + MLP (BPNN),07,101,2.4157
Hybrid: S-N + MLP (BPNN),07,102,2.8610
Hybrid: S-N + MLP (BPNN),07,103,1.9174
Hybrid: S-N + MLP (BPNN),07,104,1.4020
Hybrid: S-N + MLP (BPNN),07,105,1.0995
Hybrid: S-N + MLP (BPNN),07,106,1.7852
Hybrid: S-N + MLP (BPNN),07,107,1.1595
Hybrid: S-N + MLP (BPNN),07,108,1.0217
Hybrid: S-N + MLP (BPNN),07,109,2.1577
Hybrid: S-N + MLP (BPNN),07,110,0.8518
Hybrid: S-N + MLP (BPNN),07,111,1.5104
Hybrid: S-N + MLP (BPNN),07,112,1.0594
Hybrid: S-N + MLP (BPNN),07,113,4.4081
Hybrid: S-N + MLP (BPNN),07,114,1.0318
Hybrid: S-N + MLP (BPNN),07,115,0.7526
Hybrid: S-N + MLP (BPNN),07,116,1.4125
Hybrid: S-N + MLP (BPNN),07,117,2.1115
Hybrid: S-N + MLP (BPNN),07,118,1.0897
Hybrid: S-N + MLP (BPNN),07,119,1.2607
Hybrid: S-N + MLP (BPNN),07,120,4.7009
Hybrid: S-N + MLP (BPNN),07,121,1.2600
Hybrid: S-N + MLP (BPNN),07,122,0.6421
Hybrid: S-N + MLP (BPNN),07,123,0.6724
Hybrid: S-N + MLP (BPNN),07,124,1.5083
Hybrid: S-N + MLP (BPNN),07,129,0.4090
Hybrid: S-N + MLP (BPNN),07,154,1.9446
Hybrid: S-N + MLP (BPNN),07,179,0.9022
Hybrid: S-N + MLP (BPNN),07,204,2.7498
Hybrid: S-N + MLP (BPNN),07,229,3.5295
Hybrid: S-N + MLP (BPNN),07,254,1.0913
Hybrid: S-N + MLP (BPNN),07,279,0.8317
Hybrid: S-N + MLP (BPNN),07,304,2.1731
Hybrid: S-N + MLP (BPNN),07,329,0.5186
Hybrid: S-N + MLP (BPNN),07,354,1.7364
Hybrid: S-N + MLP (BPNN),07,379,1.1208
Hybrid: S-N + MLP (BPNN),07,404,3.1131
Hybrid: S-N + MLP (BPNN),07,429,1.4265
Hybrid: S-N + MLP (BPNN),07,454,1.4169
Hybrid: S-N + MLP (BPNN),07,479,1.0688
Hybrid: S-N + MLP (BPNN),07,504,3.3432
Hybrid: S-N + MLP (BPNN),07,529,1.1482
Hybrid: S-N + MLP (BPNN),07,554,1.6007
Hybrid: S-N + MLP (BPNN),07,579,1.6380
Hybrid: S-N + MLP (BPNN),07,604,0.8460
Hybrid: S-N + MLP (BPNN),12,5,1.3540
Hybrid: S-N + MLP (BPNN),12,30,2.0410
Hybrid: S-N + MLP (BPNN),12,55,1.9311
Hybrid: S-N + MLP (BPNN),12,80,0.5836
Hybrid: S-N + MLP (BPNN),12,105,0.9795
Hybrid: S-N + MLP (BPNN),12,125,1.5518
Hybrid: S-N + MLP (BPNN),12,126,2.1394
Hybrid: S-N + MLP (BPNN),12,127,1.6760
Hybrid: S-N + MLP (BPNN),12,128,0.1599
Hybrid: S-N + MLP (BPNN),12,129,0.0873
Hybrid: S-N + MLP (BPNN),12,130,1.3530
Hybrid: S-N + MLP (BPNN),12,131,2.1602
Hybrid: S-N + MLP (BPNN),12,132,1.4222
Hybrid: S-N + MLP (BPNN),12,133,0.6286
Hybrid: S-N + MLP (BPNN),12,134,4.6388
Hybrid: S-N + MLP (BPNN),12,135,2.0560
Hybrid: S-N + MLP (BPNN),12,136,0.6039
Hybrid: S-N + MLP (BPNN),12,137,0.7216
Hybrid: S-N + MLP (BPNN),12,138,4.1568
Hybrid: S-N + MLP (BPNN),12,139,1.8266
Hybrid: S-N + MLP (BPNN),12,140,1.4449
Hybrid: S-N + MLP (BPNN),12,141,1.8771
Hybrid: S-N + MLP (BPNN),12,142,2.7060
Hybrid: S-N + MLP (BPNN),12,143,0.8761
Hybrid: S-N + MLP (BPNN),12,144,1.1096
Hybrid: S-N + MLP (BPNN),12,145,4.0443
Hybrid: S-N + MLP (BPNN),12,146,1.0401
Hybrid: S-N + MLP (BPNN),12,147,2.9621
Hybrid: S-N + MLP (BPNN),12,148,4.6023
Hybrid: S-N + MLP (BPNN),12,149,4.6709
Hybrid: S-N + MLP (BPNN),12,155,1.1190
Hybrid: S-N + MLP (BPNN),12,180,0.2938
Hybrid: S-N + MLP (BPNN),12,205,5.1113
Hybrid: S-N + MLP (BPNN),12,230,3.2936
Hybrid: S-N + MLP (BPNN),12,255,1.6715
Hybrid: S-N + MLP (BPNN),12,280,0.9591
Hybrid: S-N + MLP (BPNN),12,305,1.1602
Hybrid: S-N + MLP (BPNN),12,330,2.3223
Hybrid: S-N + MLP (BPNN),12,355,2.0555
Hybrid: S-N + MLP (BPNN),12,380,0.8864
Hybrid: S-N + MLP (BPNN),12,405,2.7331
Hybrid: S-N + MLP (BPNN),12,430,1.9059
Hybrid: S-N + MLP (BPNN),12,455,0.7465
Hybrid: S-N + MLP (BPNN),12,480,1.1438
Hybrid: S-N + MLP (BPNN),12,505,3.3882
Hybrid: S-N + MLP (BPNN),12,530,2.5522
Hybrid: S-N + MLP (BPNN),12,555,1.8314
Hybrid: S-N + MLP (BPNN),12,580,2.0658
Hybrid: S-N + MLP (BPNN),12,605,2.3090
Hybrid: S-N + MLP (BPNN),13,6,3.2143
Hybrid: S-N + MLP (BPNN),13,31,3.8270
Hybrid: S-N + MLP (BPNN),13,56,4.0009
Hybrid: S-N + MLP (BPNN),13,81,2.8835
Hybrid: S-N + MLP (BPNN),13,106,2.0022
Hybrid: S-N + MLP (BPNN),13,131,1.9357
Hybrid: S-N + MLP (BPNN),13,150,0.9534
Hybrid: S-N + MLP (BPNN),13,151,7.4167
Hybrid: S-N + MLP (BPNN),13,152,6.0597
Hybrid: S-N + MLP (BPNN),13,153,3.2967
Hybrid: S-N + MLP (BPNN),13,154,3.7479
Hybrid: S-N + MLP (BPNN),13,155,3.1646
Hybrid: S-N + MLP (BPNN),13,156,2.7325
Hybrid: S-N + MLP (BPNN),13,157,3.0724
Hybrid: S-N + MLP (BPNN),13,158,5.2236
Hybrid: S-N + MLP (BPNN),13,159,5.3798
Hybrid: S-N + MLP (BPNN),13,160,3.0073
Hybrid: S-N + MLP (BPNN),13,161,4.2597
Hybrid: S-N + MLP (BPNN),13,162,3.8412
Hybrid: S-N + MLP (BPNN),13,163,3.4083
Hybrid: S-N + MLP (BPNN),13,164,2.4856
Hybrid: S-N + MLP (BPNN),13,165,3.3212
Hybrid: S-N + MLP (BPNN),13,166,5.7412
Hybrid: S-N + MLP (BPNN),13,167,4.1301
Hybrid: S-N + MLP (BPNN),13,168,4.6324
Hybrid: S-N + MLP (BPNN),13,169,2.8080
Hybrid: S-N + MLP (BPNN),13,170,6.3402
Hybrid: S-N + MLP (BPNN),13,171,4.0616
Hybrid: S-N + MLP (BPNN),13,172,4.7948
Hybrid: S-N + MLP (BPNN),13,173,3.4889
Hybrid: S-N + MLP (BPNN),13,174,9.0936
Hybrid: S-N + MLP (BPNN),13,181,1.6932
Hybrid: S-N + MLP (BPNN),13,206,1.9742
Hybrid: S-N + MLP (BPNN),13,231,1.1607
Hybrid: S-N + MLP (BPNN),13,256,1.1255
Hybrid: S-N + MLP (BPNN),13,281,2.1498
Hybrid: S-N + MLP (BPNN),13,306,1.4020
Hybrid: S-N + MLP (BPNN),13,331,2.0843
Hybrid: S-N + MLP (BPNN),13,356,2.1966
Hybrid: S-N + MLP (BPNN),13,381,2.3030
Hybrid: S-N + MLP (BPNN),13,406,3.5601
Hybrid: S-N + MLP (BPNN),13,431,2.5065
Hybrid: S-N + MLP (BPNN),13,456,2.9614
Hybrid: S-N + MLP (BPNN),13,481,2.7752
Hybrid: S-N + MLP (BPNN),13,506,4.8209
Hybrid: S-N + MLP (BPNN),13,531,2.1227
Hybrid: S-N + MLP (BPNN),13,556,1.2143
Hybrid: S-N + MLP (BPNN),13,581,0.8869
Hybrid: S-N + MLP (BPNN),13,606,1.4613
Hybrid: S-N + MLP (BPNN),15,7,0.7383
Hybrid: S-N + MLP (BPNN),15,32,2.0655
Hybrid: S-N + MLP (BPNN),15,57,0.2400
Hybrid: S-N + MLP (BPNN),15,82,1.0257
Hybrid: S-N + MLP (BPNN),15,107,0.9128
Hybrid: S-N + MLP (BPNN),15,132,0.9440
Hybrid: S-N + MLP (BPNN),15,157,0.9391
Hybrid: S-N + MLP (BPNN),15,175,1.5934
Hybrid: S-N + MLP (BPNN),15,176,1.5508
Hybrid: S-N + MLP (BPNN),15,177,1.9493
Hybrid: S-N + MLP (BPNN),15,178,0.5636
Hybrid: S-N + MLP (BPNN),15,179,0.5936
Hybrid: S-N + MLP (BPNN),15,180,0.4045
Hybrid: S-N + MLP (BPNN),15,181,1.2317
Hybrid: S-N + MLP (BPNN),15,182,0.9379
Hybrid: S-N + MLP (BPNN),15,183,1.1326
Hybrid: S-N + MLP (BPNN),15,184,2.7144
Hybrid: S-N + MLP (BPNN),15,185,1.7756
Hybrid: S-N + MLP (BPNN),15,186,1.4247
Hybrid: S-N + MLP (BPNN),15,187,0.9508
Hybrid: S-N + MLP (BPNN),15,188,2.6939
Hybrid: S-N + MLP (BPNN),15,189,1.3656
Hybrid: S-N + MLP (BPNN),15,190,1.3048
Hybrid: S-N + MLP (BPNN),15,191,2.8592
Hybrid: S-N + MLP (BPNN),15,192,2.1457
Hybrid: S-N + MLP (BPNN),15,193,0.8282
Hybrid: S-N + MLP (BPNN),15,194,1.2760
Hybrid: S-N + MLP (BPNN),15,195,3.7980
Hybrid: S-N + MLP (BPNN),15,196,1.8675
Hybrid: S-N + MLP (BPNN),15,197,3.1472
Hybrid: S-N + MLP (BPNN),15,198,4.4674
Hybrid: S-N + MLP (BPNN),15,199,5.4528
Hybrid: S-N + MLP (BPNN),15,207,3.6523
Hybrid: S-N + MLP (BPNN),15,232,1.6272
Hybrid: S-N + MLP (BPNN),15,257,0.5363
Hybrid: S-N + MLP (BPNN),15,282,0.6796
Hybrid: S-N + MLP (BPNN),15,307,0.9435
Hybrid: S-N + MLP (BPNN),15,332,1.4039
Hybrid: S-N + MLP (BPNN),15,357,1.4383
Hybrid: S-N + MLP (BPNN),15,382,1.9111
Hybrid: S-N + MLP (BPNN),15,407,3.1750
Hybrid: S-N + MLP (BPNN),15,432,1.5690
Hybrid: S-N + MLP (BPNN),15,457,2.1318
Hybrid: S-N + MLP (BPNN),15,482,1.1473
Hybrid: S-N + MLP (BPNN),15,507,2.8436
Hybrid: S-N + MLP (BPNN),15,532,5.0021
Hybrid: S-N + MLP (BPNN),15,557,5.9201
Hybrid: S-N + MLP (BPNN),15,582,4.8347
Hybrid: S-N + MLP (BPNN),15,607,4.4574
Hybrid: S-N + MLP (BPNN),17,8,3.5325
Hybrid: S-N + MLP (BPNN),17,33,3.0948
Hybrid: S-N + MLP (BPNN),17,58,3.6017
Hybrid: S-N + MLP (BPNN),17,83,2.7611
Hybrid: S-N + MLP (BPNN),17,108,2.4356
Hybrid: S-N + MLP (BPNN),17,133,2.4843
Hybrid: S-N + MLP (BPNN),17,158,4.2118
Hybrid: S-N + MLP (BPNN),17,183,1.7113
Hybrid: S-N + MLP (BPNN),17,200,5.7597
Hybrid: S-N + MLP (BPNN),17,201,4.2171
Hybrid: S-N + MLP (BPNN),17,202,4.2359
Hybrid: S-N + MLP (BPNN),17,203,5.5863
Hybrid: S-N + MLP (BPNN),17,204,5.7494
Hybrid: S-N + MLP (BPNN),17,205,7.5176
Hybrid: S-N + MLP (BPNN),17,206,6.5123
Hybrid: S-N + MLP (BPNN),17,207,5.8287
Hybrid: S-N + MLP (BPNN),17,208,6.7935
Hybrid: S-N + MLP (BPNN),17,209,2.0814
Hybrid: S-N + MLP (BPNN),17,210,4.1647
Hybrid: S-N + MLP (BPNN),17,211,3.8108
Hybrid: S-N + MLP (BPNN),17,212,4.2966
Hybrid: S-N + MLP (BPNN),17,213,2.7150
Hybrid: S-N + MLP (BPNN),17,214,5.5339
Hybrid: S-N + MLP (BPNN),17,215,4.1154
Hybrid: S-N + MLP (BPNN),17,216,4.2887
Hybrid: S-N + MLP (BPNN),17,217,5.6920
Hybrid: S-N + MLP (BPNN),17,218,4.2661
Hybrid: S-N + MLP (BPNN),17,219,5.4430
Hybrid: S-N + MLP (BPNN),17,220,2.3395
Hybrid: S-N + MLP (BPNN),17,221,3.1499
Hybrid: S-N + MLP (BPNN),17,222,3.3921
Hybrid: S-N + MLP (BPNN),17,223,7.6124
Hybrid: S-N + MLP (BPNN),17,224,8.8176
Hybrid: S-N + MLP (BPNN),17,233,1.8122
Hybrid: S-N + MLP (BPNN),17,258,2.9343
Hybrid: S-N + MLP (BPNN),17,283,3.4108
Hybrid: S-N + MLP (BPNN),17,308,4.3777
Hybrid: S-N + MLP (BPNN),17,333,2.8852
Hybrid: S-N + MLP (BPNN),17,358,4.0690
Hybrid: S-N + MLP (BPNN),17,383,3.5783
Hybrid: S-N + MLP (BPNN),17,408,5.0639
Hybrid: S-N + MLP (BPNN),17,433,5.0355
Hybrid: S-N + MLP (BPNN),17,458,4.3746
Hybrid: S-N + MLP (BPNN),17,483,5.3279
Hybrid: S-N + MLP (BPNN),17,508,9.4361
Hybrid: S-N + MLP (BPNN),17,533,8.2561
Hybrid: S-N + MLP (BPNN),17,558,8.7240
Hybrid: S-N + MLP (BPNN),17,583,10.9263
Hybrid: S-N + MLP (BPNN),17,608,8.9455
Hybrid: S-N + MLP (BPNN),18,9,1.0201
Hybrid: S-N + MLP (BPNN),18,34,1.2069
Hybrid: S-N + MLP (BPNN),18,59,0.8215
Hybrid: S-N + MLP (BPNN),18,84,1.5552
Hybrid: S-N + MLP (BPNN),18,109,1.7237
Hybrid: S-N + MLP (BPNN),18,134,4.2897
Hybrid: S-N + MLP (BPNN),18,159,3.4613
Hybrid: S-N + MLP (BPNN),18,184,2.5493
Hybrid: S-N + MLP (BPNN),18,209,3.2316
Hybrid: S-N + MLP (BPNN),18,225,1.9658
Hybrid: S-N + MLP (BPNN),18,226,0.9789
Hybrid: S-N + MLP (BPNN),18,227,1.3100
Hybrid: S-N + MLP (BPNN),18,228,4.9938
Hybrid: S-N + MLP (BPNN),18,229,6.4682
Hybrid: S-N + MLP (BPNN),18,230,5.5137
Hybrid: S-N + MLP (BPNN),18,231,3.0178
Hybrid: S-N + MLP (BPNN),18,232,3.8151
Hybrid: S-N + MLP (BPNN),18,233,1.4975
Hybrid: S-N + MLP (BPNN),18,234,1.6306
Hybrid: S-N + MLP (BPNN),18,235,2.4921
Hybrid: S-N + MLP (BPNN),18,236,3.4839
Hybrid: S-N + MLP (BPNN),18,237,2.2129
Hybrid: S-N + MLP (BPNN),18,238,1.6530
Hybrid: S-N + MLP (BPNN),18,239,3.2178
Hybrid: S-N + MLP (BPNN),18,240,2.5467
Hybrid: S-N + MLP (BPNN),18,241,1.6502
Hybrid: S-N + MLP (BPNN),18,242,3.4307
Hybrid: S-N + MLP (BPNN),18,243,4.2728
Hybrid: S-N + MLP (BPNN),18,244,1.8253
Hybrid: S-N + MLP (BPNN),18,245,5.6223
Hybrid: S-N + MLP (BPNN),18,246,1.4836
Hybrid: S-N + MLP (BPNN),18,247,1.8614
Hybrid: S-N + MLP (BPNN),18,248,7.0582
Hybrid: S-N + MLP (BPNN),18,249,6.5429
Hybrid: S-N + MLP (BPNN),18,259,0.6136
Hybrid: S-N + MLP (BPNN),18,284,2.4428
Hybrid: S-N + MLP (BPNN),18,309,2.0862
Hybrid: S-N + MLP (BPNN),18,334,1.0496
Hybrid: S-N + MLP (BPNN),18,359,1.6764
Hybrid: S-N + MLP (BPNN),18,384,1.3300
Hybrid: S-N + MLP (BPNN),18,409,0.8158
Hybrid: S-N + MLP (BPNN),18,434,3.0256
Hybrid: S-N + MLP (BPNN),18,459,1.2028
Hybrid: S-N + MLP (BPNN),18,484,0.4286
Hybrid: S-N + MLP (BPNN),18,509,7.7611
Hybrid: S-N + MLP (BPNN),18,534,1.2286
Hybrid: S-N + MLP (BPNN),18,559,1.3241
Hybrid: S-N + MLP (BPNN),18,584,3.8994
Hybrid: S-N + MLP (BPNN),18,609,5.1738
Hybrid: S-N + MLP (BPNN),19,10,0.5812
Hybrid: S-N + MLP (BPNN),19,35,1.7361
Hybrid: S-N + MLP (BPNN),19,60,1.8187
Hybrid: S-N + MLP (BPNN),19,85,1.6339
Hybrid: S-N + MLP (BPNN),19,110,0.6257
Hybrid: S-N + MLP (BPNN),19,135,0.4895
Hybrid: S-N + MLP (BPNN),19,160,0.9105
Hybrid: S-N + MLP (BPNN),19,185,0.4312
Hybrid: S-N + MLP (BPNN),19,210,1.4013
Hybrid: S-N + MLP (BPNN),19,235,0.3407
Hybrid: S-N + MLP (BPNN),19,250,2.4201
Hybrid: S-N + MLP (BPNN),19,251,2.4156
Hybrid: S-N + MLP (BPNN),19,252,2.1550
Hybrid: S-N + MLP (BPNN),19,253,1.5711
Hybrid: S-N + MLP (BPNN),19,254,0.5920
Hybrid: S-N + MLP (BPNN),19,255,0.9526
Hybrid: S-N + MLP (BPNN),19,256,1.1138
Hybrid: S-N + MLP (BPNN),19,257,2.1955
Hybrid: S-N + MLP (BPNN),19,258,3.3997
Hybrid: S-N + MLP (BPNN),19,259,1.5052
Hybrid: S-N + MLP (BPNN),19,260,1.9014
Hybrid: S-N + MLP (BPNN),19,261,2.8579
Hybrid: S-N + MLP (BPNN),19,262,3.6132
Hybrid: S-N + MLP (BPNN),19,263,1.0142
Hybrid: S-N + MLP (BPNN),19,264,3.4953
Hybrid: S-N + MLP (BPNN),19,265,3.4520
Hybrid: S-N + MLP (BPNN),19,266,3.8157
Hybrid: S-N + MLP (BPNN),19,267,4.3890
Hybrid: S-N + MLP (BPNN),19,268,1.8654
Hybrid: S-N + MLP (BPNN),19,269,2.2278
Hybrid: S-N + MLP (BPNN),19,270,3.8032
Hybrid: S-N + MLP (BPNN),19,271,2.0398
Hybrid: S-N + MLP (BPNN),19,272,2.2514
Hybrid: S-N + MLP (BPNN),19,273,2.0567
Hybrid: S-N + MLP (BPNN),19,274,3.2189
Hybrid: S-N + MLP (BPNN),19,285,2.5999
Hybrid: S-N + MLP (BPNN),19,310,1.1627
Hybrid: S-N + MLP (BPNN),19,335,0.4323
Hybrid: S-N + MLP (BPNN),19,360,1.2581
Hybrid: S-N + MLP (BPNN),19,385,1.1288
Hybrid: S-N + MLP (BPNN),19,410,0.6653
Hybrid: S-N + MLP (BPNN),19,435,2.0235
Hybrid: S-N + MLP (BPNN),19,460,2.3510
Hybrid: S-N + MLP (BPNN),19,485,0.5937
Hybrid: S-N + MLP (BPNN),19,510,1.4790
Hybrid: S-N + MLP (BPNN),19,535,0.8607
Hybrid: S-N + MLP (BPNN),19,560,1.2240
Hybrid: S-N + MLP (BPNN),19,585,1.6093
Hybrid: S-N + MLP (BPNN),19,610,1.2660
Hybrid: S-N + MLP (BPNN),20,11,1.7402
Hybrid: S-N + MLP (BPNN),20,36,1.5572
Hybrid: S-N + MLP (BPNN),20,61,1.9950
Hybrid: S-N + MLP (BPNN),20,86,1.5174
Hybrid: S-N + MLP (BPNN),20,111,1.3759
Hybrid: S-N + MLP (BPNN),20,136,0.4541
Hybrid: S-N + MLP (BPNN),20,161,1.0999
Hybrid: S-N + MLP (BPNN),20,186,0.9108
Hybrid: S-N + MLP (BPNN),20,211,3.2203
Hybrid: S-N + MLP (BPNN),20,236,1.7519
Hybrid: S-N + MLP (BPNN),20,261,1.3335
Hybrid: S-N + MLP (BPNN),20,275,2.4392
Hybrid: S-N + MLP (BPNN),20,276,2.6168
Hybrid: S-N + MLP (BPNN),20,277,2.1744
Hybrid: S-N + MLP (BPNN),20,278,1.0649
Hybrid: S-N + MLP (BPNN),20,279,1.1398
Hybrid: S-N + MLP (BPNN),20,280,1.5583
Hybrid: S-N + MLP (BPNN),20,281,2.5327
Hybrid: S-N + MLP (BPNN),20,282,1.3994
Hybrid: S-N + MLP (BPNN),20,283,1.6958
Hybrid: S-N + MLP (BPNN),20,284,2.4762
Hybrid: S-N + MLP (BPNN),20,285,2.6039
Hybrid: S-N + MLP (BPNN),20,286,1.8134
Hybrid: S-N + MLP (BPNN),20,287,1.7057
Hybrid: S-N + MLP (BPNN),20,288,4.2736
Hybrid: S-N + MLP (BPNN),20,289,2.1575
Hybrid: S-N + MLP (BPNN),20,290,2.1191
Hybrid: S-N + MLP (BPNN),20,291,1.7453
Hybrid: S-N + MLP (BPNN),20,292,1.3350
Hybrid: S-N + MLP (BPNN),20,293,1.8003
Hybrid: S-N + MLP (BPNN),20,294,0.8613
Hybrid: S-N + MLP (BPNN),20,295,5.9128
Hybrid: S-N + MLP (BPNN),20,296,2.1722
Hybrid: S-N + MLP (BPNN),20,297,2.1070
Hybrid: S-N + MLP (BPNN),20,298,0.6600
Hybrid: S-N + MLP (BPNN),20,299,1.4318
Hybrid: S-N + MLP (BPNN),20,311,1.6751
Hybrid: S-N + MLP (BPNN),20,336,2.0453
Hybrid: S-N + MLP (BPNN),20,361,2.2286
Hybrid: S-N + MLP (BPNN),20,386,1.3184
Hybrid: S-N + MLP (BPNN),20,411,1.7065
Hybrid: S-N + MLP (BPNN),20,436,3.4274
Hybrid: S-N + MLP (BPNN),20,461,1.8106
Hybrid: S-N + MLP (BPNN),20,486,2.3352
Hybrid: S-N + MLP (BPNN),20,511,4.2493
Hybrid: S-N + MLP (BPNN),20,536,1.1191
Hybrid: S-N + MLP (BPNN),20,561,1.6933
Hybrid: S-N + MLP (BPNN),20,586,1.3722
Hybrid: S-N + MLP (BPNN),20,611,1.1657
Hybrid: S-N + MLP (BPNN),21,12,5.9045
Hybrid: S-N + MLP (BPNN),21,37,4.8270
Hybrid: S-N + MLP (BPNN),21,62,4.8093
Hybrid: S-N + MLP (BPNN),21,87,3.4903
Hybrid: S-N + MLP (BPNN),21,112,2.6874
Hybrid: S-N + MLP (BPNN),21,137,2.8063
Hybrid: S-N + MLP (BPNN),21,162,3.8280
Hybrid: S-N + MLP (BPNN),21,187,2.2703
Hybrid: S-N + MLP (BPNN),21,212,3.3150
Hybrid: S-N + MLP (BPNN),21,237,3.3596
Hybrid: S-N + MLP (BPNN),21,262,2.6104
Hybrid: S-N + MLP (BPNN),21,287,3.2113
Hybrid: S-N + MLP (BPNN),21,300,7.2808
Hybrid: S-N + MLP (BPNN),21,301,6.7899
Hybrid: S-N + MLP (BPNN),21,302,6.5404
Hybrid: S-N + MLP (BPNN),21,303,7.7855
Hybrid: S-N + MLP (BPNN),21,304,4.9470
Hybrid: S-N + MLP (BPNN),21,305,3.4518
Hybrid: S-N + MLP (BPNN),21,306,4.3262
Hybrid: S-N + MLP (BPNN),21,307,3.3418
Hybrid: S-N + MLP (BPNN),21,308,10.8540
Hybrid: S-N + MLP (BPNN),21,309,4.8020
Hybrid: S-N + MLP (BPNN),21,310,3.7125
Hybrid: S-N + MLP (BPNN),21,311,5.2375
Hybrid: S-N + MLP (BPNN),21,312,6.9968
Hybrid: S-N + MLP (BPNN),21,313,7.0642
Hybrid: S-N + MLP (BPNN),21,314,3.9399
Hybrid: S-N + MLP (BPNN),21,315,3.7727
Hybrid: S-N + MLP (BPNN),21,316,6.1434
Hybrid: S-N + MLP (BPNN),21,317,2.1534
Hybrid: S-N + MLP (BPNN),21,318,5.9282
Hybrid: S-N + MLP (BPNN),21,319,3.9964
Hybrid: S-N + MLP (BPNN),21,320,7.2222
Hybrid: S-N + MLP (BPNN),21,321,6.7565
Hybrid: S-N + MLP (BPNN),21,322,5.8670
Hybrid: S-N + MLP (BPNN),21,323,6.9213
Hybrid: S-N + MLP (BPNN),21,324,11.7508
Hybrid: S-N + MLP (BPNN),21,337,2.9049
Hybrid: S-N + MLP (BPNN),21,362,3.2372
Hybrid: S-N + MLP (BPNN),21,387,3.1373
Hybrid: S-N + MLP (BPNN),21,412,3.6317
Hybrid: S-N + MLP (BPNN),21,437,2.8168
Hybrid: S-N + MLP (BPNN),21,462,2.7011
Hybrid: S-N + MLP (BPNN),21,487,4.1299
Hybrid: S-N + MLP (BPNN),21,512,3.9909
Hybrid: S-N + MLP (BPNN),21,537,3.7833
Hybrid: S-N + MLP (BPNN),21,562,3.4476
Hybrid: S-N + MLP (BPNN),21,587,4.7430
Hybrid: S-N + MLP (BPNN),21,612,4.1311
Hybrid: S-N + MLP (BPNN),22,13,2.4696
Hybrid: S-N + MLP (BPNN),22,38,1.5450
Hybrid: S-N + MLP (BPNN),22,63,2.1598
Hybrid: S-N + MLP (BPNN),22,88,4.0538
Hybrid: S-N + MLP (BPNN),22,113,4.9096
Hybrid: S-N + MLP (BPNN),22,138,2.1944
Hybrid: S-N + MLP (BPNN),22,163,0.9737
Hybrid: S-N + MLP (BPNN),22,188,1.5295
Hybrid: S-N + MLP (BPNN),22,213,2.4354
Hybrid: S-N + MLP (BPNN),22,238,1.0360
Hybrid: S-N + MLP (BPNN),22,263,0.4353
Hybrid: S-N + MLP (BPNN),22,288,2.0641
Hybrid: S-N + MLP (BPNN),22,313,1.3456
Hybrid: S-N + MLP (BPNN),22,325,1.5019
Hybrid: S-N + MLP (BPNN),22,326,0.9886
Hybrid: S-N + MLP (BPNN),22,327,1.4413
Hybrid: S-N + MLP (BPNN),22,328,3.5792
Hybrid: S-N + MLP (BPNN),22,329,2.1703
Hybrid: S-N + MLP (BPNN),22,330,0.9377
Hybrid: S-N + MLP (BPNN),22,331,0.5949
Hybrid: S-N + MLP (BPNN),22,332,2.3552
Hybrid: S-N + MLP (BPNN),22,333,1.5582
Hybrid: S-N + MLP (BPNN),22,334,0.8265
Hybrid: S-N + MLP (BPNN),22,335,0.5785
Hybrid: S-N + MLP (BPNN),22,336,3.3288
Hybrid: S-N + MLP (BPNN),22,337,1.9906
Hybrid: S-N + MLP (BPNN),22,338,0.4797
Hybrid: S-N + MLP (BPNN),22,339,2.7734
Hybrid: S-N + MLP (BPNN),22,340,2.1451
Hybrid: S-N + MLP (BPNN),22,341,1.5614
Hybrid: S-N + MLP (BPNN),22,342,3.2592
Hybrid: S-N + MLP (BPNN),22,343,1.5806
Hybrid: S-N + MLP (BPNN),22,344,1.5641
Hybrid: S-N + MLP (BPNN),22,345,9.5579
Hybrid: S-N + MLP (BPNN),22,346,0.6224
Hybrid: S-N + MLP (BPNN),22,347,1.1604
Hybrid: S-N + MLP (BPNN),22,348,2.4053
Hybrid: S-N + MLP (BPNN),22,349,3.5640
Hybrid: S-N + MLP (BPNN),22,363,1.8620
Hybrid: S-N + MLP (BPNN),22,388,1.2335
Hybrid: S-N + MLP (BPNN),22,413,1.9534
Hybrid: S-N + MLP (BPNN),22,438,3.6340
Hybrid: S-N + MLP (BPNN),22,463,5.7709
Hybrid: S-N + MLP (BPNN),22,488,2.4882
Hybrid: S-N + MLP (BPNN),22,513,7.1807
Hybrid: S-N + MLP (BPNN),22,538,0.2482
Hybrid: S-N + MLP (BPNN),22,563,0.7926
Hybrid: S-N + MLP (BPNN),22,588,1.1609
Hybrid: S-N + MLP (BPNN),22,613,2.1829
Hybrid: S-N + MLP (BPNN),23,14,2.6006
Hybrid: S-N + MLP (BPNN),23,39,2.7606
Hybrid: S-N + MLP (BPNN),23,64,1.8674
Hybrid: S-N + MLP (BPNN),23,89,1.6788
Hybrid: S-N + MLP (BPNN),23,114,1.2984
Hybrid: S-N + MLP (BPNN),23,139,1.1611
Hybrid: S-N + MLP (BPNN),23,164,0.8427
Hybrid: S-N + MLP (BPNN),23,189,1.9727
Hybrid: S-N + MLP (BPNN),23,214,1.4261
Hybrid: S-N + MLP (BPNN),23,239,1.0553
Hybrid: S-N + MLP (BPNN),23,264,1.5991
Hybrid: S-N + MLP (BPNN),23,289,1.1321
Hybrid: S-N + MLP (BPNN),23,314,2.3055
Hybrid: S-N + MLP (BPNN),23,339,1.7955
Hybrid: S-N + MLP (BPNN),23,350,5.4740
Hybrid: S-N + MLP (BPNN),23,351,5.3953
Hybrid: S-N + MLP (BPNN),23,352,3.5689
Hybrid: S-N + MLP (BPNN),23,353,2.0619
Hybrid: S-N + MLP (BPNN),23,354,2.2335
Hybrid: S-N + MLP (BPNN),23,355,2.6445
Hybrid: S-N + MLP (BPNN),23,356,2.8191
Hybrid: S-N + MLP (BPNN),23,357,2.7258
Hybrid: S-N + MLP (BPNN),23,358,4.7875
Hybrid: S-N + MLP (BPNN),23,359,2.3560
Hybrid: S-N + MLP (BPNN),23,360,1.7903
Hybrid: S-N + MLP (BPNN),23,361,2.5452
Hybrid: S-N + MLP (BPNN),23,362,2.6847
Hybrid: S-N + MLP (BPNN),23,363,1.7906
Hybrid: S-N + MLP (BPNN),23,364,3.7003
Hybrid: S-N + MLP (BPNN),23,365,2.6006
Hybrid: S-N + MLP (BPNN),23,366,3.1797
Hybrid: S-N + MLP (BPNN),23,367,1.9288
Hybrid: S-N + MLP (BPNN),23,368,2.4341
Hybrid: S-N + MLP (BPNN),23,369,1.9534
Hybrid: S-N + MLP (BPNN),23,370,2.1632
Hybrid: S-N + MLP (BPNN),23,371,2.1314
Hybrid: S-N + MLP (BPNN),23,372,2.3800
Hybrid: S-N + MLP (BPNN),23,373,4.7931
Hybrid: S-N + MLP (BPNN),23,374,3.6799
Hybrid: S-N + MLP (BPNN),23,389,1.7772
Hybrid: S-N + MLP (BPNN),23,414,1.7552
Hybrid: S-N + MLP (BPNN),23,439,1.5093
Hybrid: S-N + MLP (BPNN),23,464,1.6308
Hybrid: S-N + MLP (BPNN),23,489,0.8651
Hybrid: S-N + MLP (BPNN),23,514,4.4769
Hybrid: S-N + MLP (BPNN),23,539,5.4693
Hybrid: S-N + MLP (BPNN),23,564,7.1281
Hybrid: S-N + MLP (BPNN),23,589,3.6686
Hybrid: S-N + MLP (BPNN),23,614,4.6972
Hybrid: S-N + MLP (BPNN),24,15,1.5139
Hybrid: S-N + MLP (BPNN),24,40,2.0123
Hybrid: S-N + MLP (BPNN),24,65,1.0133
Hybrid: S-N + MLP (BPNN),24,90,1.2883
Hybrid: S-N + MLP (BPNN),24,115,0.7386
Hybrid: S-N + MLP (BPNN),24,140,0.8900
Hybrid: S-N + MLP (BPNN),24,165,0.5459
Hybrid: S-N + MLP (BPNN),24,190,1.1709
Hybrid: S-N + MLP (BPNN),24,215,1.2193
Hybrid: S-N + MLP (BPNN),24,240,1.0950
Hybrid: S-N + MLP (BPNN),24,265,1.8448
Hybrid: S-N + MLP (BPNN),24,290,2.4656
Hybrid: S-N + MLP (BPNN),24,315,1.4445
Hybrid: S-N + MLP (BPNN),24,340,1.3827
Hybrid: S-N + MLP (BPNN),24,365,1.7755
Hybrid: S-N + MLP (BPNN),24,375,3.9851
Hybrid: S-N + MLP (BPNN),24,376,1.3834
Hybrid: S-N + MLP (BPNN),24,377,3.0557
Hybrid: S-N + MLP (BPNN),24,378,2.2802
Hybrid: S-N + MLP (BPNN),24,379,1.5066
Hybrid: S-N + MLP (BPNN),24,380,1.8143
Hybrid: S-N + MLP (BPNN),24,381,2.3209
Hybrid: S-N + MLP (BPNN),24,382,3.0727
Hybrid: S-N + MLP (BPNN),24,383,1.1148
Hybrid: S-N + MLP (BPNN),24,384,1.0475
Hybrid: S-N + MLP (BPNN),24,385,1.4204
Hybrid: S-N + MLP (BPNN),24,386,0.5919
Hybrid: S-N + MLP (BPNN),24,387,0.9548
Hybrid: S-N + MLP (BPNN),24,388,1.0871
Hybrid: S-N + MLP (BPNN),24,389,1.3112
Hybrid: S-N + MLP (BPNN),24,390,1.9259
Hybrid: S-N + MLP (BPNN),24,391,1.2363
Hybrid: S-N + MLP (BPNN),24,392,1.7454
Hybrid: S-N + MLP (BPNN),24,393,0.3613
Hybrid: S-N + MLP (BPNN),24,394,1.3928
Hybrid: S-N + MLP (BPNN),24,395,2.0395
Hybrid: S-N + MLP (BPNN),24,396,1.4378
Hybrid: S-N + MLP (BPNN),24,397,1.3819
Hybrid: S-N + MLP (BPNN),24,398,2.9864
Hybrid: S-N + MLP (BPNN),24,399,4.5160
Hybrid: S-N + MLP (BPNN),24,415,1.3178
Hybrid: S-N + MLP (BPNN),24,440,1.1429
Hybrid: S-N + MLP (BPNN),24,465,2.2509
Hybrid: S-N + MLP (BPNN),24,490,2.1476
Hybrid: S-N + MLP (BPNN),24,515,1.4819
Hybrid: S-N + MLP (BPNN),24,540,0.9778
Hybrid: S-N + MLP (BPNN),24,565,0.7140
Hybrid: S-N + MLP (BPNN),24,590,1.0010
Hybrid: S-N + MLP (BPNN),24,615,1.1316
Hybrid: S-N + MLP (BPNN),25,16,3.9782
Hybrid: S-N + MLP (BPNN),25,41,3.9439
Hybrid: S-N + MLP (BPNN),25,66,3.7492
Hybrid: S-N + MLP (BPNN),25,91,2.3149
Hybrid: S-N + MLP (BPNN),25,116,2.0781
Hybrid: S-N + MLP (BPNN),25,141,1.8846
Hybrid: S-N + MLP (BPNN),25,166,2.7614
Hybrid: S-N + MLP (BPNN),25,191,2.0454
Hybrid: S-N + MLP (BPNN),25,216,2.1959
Hybrid: S-N + MLP (BPNN),25,241,2.3081
Hybrid: S-N + MLP (BPNN),25,266,1.9515
Hybrid: S-N + MLP (BPNN),25,291,3.4117
Hybrid: S-N + MLP (BPNN),25,316,2.4537
Hybrid: S-N + MLP (BPNN),25,341,2.4042
Hybrid: S-N + MLP (BPNN),25,366,2.6229
Hybrid: S-N + MLP (BPNN),25,391,2.5230
Hybrid: S-N + MLP (BPNN),25,400,3.2286
Hybrid: S-N + MLP (BPNN),25,401,3.4178
Hybrid: S-N + MLP (BPNN),25,402,6.4298
Hybrid: S-N + MLP (BPNN),25,403,2.4076
Hybrid: S-N + MLP (BPNN),25,404,1.8295
Hybrid: S-N + MLP (BPNN),25,405,3.2380
Hybrid: S-N + MLP (BPNN),25,406,1.7894
Hybrid: S-N + MLP (BPNN),25,407,3.2667
Hybrid: S-N + MLP (BPNN),25,408,3.5912
Hybrid: S-N + MLP (BPNN),25,409,2.9126
Hybrid: S-N + MLP (BPNN),25,410,3.9431
Hybrid: S-N + MLP (BPNN),25,411,2.1599
Hybrid: S-N + MLP (BPNN),25,412,1.7988
Hybrid: S-N + MLP (BPNN),25,413,2.4796
Hybrid: S-N + MLP (BPNN),25,414,2.9625
Hybrid: S-N + MLP (BPNN),25,415,3.1687
Hybrid: S-N + MLP (BPNN),25,416,5.2832
Hybrid: S-N + MLP (BPNN),25,417,2.4583
Hybrid: S-N + MLP (BPNN),25,418,1.8282
Hybrid: S-N + MLP (BPNN),25,419,2.2079
Hybrid: S-N + MLP (BPNN),25,420,1.7161
Hybrid: S-N + MLP (BPNN),25,421,3.1529
Hybrid: S-N + MLP (BPNN),25,422,4.5751
Hybrid: S-N + MLP (BPNN),25,423,1.1213
Hybrid: S-N + MLP (BPNN),25,424,1.8813
Hybrid: S-N + MLP (BPNN),25,441,1.4066
Hybrid: S-N + MLP (BPNN),25,466,2.2500
Hybrid: S-N + MLP (BPNN),25,491,3.2216
Hybrid: S-N + MLP (BPNN),25,516,5.4426
Hybrid: S-N + MLP (BPNN),25,541,6.7883
Hybrid: S-N + MLP (BPNN),25,566,7.3679
Hybrid: S-N + MLP (BPNN),25,591,5.2153
Hybrid: S-N + MLP (BPNN),25,616,6.7369
Hybrid: S-N + MLP (BPNN),27,17,2.4064
Hybrid: S-N + MLP (BPNN),27,42,1.7598
Hybrid: S-N + MLP (BPNN),27,67,2.1468
Hybrid: S-N + MLP (BPNN),27,92,2.0375
Hybrid: S-N + MLP (BPNN),27,117,2.7484
Hybrid: S-N + MLP (BPNN),27,142,3.2646
Hybrid: S-N + MLP (BPNN),27,167,2.1413
Hybrid: S-N + MLP (BPNN),27,192,3.0652
Hybrid: S-N + MLP (BPNN),27,217,2.1735
Hybrid: S-N + MLP (BPNN),27,242,1.6556
Hybrid: S-N + MLP (BPNN),27,267,3.3733
Hybrid: S-N + MLP (BPNN),27,292,2.3754
Hybrid: S-N + MLP (BPNN),27,317,3.4523
Hybrid: S-N + MLP (BPNN),27,342,2.3172
Hybrid: S-N + MLP (BPNN),27,367,3.6268
Hybrid: S-N + MLP (BPNN),27,392,4.1773
Hybrid: S-N + MLP (BPNN),27,417,2.4554
Hybrid: S-N + MLP (BPNN),27,425,4.4082
Hybrid: S-N + MLP (BPNN),27,426,6.1630
Hybrid: S-N + MLP (BPNN),27,427,6.4748
Hybrid: S-N + MLP (BPNN),27,428,4.6396
Hybrid: S-N + MLP (BPNN),27,429,3.7014
Hybrid: S-N + MLP (BPNN),27,430,3.1098
Hybrid: S-N + MLP (BPNN),27,431,3.2548
Hybrid: S-N + MLP (BPNN),27,432,2.9849
Hybrid: S-N + MLP (BPNN),27,433,5.1027
Hybrid: S-N + MLP (BPNN),27,434,3.5212
Hybrid: S-N + MLP (BPNN),27,435,3.8909
Hybrid: S-N + MLP (BPNN),27,436,4.2845
Hybrid: S-N + MLP (BPNN),27,437,3.7367
Hybrid: S-N + MLP (BPNN),27,438,4.0109
Hybrid: S-N + MLP (BPNN),27,439,3.6609
Hybrid: S-N + MLP (BPNN),27,440,4.4481
Hybrid: S-N + MLP (BPNN),27,441,4.9177
Hybrid: S-N + MLP (BPNN),27,442,6.7532
Hybrid: S-N + MLP (BPNN),27,443,3.6857
Hybrid: S-N + MLP (BPNN),27,444,2.7352
Hybrid: S-N + MLP (BPNN),27,445,4.3768
Hybrid: S-N + MLP (BPNN),27,446,4.6218
Hybrid: S-N + MLP (BPNN),27,447,3.2903
Hybrid: S-N + MLP (BPNN),27,448,4.9069
Hybrid: S-N + MLP (BPNN),27,449,8.9035
Hybrid: S-N + MLP (BPNN),27,467,2.8314
Hybrid: S-N + MLP (BPNN),27,492,2.1794
Hybrid: S-N + MLP (BPNN),27,517,2.5812
Hybrid: S-N + MLP (BPNN),27,542,1.9450
Hybrid: S-N + MLP (BPNN),27,567,2.4991
Hybrid: S-N + MLP (BPNN),27,592,2.8457
Hybrid: S-N + MLP (BPNN),27,617,1.2361
Hybrid: S-N + MLP (BPNN),30,18,3.3121
Hybrid: S-N + MLP (BPNN),30,43,2.2015
Hybrid: S-N + MLP (BPNN),30,68,2.3427
Hybrid: S-N + MLP (BPNN),30,93,3.1170
Hybrid: S-N + MLP (BPNN),30,118,1.7869
Hybrid: S-N + MLP (BPNN),30,143,1.3748
Hybrid: S-N + MLP (BPNN),30,168,2.0212
Hybrid: S-N + MLP (BPNN),30,193,1.4730
Hybrid: S-N + MLP (BPNN),30,218,1.4629
Hybrid: S-N + MLP (BPNN),30,243,1.7019
Hybrid: S-N + MLP (BPNN),30,268,2.8723
Hybrid: S-N + MLP (BPNN),30,293,2.3459
Hybrid: S-N + MLP (BPNN),30,318,3.0652
Hybrid: S-N + MLP (BPNN),30,343,4.4288
Hybrid: S-N + MLP (BPNN),30,368,3.5054
Hybrid: S-N + MLP (BPNN),30,393,2.9020
Hybrid: S-N + MLP (BPNN),30,418,3.0496
Hybrid: S-N + MLP (BPNN),30,443,2.6112
Hybrid: S-N + MLP (BPNN),30,450,2.3725
Hybrid: S-N + MLP (BPNN),30,451,3.3992
Hybrid: S-N + MLP (BPNN),30,452,3.7863
Hybrid: S-N + MLP (BPNN),30,453,1.6909
Hybrid: S-N + MLP (BPNN),30,454,0.6692
Hybrid: S-N + MLP (BPNN),30,455,1.3138
Hybrid: S-N + MLP (BPNN),30,456,4.5937
Hybrid: S-N + MLP (BPNN),30,457,3.0559
Hybrid: S-N + MLP (BPNN),30,458,2.3139
Hybrid: S-N + MLP (BPNN),30,459,2.5414
Hybrid: S-N + MLP (BPNN),30,460,1.0667
Hybrid: S-N + MLP (BPNN),30,461,1.5599
Hybrid: S-N + MLP (BPNN),30,462,1.1083
Hybrid: S-N + MLP (BPNN),30,463,8.2067
Hybrid: S-N + MLP (BPNN),30,464,1.4251
Hybrid: S-N + MLP (BPNN),30,465,2.9735
Hybrid: S-N + MLP (BPNN),30,466,1.8045
Hybrid: S-N + MLP (BPNN),30,467,2.8914
Hybrid: S-N + MLP (BPNN),30,468,3.1802
Hybrid: S-N + MLP (BPNN),30,469,2.6056
Hybrid: S-N + MLP (BPNN),30,470,1.0483
Hybrid: S-N + MLP (BPNN),30,471,3.1510
Hybrid: S-N + MLP (BPNN),30,472,0.2862
Hybrid: S-N + MLP (BPNN),30,473,2.1418
Hybrid: S-N + MLP (BPNN),30,474,1.9923
Hybrid: S-N + MLP (BPNN),30,493,3.2226
Hybrid: S-N + MLP (BPNN),30,518,1.8428
Hybrid: S-N + MLP (BPNN),30,543,1.6556
Hybrid: S-N + MLP (BPNN),30,568,2.0789
Hybrid: S-N + MLP (BPNN),30,593,1.9242
Hybrid: S-N + MLP (BPNN),30,618,2.4241
Hybrid: S-N + MLP (BPNN),37,19,5.1134
Hybrid: S-N + MLP (BPNN),37,44,2.3043
Hybrid: S-N + MLP (BPNN),37,69,1.8696
Hybrid: S-N + MLP (BPNN),37,94,2.6249
Hybrid: S-N + MLP (BPNN),37,119,1.8976
Hybrid: S-N + MLP (BPNN),37,144,2.0884
Hybrid: S-N + MLP (BPNN),37,169,2.8433
Hybrid: S-N + MLP (BPNN),37,194,2.1202
Hybrid: S-N + MLP (BPNN),37,219,2.0100
Hybrid: S-N + MLP (BPNN),37,244,1.5321
Hybrid: S-N + MLP (BPNN),37,269,0.9666
Hybrid: S-N + MLP (BPNN),37,294,0.6163
Hybrid: S-N + MLP (BPNN),37,319,1.2485
Hybrid: S-N + MLP (BPNN),37,344,0.2264
Hybrid: S-N + MLP (BPNN),37,369,2.1644
Hybrid: S-N + MLP (BPNN),37,394,2.1325
Hybrid: S-N + MLP (BPNN),37,419,2.3902
Hybrid: S-N + MLP (BPNN),37,444,0.6917
Hybrid: S-N + MLP (BPNN),37,469,2.4335
Hybrid: S-N + MLP (BPNN),37,475,2.1651
Hybrid: S-N + MLP (BPNN),37,476,4.5748
Hybrid: S-N + MLP (BPNN),37,477,5.8082
Hybrid: S-N + MLP (BPNN),37,478,2.1773
Hybrid: S-N + MLP (BPNN),37,479,2.3872
Hybrid: S-N + MLP (BPNN),37,480,1.4100
Hybrid: S-N + MLP (BPNN),37,481,2.2675
Hybrid: S-N + MLP (BPNN),37,482,1.3521
Hybrid: S-N + MLP (BPNN),37,483,3.6603
Hybrid: S-N + MLP (BPNN),37,484,1.2019
Hybrid: S-N + MLP (BPNN),37,485,2.3852
Hybrid: S-N + MLP (BPNN),37,486,3.7149
Hybrid: S-N + MLP (BPNN),37,487,1.3075
Hybrid: S-N + MLP (BPNN),37,488,2.3486
Hybrid: S-N + MLP (BPNN),37,489,2.3550
Hybrid: S-N + MLP (BPNN),37,490,2.8144
Hybrid: S-N + MLP (BPNN),37,491,3.1113
Hybrid: S-N + MLP (BPNN),37,492,2.9436
Hybrid: S-N + MLP (BPNN),37,493,3.3336
Hybrid: S-N + MLP (BPNN),37,494,4.0871
Hybrid: S-N + MLP (BPNN),37,495,1.4528
Hybrid: S-N + MLP (BPNN),37,496,2.2294
Hybrid: S-N + MLP (BPNN),37,497,1.3906
Hybrid: S-N + MLP (BPNN),37,498,1.1743
Hybrid: S-N + MLP (BPNN),37,499,6.0248
Hybrid: S-N + MLP (BPNN),37,519,0.8739
Hybrid: S-N + MLP (BPNN),37,544,0.7044
Hybrid: S-N + MLP (BPNN),37,569,0.2562
Hybrid: S-N + MLP (BPNN),37,594,3.4669
Hybrid: S-N + MLP (BPNN),37,619,3.3322
Hybrid: S-N + MLP (BPNN),38,20,9.1977
Hybrid: S-N + MLP (BPNN),38,45,7.7816
Hybrid: S-N + MLP (BPNN),38,70,7.5779
Hybrid: S-N + MLP (BPNN),38,95,6.3627
Hybrid: S-N + MLP (BPNN),38,120,5.5711
Hybrid: S-N + MLP (BPNN),38,145,5.3412
Hybrid: S-N + MLP (BPNN),38,170,5.8953
Hybrid: S-N + MLP (BPNN),38,195,5.5002
Hybrid: S-N + MLP (BPNN),38,220,5.8705
Hybrid: S-N + MLP (BPNN),38,245,5.0724
Hybrid: S-N + MLP (BPNN),38,270,8.3262
Hybrid: S-N + MLP (BPNN),38,295,7.4316
Hybrid: S-N + MLP (BPNN),38,320,7.5520
Hybrid: S-N + MLP (BPNN),38,345,8.3861
Hybrid: S-N + MLP (BPNN),38,370,5.2284
Hybrid: S-N + MLP (BPNN),38,395,7.8286
Hybrid: S-N + MLP (BPNN),38,420,8.5028
Hybrid: S-N + MLP (BPNN),38,445,7.3728
Hybrid: S-N + MLP (BPNN),38,470,7.3895
Hybrid: S-N + MLP (BPNN),38,495,6.7714
Hybrid: S-N + MLP (BPNN),38,500,8.4062
Hybrid: S-N + MLP (BPNN),38,501,8.6263
Hybrid: S-N + MLP (BPNN),38,502,11.1561
Hybrid: S-N + MLP (BPNN),38,503,5.8762
Hybrid: S-N + MLP (BPNN),38,504,5.3615
Hybrid: S-N + MLP (BPNN),38,505,5.2537
Hybrid: S-N + MLP (BPNN),38,506,6.3248
Hybrid: S-N + MLP (BPNN),38,507,4.5523
Hybrid: S-N + MLP (BPNN),38,508,11.0887
Hybrid: S-N + MLP (BPNN),38,509,8.3145
Hybrid: S-N + MLP (BPNN),38,510,9.8906
Hybrid: S-N + MLP (BPNN),38,511,7.1994
Hybrid: S-N + MLP (BPNN),38,512,6.9361
Hybrid: S-N + MLP (BPNN),38,513,10.1735
Hybrid: S-N + MLP (BPNN),38,514,9.5494
Hybrid: S-N + MLP (BPNN),38,515,8.6188
Hybrid: S-N + MLP (BPNN),38,516,6.8953
Hybrid: S-N + MLP (BPNN),38,517,7.3623
Hybrid: S-N + MLP (BPNN),38,518,6.7321
Hybrid: S-N + MLP (BPNN),38,519,7.1280
Hybrid: S-N + MLP (BPNN),38,520,13.7399
Hybrid: S-N + MLP (BPNN),38,521,9.4849
Hybrid: S-N + MLP (BPNN),38,522,10.8980
Hybrid: S-N + MLP (BPNN),38,523,6.4038
Hybrid: S-N + MLP (BPNN),38,524,6.9597
Hybrid: S-N + MLP (BPNN),38,545,7.9904
Hybrid: S-N + MLP (BPNN),38,570,6.9123
Hybrid: S-N + MLP (BPNN),38,595,6.8370
Hybrid: S-N + MLP (BPNN),38,620,6.4218
Hybrid: S-N + MLP (BPNN),40,21,1.2898
Hybrid: S-N + MLP (BPNN),40,46,1.3749
Hybrid: S-N + MLP (BPNN),40,71,1.1412
Hybrid: S-N + MLP (BPNN),40,96,1.3697
Hybrid: S-N + MLP (BPNN),40,121,1.0586
Hybrid: S-N + MLP (BPNN),40,146,1.8699
Hybrid: S-N + MLP (BPNN),40,171,1.6662
Hybrid: S-N + MLP (BPNN),40,196,0.4544
Hybrid: S-N + MLP (BPNN),40,221,0.5138
Hybrid: S-N + MLP (BPNN),40,246,0.3569
Hybrid: S-N + MLP (BPNN),40,271,0.3624
Hybrid: S-N + MLP (BPNN),40,296,1.2590
Hybrid: S-N + MLP (BPNN),40,321,1.1905
Hybrid: S-N + MLP (BPNN),40,346,0.7303
Hybrid: S-N + MLP (BPNN),40,371,1.2908
Hybrid: S-N + MLP (BPNN),40,396,1.0636
Hybrid: S-N + MLP (BPNN),40,421,1.2414
Hybrid: S-N + MLP (BPNN),40,446,2.9969
Hybrid: S-N + MLP (BPNN),40,471,1.7116
Hybrid: S-N + MLP (BPNN),40,496,1.4313
Hybrid: S-N + MLP (BPNN),40,521,2.4725
Hybrid: S-N + MLP (BPNN),40,525,0.9945
Hybrid: S-N + MLP (BPNN),40,526,0.3765
Hybrid: S-N + MLP (BPNN),40,527,6.2093
Hybrid: S-N + MLP (BPNN),40,528,0.4170
Hybrid: S-N + MLP (BPNN),40,529,1.9274
Hybrid: S-N + MLP (BPNN),40,530,1.1915
Hybrid: S-N + MLP (BPNN),40,531,1.2340
Hybrid: S-N + MLP (BPNN),40,532,3.2997
Hybrid: S-N + MLP (BPNN),40,533,6.7759
Hybrid: S-N + MLP (BPNN),40,534,1.0911
Hybrid: S-N + MLP (BPNN),40,535,1.0375
Hybrid: S-N + MLP (BPNN),40,536,1.1276
Hybrid: S-N + MLP (BPNN),40,537,3.9997
Hybrid: S-N + MLP (BPNN),40,538,0.7156
Hybrid: S-N + MLP (BPNN),40,539,5.7851
Hybrid: S-N + MLP (BPNN),40,540,1.0862
Hybrid: S-N + MLP (BPNN),40,541,3.7445
Hybrid: S-N + MLP (BPNN),40,542,2.5142
Hybrid: S-N + MLP (BPNN),40,543,1.2802
Hybrid: S-N + MLP (BPNN),40,544,2.0902
Hybrid: S-N + MLP (BPNN),40,545,4.6604
Hybrid: S-N + MLP (BPNN),40,546,0.9719
Hybrid: S-N + MLP (BPNN),40,547,3.6419
Hybrid: S-N + MLP (BPNN),40,548,2.0723
Hybrid: S-N + MLP (BPNN),40,549,1.1920
Hybrid: S-N + MLP (BPNN),40,571,0.9774
Hybrid: S-N + MLP (BPNN),40,596,1.4545
Hybrid: S-N + MLP (BPNN),40,621,0.4725
Hybrid: S-N + MLP (BPNN),41,22,2.4444
Hybrid: S-N + MLP (BPNN),41,47,1.6094
Hybrid: S-N + MLP (BPNN),41,72,1.9998
Hybrid: S-N + MLP (BPNN),41,97,1.3720
Hybrid: S-N + MLP (BPNN),41,122,1.3491
Hybrid: S-N + MLP (BPNN),41,147,2.3045
Hybrid: S-N + MLP (BPNN),41,172,1.0614
Hybrid: S-N + MLP (BPNN),41,197,1.4934
Hybrid: S-N + MLP (BPNN),41,222,0.7835
Hybrid: S-N + MLP (BPNN),41,247,0.7316
Hybrid: S-N + MLP (BPNN),41,272,0.6194
Hybrid: S-N + MLP (BPNN),41,297,0.8190
Hybrid: S-N + MLP (BPNN),41,322,0.4608
Hybrid: S-N + MLP (BPNN),41,347,0.3091
Hybrid: S-N + MLP (BPNN),41,372,1.0114
Hybrid: S-N + MLP (BPNN),41,397,1.0381
Hybrid: S-N + MLP (BPNN),41,422,1.4183
Hybrid: S-N + MLP (BPNN),41,447,1.7382
Hybrid: S-N + MLP (BPNN),41,472,2.6432
Hybrid: S-N + MLP (BPNN),41,497,2.0904
Hybrid: S-N + MLP (BPNN),41,522,3.1992
Hybrid: S-N + MLP (BPNN),41,547,4.8781
Hybrid: S-N + MLP (BPNN),41,550,2.4341
Hybrid: S-N + MLP (BPNN),41,551,1.4855
Hybrid: S-N + MLP (BPNN),41,552,7.1941
Hybrid: S-N + MLP (BPNN),41,553,1.8720
Hybrid: S-N + MLP (BPNN),41,554,1.9430
Hybrid: S-N + MLP (BPNN),41,555,2.8035
Hybrid: S-N + MLP (BPNN),41,556,1.3256
Hybrid: S-N + MLP (BPNN),41,557,5.3782
Hybrid: S-N + MLP (BPNN),41,558,5.0614
Hybrid: S-N + MLP (BPNN),41,559,1.9109
Hybrid: S-N + MLP (BPNN),41,560,1.2234
Hybrid: S-N + MLP (BPNN),41,561,0.9964
Hybrid: S-N + MLP (BPNN),41,562,0.2515
Hybrid: S-N + MLP (BPNN),41,563,0.7930
Hybrid: S-N + MLP (BPNN),41,564,5.3347
Hybrid: S-N + MLP (BPNN),41,565,0.7272
Hybrid: S-N + MLP (BPNN),41,566,2.8905
Hybrid: S-N + MLP (BPNN),41,567,1.6290
Hybrid: S-N + MLP (BPNN),41,568,0.9509
Hybrid: S-N + MLP (BPNN),41,569,1.2440
Hybrid: S-N + MLP (BPNN),41,570,1.5387
Hybrid: S-N + MLP (BPNN),41,571,1.8289
Hybrid: S-N + MLP (BPNN),41,572,6.1219
Hybrid: S-N + MLP (BPNN),41,573,0.5897
Hybrid: S-N + MLP (BPNN),41,574,1.5949
Hybrid: S-N + MLP (BPNN),41,597,4.7876
Hybrid: S-N + MLP (BPNN),41,622,2.6561
Hybrid: S-N + MLP (BPNN),43,23,5.2950
Hybrid: S-N + MLP (BPNN),43,48,5.0252
Hybrid: S-N + MLP (BPNN),43,73,5.9367
Hybrid: S-N + MLP (BPNN),43,98,5.0585
Hybrid: S-N + MLP (BPNN),43,123,4.1812
Hybrid: S-N + MLP (BPNN),43,148,4.6033
Hybrid: S-N + MLP (BPNN),43,173,5.3860
Hybrid: S-N + MLP (BPNN),43,198,4.8129
Hybrid: S-N + MLP (BPNN),43,223,5.6413
Hybrid: S-N + MLP (BPNN),43,248,6.0426
Hybrid: S-N + MLP (BPNN),43,273,4.5809
Hybrid: S-N + MLP (BPNN),43,298,5.2776
Hybrid: S-N + MLP (BPNN),43,323,4.5982
Hybrid: S-N + MLP (BPNN),43,348,3.8903
Hybrid: S-N + MLP (BPNN),43,373,5.3322
Hybrid: S-N + MLP (BPNN),43,398,3.6158
Hybrid: S-N + MLP (BPNN),43,423,3.9376
Hybrid: S-N + MLP (BPNN),43,448,4.0339
Hybrid: S-N + MLP (BPNN),43,473,4.3000
Hybrid: S-N + MLP (BPNN),43,498,4.6822
Hybrid: S-N + MLP (BPNN),43,523,4.5853
Hybrid: S-N + MLP (BPNN),43,548,1.8702
Hybrid: S-N + MLP (BPNN),43,573,3.1149
Hybrid: S-N + MLP (BPNN),43,575,7.5295
Hybrid: S-N + MLP (BPNN),43,576,6.5722
Hybrid: S-N + MLP (BPNN),43,577,9.2307
Hybrid: S-N + MLP (BPNN),43,578,8.2413
Hybrid: S-N + MLP (BPNN),43,579,6.7320
Hybrid: S-N + MLP (BPNN),43,580,5.9539
Hybrid: S-N + MLP (BPNN),43,581,6.4967
Hybrid: S-N + MLP (BPNN),43,582,10.5503
Hybrid: S-N + MLP (BPNN),43,583,10.1093
Hybrid: S-N + MLP (BPNN),43,584,5.5719
Hybrid: S-N + MLP (BPNN),43,585,4.9801
Hybrid: S-N + MLP (BPNN),43,586,8.4401
Hybrid: S-N + MLP (BPNN),43,587,8.8293
Hybrid: S-N + MLP (BPNN),43,588,5.4358
Hybrid: S-N + MLP (BPNN),43,589,5.0616
Hybrid: S-N + MLP (BPNN),43,590,6.4748
Hybrid: S-N + MLP (BPNN),43,591,10.7545
Hybrid: S-N + MLP (BPNN),43,592,7.2466
Hybrid: S-N + MLP (BPNN),43,593,7.5632
Hybrid: S-N + MLP (BPNN),43,594,6.9568
Hybrid: S-N + MLP (BPNN),43,595,9.3295
Hybrid: S-N + MLP (BPNN),43,596,7.7731
Hybrid: S-N + MLP (BPNN),43,597,6.4933
Hybrid: S-N + MLP (BPNN),43,598,12.0373
Hybrid: S-N + MLP (BPNN),43,599,7.2687
Hybrid: S-N + MLP (BPNN),43,623,5.7247
Hybrid: S-N + MLP (BPNN),50,24,1.5559
Hybrid: S-N + MLP (BPNN),50,49,1.7183
Hybrid: S-N + MLP (BPNN),50,74,1.3186
Hybrid: S-N + MLP (BPNN),50,99,1.1579
Hybrid: S-N + MLP (BPNN),50,124,2.8207
Hybrid: S-N + MLP (BPNN),50,149,7.3872
Hybrid: S-N + MLP (BPNN),50,174,7.4201
Hybrid: S-N + MLP (BPNN),50,199,7.7700
Hybrid: S-N + MLP (BPNN),50,224,9.2040
Hybrid: S-N + MLP (BPNN),50,249,6.8770
Hybrid: S-N + MLP (BPNN),50,274,3.3271
Hybrid: S-N + MLP (BPNN),50,299,2.5791
Hybrid: S-N + MLP (BPNN),50,324,5.3100
Hybrid: S-N + MLP (BPNN),50,349,5.0862
Hybrid: S-N + MLP (BPNN),50,374,5.8733
Hybrid: S-N + MLP (BPNN),50,399,1.1072
Hybrid: S-N + MLP (BPNN),50,424,2.8263
Hybrid: S-N + MLP (BPNN),50,449,1.4336
Hybrid: S-N + MLP (BPNN),50,474,1.3568
Hybrid: S-N + MLP (BPNN),50,499,2.3738
Hybrid: S-N + MLP (BPNN),50,524,2.1548
Hybrid: S-N + MLP (BPNN),50,549,2.3148
Hybrid: S-N + MLP (BPNN),50,574,3.7833
Hybrid: S-N + MLP (BPNN),50,599,1.6466
Hybrid: S-N + MLP (BPNN),50,600,1.8030
Hybrid: S-N + MLP (BPNN),50,601,1.7771
Hybrid: S-N + MLP (BPNN),50,602,8.9179
Hybrid: S-N + MLP (BPNN),50,603,0.6076
Hybrid: S-N + MLP (BPNN),50,604,0.8136
Hybrid: S-N + MLP (BPNN),50,605,2.3675
Hybrid: S-N + MLP (BPNN),50,606,0.9489
Hybrid: S-N + MLP (BPNN),50,607,5.0164
Hybrid: S-N + MLP (BPNN),50,608,6.2551
Hybrid: S-N + MLP (BPNN),50,609,1.3283
Hybrid: S-N + MLP (BPNN),50,610,1.9059
Hybrid: S-N + MLP (BPNN),50,611,1.7581
Hybrid: S-N + MLP (BPNN),50,612,1.3420
Hybrid: S-N + MLP (BPNN),50,613,0.5440
Hybrid: S-N + MLP (BPNN),50,614,2.2621
Hybrid: S-N + MLP (BPNN),50,615,1.4603
Hybrid: S-N + MLP (BPNN),50,616,3.9771
Hybrid: S-N + MLP (BPNN),50,617,1.7085
Hybrid: S-N + MLP (BPNN),50,618,1.1357
Hybrid: S-N + MLP (BPNN),50,619,1.7940
Hybrid: S-N + MLP (BPNN),50,620,2.0087
Hybrid: S-N + MLP (BPNN),50,621,0.8460
Hybrid: S-N + MLP (BPNN),50,622,1.5424
Hybrid: S-N + MLP (BPNN),50,623,2.1836
Hybrid: S-N + MLP (BPNN),50,624,2.2079
