model,scheme,fold,row,de00,unc
"S-N + XGBoost, bagged",random 5-fold,0,329,0.9126,0.92124
"S-N + XGBoost, bagged",random 5-fold,0,41,0.7050,1.06614
"S-N + XGBoost, bagged",random 5-fold,0,153,0.9112,1.46615
"S-N + XGBoost, bagged",random 5-fold,0,549,2.4145,1.92616
"S-N + XGBoost, bagged",random 5-fold,0,567,0.4372,1.14776
"S-N + XGBoost, bagged",random 5-fold,0,432,0.6073,0.74523
"S-N + XGBoost, bagged",random 5-fold,0,545,1.9224,1.14149
"S-N + XGBoost, bagged",random 5-fold,0,26,0.8643,2.17927
"S-N + XGBoost, bagged",random 5-fold,0,387,0.4962,0.55508
"S-N + XGBoost, bagged",random 5-fold,0,80,1.4398,0.86484
"S-N + XGBoost, bagged",random 5-fold,0,412,0.7625,0.55679
"S-N + XGBoost, bagged",random 5-fold,0,445,0.8408,0.65879
"S-N + XGBoost, bagged",random 5-fold,0,253,0.6227,0.85874
"S-N + XGBoost, bagged",random 5-fold,0,376,0.9175,1.41016
"S-N + XGBoost, bagged",random 5-fold,0,338,0.7578,0.75340
"S-N + XGBoost, bagged",random 5-fold,0,225,0.5347,2.07534
"S-N + XGBoost, bagged",random 5-fold,0,207,1.7937,1.14257
"S-N + XGBoost, bagged",random 5-fold,0,547,3.7731,0.79573
"S-N + XGBoost, bagged",random 5-fold,0,482,1.5497,1.21015
"S-N + XGBoost, bagged",random 5-fold,0,529,0.3545,0.85535
"S-N + XGBoost, bagged",random 5-fold,0,624,1.5373,1.68634
"S-N + XGBoost, bagged",random 5-fold,0,68,1.0010,1.18625
"S-N + XGBoost, bagged",random 5-fold,0,459,0.5623,1.01897
"S-N + XGBoost, bagged",random 5-fold,0,36,0.8827,1.03793
"S-N + XGBoost, bagged",random 5-fold,0,292,0.6052,1.18964
"S-N + XGBoost, bagged",random 5-fold,0,363,1.5167,0.46481
"S-N + XGBoost, bagged",random 5-fold,0,587,0.9777,0.50128
"S-N + XGBoost, bagged",random 5-fold,0,440,0.8608,0.71598
"S-N + XGBoost, bagged",random 5-fold,0,346,0.3887,0.66202
"S-N + XGBoost, bagged",random 5-fold,0,318,0.2277,0.78988
"S-N + XGBoost, bagged",random 5-fold,0,19,3.3278,0.95063
"S-N + XGBoost, bagged",random 5-fold,0,548,1.9218,1.62247
"S-N + XGBoost, bagged",random 5-fold,0,382,1.4963,0.76676
"S-N + XGBoost, bagged",random 5-fold,0,147,1.2462,0.69340
"S-N + XGBoost, bagged",random 5-fold,0,12,1.9669,0.89758
"S-N + XGBoost, bagged",random 5-fold,0,195,0.5429,0.84856
"S-N + XGBoost, bagged",random 5-fold,0,58,2.0343,2.50746
"S-N + XGBoost, bagged",random 5-fold,0,344,0.6875,0.54238
"S-N + XGBoost, bagged",random 5-fold,0,177,0.9675,1.46630
"S-N + XGBoost, bagged",random 5-fold,0,109,1.7943,0.84305
"S-N + XGBoost, bagged",random 5-fold,0,618,0.1828,0.99324
"S-N + XGBoost, bagged",random 5-fold,0,166,1.1978,0.98129
"S-N + XGBoost, bagged",random 5-fold,0,121,0.6861,0.66954
"S-N + XGBoost, bagged",random 5-fold,0,81,0.4300,1.00996
"S-N + XGBoost, bagged",random 5-fold,0,45,1.5258,1.84102
"S-N + XGBoost, bagged",random 5-fold,0,572,4.6945,0.67726
"S-N + XGBoost, bagged",random 5-fold,0,608,6.7708,3.04635
"S-N + XGBoost, bagged",random 5-fold,0,145,0.3949,0.78100
"S-N + XGBoost, bagged",random 5-fold,0,120,0.8522,0.62097
"S-N + XGBoost, bagged",random 5-fold,0,111,0.1984,1.46908
"S-N + XGBoost, bagged",random 5-fold,0,464,1.4142,1.11989
"S-N + XGBoost, bagged",random 5-fold,0,313,3.0608,0.81111
"S-N + XGBoost, bagged",random 5-fold,0,140,0.2777,0.38408
"S-N + XGBoost, bagged",random 5-fold,0,103,0.3630,0.80563
"S-N + XGBoost, bagged",random 5-fold,0,360,0.1971,0.45889
"S-N + XGBoost, bagged",random 5-fold,0,300,1.3173,0.78992
"S-N + XGBoost, bagged",random 5-fold,0,498,0.5755,1.02052
"S-N + XGBoost, bagged",random 5-fold,0,162,0.3184,0.75837
"S-N + XGBoost, bagged",random 5-fold,0,105,0.7287,0.65836
"S-N + XGBoost, bagged",random 5-fold,0,264,1.2754,1.27405
"S-N + XGBoost, bagged",random 5-fold,0,212,0.5415,0.75417
"S-N + XGBoost, bagged",random 5-fold,0,123,0.5517,0.95285
"S-N + XGBoost, bagged",random 5-fold,0,454,0.3881,0.70947
"S-N + XGBoost, bagged",random 5-fold,0,100,1.4425,0.86224
"S-N + XGBoost, bagged",random 5-fold,0,563,0.4650,0.58496
"S-N + XGBoost, bagged",random 5-fold,0,98,0.4460,0.92800
"S-N + XGBoost, bagged",random 5-fold,0,505,1.1306,1.33999
"S-N + XGBoost, bagged",random 5-fold,0,221,0.4878,1.18825
"S-N + XGBoost, bagged",random 5-fold,0,511,1.2969,1.27811
"S-N + XGBoost, bagged",random 5-fold,0,263,0.6156,0.53516
"S-N + XGBoost, bagged",random 5-fold,0,361,0.6058,1.42731
"S-N + XGBoost, bagged",random 5-fold,0,311,0.1133,1.12319
"S-N + XGBoost, bagged",random 5-fold,0,398,0.9856,0.86116
"S-N + XGBoost, bagged",random 5-fold,0,447,0.9863,0.63646
"S-N + XGBoost, bagged",random 5-fold,0,291,0.1928,0.57567
"S-N + XGBoost, bagged",random 5-fold,0,250,0.3382,0.87650
"S-N + XGBoost, bagged",random 5-fold,0,94,1.3070,0.71936
"S-N + XGBoost, bagged",random 5-fold,0,493,1.6468,0.71135
"S-N + XGBoost, bagged",random 5-fold,0,401,2.8548,1.79825
"S-N + XGBoost, bagged",random 5-fold,0,18,1.2345,0.83031
"S-N + XGBoost, bagged",random 5-fold,0,452,5.0628,3.52589
"S-N + XGBoost, bagged",random 5-fold,0,77,3.9183,2.79710
"S-N + XGBoost, bagged",random 5-fold,0,591,2.1786,0.85383
"S-N + XGBoost, bagged",random 5-fold,0,599,0.9095,1.54816
"S-N + XGBoost, bagged",random 5-fold,0,531,0.8609,0.97813
"S-N + XGBoost, bagged",random 5-fold,0,436,0.6503,1.71393
"S-N + XGBoost, bagged",random 5-fold,0,327,3.9396,2.33153
"S-N + XGBoost, bagged",random 5-fold,0,245,1.2530,1.18747
"S-N + XGBoost, bagged",random 5-fold,0,348,2.0749,2.03287
"S-N + XGBoost, bagged",random 5-fold,0,354,0.2296,0.59823
"S-N + XGBoost, bagged",random 5-fold,0,142,0.6510,0.65163
"S-N + XGBoost, bagged",random 5-fold,0,136,0.3517,1.06799
"S-N + XGBoost, bagged",random 5-fold,0,516,2.0250,0.72922
"S-N + XGBoost, bagged",random 5-fold,0,54,1.2616,1.36177
"S-N + XGBoost, bagged",random 5-fold,0,304,0.1702,0.62544
"S-N + XGBoost, bagged",random 5-fold,0,353,0.9785,0.90468
"S-N + XGBoost, bagged",random 5-fold,0,223,5.5214,1.62090
"S-N + XGBoost, bagged",random 5-fold,0,274,1.0252,1.47787
"S-N + XGBoost, bagged",random 5-fold,0,63,2.7846,1.08457
"S-N + XGBoost, bagged",random 5-fold,0,261,0.6385,0.93884
"S-N + XGBoost, bagged",random 5-fold,0,277,2.7411,3.45852
"S-N + XGBoost, bagged",random 5-fold,0,400,2.1988,1.27802
"S-N + XGBoost, bagged",random 5-fold,0,603,1.7011,1.17306
"S-N + XGBoost, bagged",random 5-fold,0,229,2.1379,1.19132
"S-N + XGBoost, bagged",random 5-fold,0,512,1.2257,0.75558
"S-N + XGBoost, bagged",random 5-fold,0,370,1.1521,0.73010
"S-N + XGBoost, bagged",random 5-fold,0,266,1.4692,0.52340
"S-N + XGBoost, bagged",random 5-fold,0,543,1.0808,0.86195
"S-N + XGBoost, bagged",random 5-fold,0,85,1.8281,0.63240
"S-N + XGBoost, bagged",random 5-fold,0,477,3.9395,1.61460
"S-N + XGBoost, bagged",random 5-fold,0,514,3.4179,0.74787
"S-N + XGBoost, bagged",random 5-fold,0,402,7.2952,2.83300
"S-N + XGBoost, bagged",random 5-fold,0,372,0.6105,0.38695
"S-N + XGBoost, bagged",random 5-fold,0,208,2.4608,2.85780
"S-N + XGBoost, bagged",random 5-fold,0,56,2.1092,1.58363
"S-N + XGBoost, bagged",random 5-fold,0,5,2.5353,1.21459
"S-N + XGBoost, bagged",random 5-fold,0,101,0.5655,1.62368
"S-N + XGBoost, bagged",random 5-fold,0,161,0.6403,1.24041
"S-N + XGBoost, bagged",random 5-fold,0,544,0.5169,0.67694
"S-N + XGBoost, bagged",random 5-fold,0,468,0.8688,1.17907
"S-N + XGBoost, bagged",random 5-fold,0,165,0.4577,0.52937
"S-N + XGBoost, bagged",random 5-fold,0,69,1.2274,0.97683
"S-N + XGBoost, bagged",random 5-fold,0,89,2.0737,1.00638
"S-N + XGBoost, bagged",random 5-fold,0,251,1.1695,1.41595
"S-N + XGBoost, bagged",random 5-fold,0,474,1.9835,1.00094
"S-N + XGBoost, bagged",random 5-fold,1,93,0.2781,0.87210
"S-N + XGBoost, bagged",random 5-fold,1,384,1.2909,0.63028
"S-N + XGBoost, bagged",random 5-fold,1,417,0.5502,0.59275
"S-N + XGBoost, bagged",random 5-fold,1,463,3.4993,0.91850
"S-N + XGBoost, bagged",random 5-fold,1,297,0.2677,0.61731
"S-N + XGBoost, bagged",random 5-fold,1,49,0.9559,1.15531
"S-N + XGBoost, bagged",random 5-fold,1,46,0.8465,0.95061
"S-N + XGBoost, bagged",random 5-fold,1,209,2.1258,1.60553
"S-N + XGBoost, bagged",random 5-fold,1,160,0.6867,0.51395
"S-N + XGBoost, bagged",random 5-fold,1,126,1.2219,1.43908
"S-N + XGBoost, bagged",random 5-fold,1,216,0.8107,1.50828
"S-N + XGBoost, bagged",random 5-fold,1,96,0.9854,0.67282
"S-N + XGBoost, bagged",random 5-fold,1,450,0.6432,0.84999
"S-N + XGBoost, bagged",random 5-fold,1,127,0.9400,1.27153
"S-N + XGBoost, bagged",random 5-fold,1,405,3.1946,0.50811
"S-N + XGBoost, bagged",random 5-fold,1,471,1.9092,0.67271
"S-N + XGBoost, bagged",random 5-fold,1,227,2.2273,1.72240
"S-N + XGBoost, bagged",random 5-fold,1,92,0.6847,0.92967
"S-N + XGBoost, bagged",random 5-fold,1,20,3.4603,1.01226
"S-N + XGBoost, bagged",random 5-fold,1,586,0.7216,1.13503
"S-N + XGBoost, bagged",random 5-fold,1,577,8.7080,1.71481
"S-N + XGBoost, bagged",random 5-fold,1,600,1.9696,1.04523
"S-N + XGBoost, bagged",random 5-fold,1,91,0.2239,0.48637
"S-N + XGBoost, bagged",random 5-fold,1,27,2.6488,2.47744
"S-N + XGBoost, bagged",random 5-fold,1,90,0.7762,0.73340
"S-N + XGBoost, bagged",random 5-fold,1,534,0.4592,0.86333
"S-N + XGBoost, bagged",random 5-fold,1,281,0.5604,0.83425
"S-N + XGBoost, bagged",random 5-fold,1,575,2.2246,0.69758
"S-N + XGBoost, bagged",random 5-fold,1,480,1.6058,0.65917
"S-N + XGBoost, bagged",random 5-fold,1,403,2.1341,0.79624
"S-N + XGBoost, bagged",random 5-fold,1,71,1.2514,0.84373
"S-N + XGBoost, bagged",random 5-fold,1,99,0.4365,0.91987
"S-N + XGBoost, bagged",random 5-fold,1,323,1.0776,0.57004
"S-N + XGBoost, bagged",random 5-fold,1,164,0.3774,0.74049
"S-N + XGBoost, bagged",random 5-fold,1,262,1.0820,0.35872
"S-N + XGBoost, bagged",random 5-fold,1,365,0.8152,0.41092
"S-N + XGBoost, bagged",random 5-fold,1,375,2.1537,0.85764
"S-N + XGBoost, bagged",random 5-fold,1,415,1.1102,0.42444
"S-N + XGBoost, bagged",random 5-fold,1,379,0.9138,0.74004
"S-N + XGBoost, bagged",random 5-fold,1,321,0.5071,0.69866
"S-N + XGBoost, bagged",random 5-fold,1,524,2.1761,1.47730
"S-N + XGBoost, bagged",random 5-fold,1,214,1.7789,1.02901
"S-N + XGBoost, bagged",random 5-fold,1,295,1.7727,1.12911
"S-N + XGBoost, bagged",random 5-fold,1,613,4.0743,0.97196
"S-N + XGBoost, bagged",random 5-fold,1,437,0.7261,0.77538
"S-N + XGBoost, bagged",random 5-fold,1,198,4.5816,0.71321
"S-N + XGBoost, bagged",random 5-fold,1,584,3.7664,0.99837
"S-N + XGBoost, bagged",random 5-fold,1,339,0.9506,0.61658
"S-N + XGBoost, bagged",random 5-fold,1,246,0.9023,0.58300
"S-N + XGBoost, bagged",random 5-fold,1,205,1.8810,0.81968
"S-N + XGBoost, bagged",random 5-fold,1,17,1.8345,0.89440
"S-N + XGBoost, bagged",random 5-fold,1,497,2.0862,0.69086
"S-N + XGBoost, bagged",random 5-fold,1,222,0.4437,1.09559
"S-N + XGBoost, bagged",random 5-fold,1,52,3.2585,2.79704
"S-N + XGBoost, bagged",random 5-fold,1,595,0.8596,0.95762
"S-N + XGBoost, bagged",random 5-fold,1,254,0.6749,0.50625
"S-N + XGBoost, bagged",random 5-fold,1,523,0.5962,1.62338
"S-N + XGBoost, bagged",random 5-fold,1,200,2.1323,2.42245
"S-N + XGBoost, bagged",random 5-fold,1,79,0.6839,0.82573
"S-N + XGBoost, bagged",random 5-fold,1,507,4.1747,0.85033
"S-N + XGBoost, bagged",random 5-fold,1,553,1.1463,0.94204
"S-N + XGBoost, bagged",random 5-fold,1,429,0.4200,1.11076
"S-N + XGBoost, bagged",random 5-fold,1,335,0.7106,0.39071
"S-N + XGBoost, bagged",random 5-fold,1,435,0.3654,0.63594
"S-N + XGBoost, bagged",random 5-fold,1,513,2.3830,0.74270
"S-N + XGBoost, bagged",random 5-fold,1,15,1.2104,0.54939
"S-N + XGBoost, bagged",random 5-fold,1,244,0.2346,1.13852
"S-N + XGBoost, bagged",random 5-fold,1,453,1.5044,0.86645
"S-N + XGBoost, bagged",random 5-fold,1,479,1.4262,0.71713
"S-N + XGBoost, bagged",random 5-fold,1,148,4.6682,0.89398
"S-N + XGBoost, bagged",random 5-fold,1,219,1.1608,1.14913
"S-N + XGBoost, bagged",random 5-fold,1,119,1.1777,0.50430
"S-N + XGBoost, bagged",random 5-fold,1,550,2.3397,0.75047
"S-N + XGBoost, bagged",random 5-fold,1,380,0.6980,0.59461
"S-N + XGBoost, bagged",random 5-fold,1,55,1.4431,1.18512
"S-N + XGBoost, bagged",random 5-fold,1,385,0.3174,0.43722
"S-N + XGBoost, bagged",random 5-fold,1,116,0.5923,0.79825
"S-N + XGBoost, bagged",random 5-fold,1,619,0.8478,0.92917
"S-N + XGBoost, bagged",random 5-fold,1,538,0.4591,0.74240
"S-N + XGBoost, bagged",random 5-fold,1,75,1.1560,0.80581
"S-N + XGBoost, bagged",random 5-fold,1,394,1.1625,0.64412
"S-N + XGBoost, bagged",random 5-fold,1,133,1.6589,1.87052
"S-N + XGBoost, bagged",random 5-fold,1,290,2.2895,0.75140
"S-N + XGBoost, bagged",random 5-fold,1,539,4.2902,1.33212
"S-N + XGBoost, bagged",random 5-fold,1,64,2.1636,1.24643
"S-N + XGBoost, bagged",random 5-fold,1,456,2.0757,0.70144
"S-N + XGBoost, bagged",random 5-fold,1,367,1.5251,0.47009
"S-N + XGBoost, bagged",random 5-fold,1,506,0.7348,0.99175
"S-N + XGBoost, bagged",random 5-fold,1,39,2.8040,1.02416
"S-N + XGBoost, bagged",random 5-fold,1,358,3.1013,1.10814
"S-N + XGBoost, bagged",random 5-fold,1,2,3.0334,2.51346
"S-N + XGBoost, bagged",random 5-fold,1,86,0.4629,1.10027
"S-N + XGBoost, bagged",random 5-fold,1,530,2.0691,1.03049
"S-N + XGBoost, bagged",random 5-fold,1,182,0.7432,0.55917
"S-N + XGBoost, bagged",random 5-fold,1,565,0.9998,0.67154
"S-N + XGBoost, bagged",random 5-fold,1,163,0.8974,0.92205
"S-N + XGBoost, bagged",random 5-fold,1,83,2.8949,1.99607
"S-N + XGBoost, bagged",random 5-fold,1,270,2.3524,0.91534
"S-N + XGBoost, bagged",random 5-fold,1,525,1.6232,0.89570
"S-N + XGBoost, bagged",random 5-fold,1,284,0.5157,0.97466
"S-N + XGBoost, bagged",random 5-fold,1,589,3.9396,0.65519
"S-N + XGBoost, bagged",random 5-fold,1,407,3.6914,0.61461
"S-N + XGBoost, bagged",random 5-fold,1,560,0.9043,0.64135
"S-N + XGBoost, bagged",random 5-fold,1,404,1.9465,0.44142
"S-N + XGBoost, bagged",random 5-fold,1,462,0.5976,0.55977
"S-N + XGBoost, bagged",random 5-fold,1,469,1.5229,0.40024
"S-N + XGBoost, bagged",random 5-fold,1,124,0.5448,0.74834
"S-N + XGBoost, bagged",random 5-fold,1,33,1.9379,1.62899
"S-N + XGBoost, bagged",random 5-fold,1,485,1.3081,0.48933
"S-N + XGBoost, bagged",random 5-fold,1,199,4.2856,1.12262
"S-N + XGBoost, bagged",random 5-fold,1,44,2.3670,1.23734
"S-N + XGBoost, bagged",random 5-fold,1,597,3.3155,0.57307
"S-N + XGBoost, bagged",random 5-fold,1,278,0.1191,0.64183
"S-N + XGBoost, bagged",random 5-fold,1,201,1.6487,2.35001
"S-N + XGBoost, bagged",random 5-fold,1,343,0.7493,0.46970
"S-N + XGBoost, bagged",random 5-fold,1,296,0.2766,0.79368
"S-N + XGBoost, bagged",random 5-fold,1,137,0.4354,0.63395
"S-N + XGBoost, bagged",random 5-fold,1,357,0.5927,0.42188
"S-N + XGBoost, bagged",random 5-fold,1,579,0.8679,0.69023
"S-N + XGBoost, bagged",random 5-fold,1,542,0.6063,0.87723
"S-N + XGBoost, bagged",random 5-fold,1,117,1.2701,1.18102
"S-N + XGBoost, bagged",random 5-fold,1,588,3.7923,0.63647
"S-N + XGBoost, bagged",random 5-fold,1,473,1.6864,0.86881
"S-N + XGBoost, bagged",random 5-fold,1,155,1.0274,0.73466
"S-N + XGBoost, bagged",random 5-fold,1,175,0.6769,0.74459
"S-N + XGBoost, bagged",random 5-fold,2,604,0.7511,0.81403
"S-N + XGBoost, bagged",random 5-fold,2,122,0.3695,0.58220
"S-N + XGBoost, bagged",random 5-fold,2,84,1.1719,0.79706
"S-N + XGBoost, bagged",random 5-fold,2,232,1.3055,1.30447
"S-N + XGBoost, bagged",random 5-fold,2,167,0.5880,0.83857
"S-N + XGBoost, bagged",random 5-fold,2,502,8.9340,2.32763
"S-N + XGBoost, bagged",random 5-fold,2,38,1.5424,1.00543
"S-N + XGBoost, bagged",random 5-fold,2,325,1.1602,0.53398
"S-N + XGBoost, bagged",random 5-fold,2,420,2.5005,0.86820
"S-N + XGBoost, bagged",random 5-fold,2,186,0.6034,1.01550
"S-N + XGBoost, bagged",random 5-fold,2,24,1.1131,1.35692
"S-N + XGBoost, bagged",random 5-fold,2,88,2.0545,0.87222
"S-N + XGBoost, bagged",random 5-fold,2,491,1.8261,0.45184
"S-N + XGBoost, bagged",random 5-fold,2,70,2.0301,1.18227
"S-N + XGBoost, bagged",random 5-fold,2,520,2.2652,0.97720
"S-N + XGBoost, bagged",random 5-fold,2,189,0.8156,0.53092
"S-N + XGBoost, bagged",random 5-fold,2,340,0.6494,0.45805
"S-N + XGBoost, bagged",random 5-fold,2,294,0.9371,0.62818
"S-N + XGBoost, bagged",random 5-fold,2,106,1.4296,1.00902
"S-N + XGBoost, bagged",random 5-fold,2,316,0.4171,0.54083
"S-N + XGBoost, bagged",random 5-fold,2,470,1.7141,0.77312
"S-N + XGBoost, bagged",random 5-fold,2,47,1.0399,0.73487
"S-N + XGBoost, bagged",random 5-fold,2,366,1.0323,0.59339
"S-N + XGBoost, bagged",random 5-fold,2,533,5.8391,1.21631
"S-N + XGBoost, bagged",random 5-fold,2,551,0.5701,3.58986
"S-N + XGBoost, bagged",random 5-fold,2,423,1.1135,0.85651
"S-N + XGBoost, bagged",random 5-fold,2,342,1.7818,0.62789
"S-N + XGBoost, bagged",random 5-fold,2,527,5.7548,1.85074
"S-N + XGBoost, bagged",random 5-fold,2,419,1.8011,0.56804
"S-N + XGBoost, bagged",random 5-fold,2,374,1.1226,1.68603
"S-N + XGBoost, bagged",random 5-fold,2,206,1.4029,1.30063
"S-N + XGBoost, bagged",random 5-fold,2,557,6.0682,0.73452
"S-N + XGBoost, bagged",random 5-fold,2,495,1.4059,0.81309
"S-N + XGBoost, bagged",random 5-fold,2,128,0.5041,1.09709
"S-N + XGBoost, bagged",random 5-fold,2,0,3.1182,0.89979
"S-N + XGBoost, bagged",random 5-fold,2,331,1.5611,0.90979
"S-N + XGBoost, bagged",random 5-fold,2,239,1.4248,1.16500
"S-N + XGBoost, bagged",random 5-fold,2,421,0.4418,0.30696
"S-N + XGBoost, bagged",random 5-fold,2,442,2.3802,0.92207
"S-N + XGBoost, bagged",random 5-fold,2,519,1.2682,0.82141
"S-N + XGBoost, bagged",random 5-fold,2,255,1.0798,0.75709
"S-N + XGBoost, bagged",random 5-fold,2,349,1.7544,1.51557
"S-N + XGBoost, bagged",random 5-fold,2,242,1.4982,1.16450
"S-N + XGBoost, bagged",random 5-fold,2,451,1.4614,1.37284
"S-N + XGBoost, bagged",random 5-fold,2,566,3.7410,0.64894
"S-N + XGBoost, bagged",random 5-fold,2,521,2.8178,1.01872
"S-N + XGBoost, bagged",random 5-fold,2,31,3.6951,1.29626
"S-N + XGBoost, bagged",random 5-fold,2,32,2.3117,1.19319
"S-N + XGBoost, bagged",random 5-fold,2,310,0.2629,0.40077
"S-N + XGBoost, bagged",random 5-fold,2,439,1.9114,0.91443
"S-N + XGBoost, bagged",random 5-fold,2,522,3.5935,1.04796
"S-N + XGBoost, bagged",random 5-fold,2,235,1.0322,0.73092
"S-N + XGBoost, bagged",random 5-fold,2,569,1.2470,0.80362
"S-N + XGBoost, bagged",random 5-fold,2,457,2.2190,0.77667
"S-N + XGBoost, bagged",random 5-fold,2,578,1.4905,0.81859
"S-N + XGBoost, bagged",random 5-fold,2,202,0.4432,1.25553
"S-N + XGBoost, bagged",random 5-fold,2,443,1.5643,0.87287
"S-N + XGBoost, bagged",random 5-fold,2,585,1.9854,0.54892
"S-N + XGBoost, bagged",random 5-fold,2,489,1.4260,0.78433
"S-N + XGBoost, bagged",random 5-fold,2,537,2.2498,0.57724
"S-N + XGBoost, bagged",random 5-fold,2,298,1.1633,1.11113
"S-N + XGBoost, bagged",random 5-fold,2,389,1.1405,0.62125
"S-N + XGBoost, bagged",random 5-fold,2,312,0.3064,0.37946
"S-N + XGBoost, bagged",random 5-fold,2,601,1.8509,3.12581
"S-N + XGBoost, bagged",random 5-fold,2,256,0.5371,0.78923
"S-N + XGBoost, bagged",random 5-fold,2,43,0.2778,0.90148
"S-N + XGBoost, bagged",random 5-fold,2,252,0.8499,2.05335
"S-N + XGBoost, bagged",random 5-fold,2,609,3.8093,1.22833
"S-N + XGBoost, bagged",random 5-fold,2,192,0.6313,0.49262
"S-N + XGBoost, bagged",random 5-fold,2,515,1.6267,0.94486
"S-N + XGBoost, bagged",random 5-fold,2,416,0.8922,0.56471
"S-N + XGBoost, bagged",random 5-fold,2,159,1.0365,1.25475
"S-N + XGBoost, bagged",random 5-fold,2,236,1.3166,1.32850
"S-N + XGBoost, bagged",random 5-fold,2,181,1.4738,0.60302
"S-N + XGBoost, bagged",random 5-fold,2,196,1.2532,0.74399
"S-N + XGBoost, bagged",random 5-fold,2,460,1.6298,0.59175
"S-N + XGBoost, bagged",random 5-fold,2,220,0.9491,1.01421
"S-N + XGBoost, bagged",random 5-fold,2,238,0.7955,0.72006
"S-N + XGBoost, bagged",random 5-fold,2,336,1.2561,0.70790
"S-N + XGBoost, bagged",random 5-fold,2,203,1.6171,1.42020
"S-N + XGBoost, bagged",random 5-fold,2,185,1.1977,0.46166
"S-N + XGBoost, bagged",random 5-fold,2,10,1.3329,0.49198
"S-N + XGBoost, bagged",random 5-fold,2,269,1.3311,0.39973
"S-N + XGBoost, bagged",random 5-fold,2,418,0.9093,0.62257
"S-N + XGBoost, bagged",random 5-fold,2,334,1.0513,0.52351
"S-N + XGBoost, bagged",random 5-fold,2,326,1.0796,1.04303
"S-N + XGBoost, bagged",random 5-fold,2,34,0.9370,0.80283
"S-N + XGBoost, bagged",random 5-fold,2,510,2.6750,0.90348
"S-N + XGBoost, bagged",random 5-fold,2,500,2.4767,0.95939
"S-N + XGBoost, bagged",random 5-fold,2,107,1.0669,0.56868
"S-N + XGBoost, bagged",random 5-fold,2,620,1.4241,0.82347
"S-N + XGBoost, bagged",random 5-fold,2,555,2.3887,0.54176
"S-N + XGBoost, bagged",random 5-fold,2,397,1.7970,0.58961
"S-N + XGBoost, bagged",random 5-fold,2,141,0.7772,0.50328
"S-N + XGBoost, bagged",random 5-fold,2,356,1.8544,0.70458
"S-N + XGBoost, bagged",random 5-fold,2,528,1.2325,0.67706
"S-N + XGBoost, bagged",random 5-fold,2,332,1.1756,1.02149
"S-N + XGBoost, bagged",random 5-fold,2,391,1.2107,0.69462
"S-N + XGBoost, bagged",random 5-fold,2,535,1.1314,0.38138
"S-N + XGBoost, bagged",random 5-fold,2,596,1.8467,0.63562
"S-N + XGBoost, bagged",random 5-fold,2,314,1.5128,0.57611
"S-N + XGBoost, bagged",random 5-fold,2,224,6.8257,1.38965
"S-N + XGBoost, bagged",random 5-fold,2,303,0.5224,0.40885
"S-N + XGBoost, bagged",random 5-fold,2,573,1.0298,1.12330
"S-N + XGBoost, bagged",random 5-fold,2,614,3.9972,0.95643
"S-N + XGBoost, bagged",random 5-fold,2,309,0.3329,0.61257
"S-N + XGBoost, bagged",random 5-fold,2,395,1.8406,0.67666
"S-N + XGBoost, bagged",random 5-fold,2,426,0.7911,1.71355
"S-N + XGBoost, bagged",random 5-fold,2,169,0.3998,1.26553
"S-N + XGBoost, bagged",random 5-fold,2,114,0.9235,0.67325
"S-N + XGBoost, bagged",random 5-fold,2,449,1.7013,1.49572
"S-N + XGBoost, bagged",random 5-fold,2,150,1.3372,1.49131
"S-N + XGBoost, bagged",random 5-fold,2,289,0.8777,1.00875
"S-N + XGBoost, bagged",random 5-fold,2,231,0.9319,1.42426
"S-N + XGBoost, bagged",random 5-fold,2,144,0.6133,0.38931
"S-N + XGBoost, bagged",random 5-fold,2,388,1.0128,0.61865
"S-N + XGBoost, bagged",random 5-fold,2,59,0.5422,0.84332
"S-N + XGBoost, bagged",random 5-fold,2,337,0.3416,0.55890
"S-N + XGBoost, bagged",random 5-fold,2,273,0.8453,0.65958
"S-N + XGBoost, bagged",random 5-fold,2,168,1.9234,0.73142
"S-N + XGBoost, bagged",random 5-fold,2,433,0.8959,1.56178
"S-N + XGBoost, bagged",random 5-fold,2,386,0.7250,0.84149
"S-N + XGBoost, bagged",random 5-fold,2,381,0.9638,0.66428
"S-N + XGBoost, bagged",random 5-fold,2,373,2.3184,0.71287
"S-N + XGBoost, bagged",random 5-fold,2,562,0.6594,0.60402
"S-N + XGBoost, bagged",random 5-fold,3,194,0.6070,0.43996
"S-N + XGBoost, bagged",random 5-fold,3,362,0.7574,0.47989
"S-N + XGBoost, bagged",random 5-fold,3,260,0.6850,0.23166
"S-N + XGBoost, bagged",random 5-fold,3,438,1.7025,1.08988
"S-N + XGBoost, bagged",random 5-fold,3,42,0.7325,1.25073
"S-N + XGBoost, bagged",random 5-fold,3,210,0.5432,0.77211
"S-N + XGBoost, bagged",random 5-fold,3,446,1.5172,0.90243
"S-N + XGBoost, bagged",random 5-fold,3,406,1.8746,0.69593
"S-N + XGBoost, bagged",random 5-fold,3,170,1.5740,0.77178
"S-N + XGBoost, bagged",random 5-fold,3,72,0.5979,0.94884
"S-N + XGBoost, bagged",random 5-fold,3,74,1.3372,1.90347
"S-N + XGBoost, bagged",random 5-fold,3,268,0.9068,0.56652
"S-N + XGBoost, bagged",random 5-fold,3,218,0.9417,0.88142
"S-N + XGBoost, bagged",random 5-fold,3,576,0.9924,2.92788
"S-N + XGBoost, bagged",random 5-fold,3,157,1.0834,0.63867
"S-N + XGBoost, bagged",random 5-fold,3,320,1.4178,0.52426
"S-N + XGBoost, bagged",random 5-fold,3,422,1.0750,0.83230
"S-N + XGBoost, bagged",random 5-fold,3,467,0.6604,0.75555
"S-N + XGBoost, bagged",random 5-fold,3,53,1.7248,1.01761
"S-N + XGBoost, bagged",random 5-fold,3,204,1.6841,1.04807
"S-N + XGBoost, bagged",random 5-fold,3,306,1.2610,0.69470
"S-N + XGBoost, bagged",random 5-fold,3,25,1.2790,1.13670
"S-N + XGBoost, bagged",random 5-fold,3,190,0.7199,0.29257
"S-N + XGBoost, bagged",random 5-fold,3,8,1.6871,2.48390
"S-N + XGBoost, bagged",random 5-fold,3,617,0.6805,1.41013
"S-N + XGBoost, bagged",random 5-fold,3,612,0.3513,0.86937
"S-N + XGBoost, bagged",random 5-fold,3,324,1.6186,0.64328
"S-N + XGBoost, bagged",random 5-fold,3,623,1.5260,0.96005
"S-N + XGBoost, bagged",random 5-fold,3,371,0.8353,0.58901
"S-N + XGBoost, bagged",random 5-fold,3,330,3.2212,0.49988
"S-N + XGBoost, bagged",random 5-fold,3,410,0.9170,0.52392
"S-N + XGBoost, bagged",random 5-fold,3,112,0.6909,0.52778
"S-N + XGBoost, bagged",random 5-fold,3,411,0.9145,0.78495
"S-N + XGBoost, bagged",random 5-fold,3,272,1.7570,0.50435
"S-N + XGBoost, bagged",random 5-fold,3,234,0.7228,0.82400
"S-N + XGBoost, bagged",random 5-fold,3,526,0.9772,2.71960
"S-N + XGBoost, bagged",random 5-fold,3,65,0.6023,0.83734
"S-N + XGBoost, bagged",random 5-fold,3,396,0.9107,0.55906
"S-N + XGBoost, bagged",random 5-fold,3,285,1.2974,0.79836
"S-N + XGBoost, bagged",random 5-fold,3,481,1.8148,0.66374
"S-N + XGBoost, bagged",random 5-fold,3,299,1.3465,1.13191
"S-N + XGBoost, bagged",random 5-fold,3,399,3.8537,0.98455
"S-N + XGBoost, bagged",random 5-fold,3,621,0.7704,1.06899
"S-N + XGBoost, bagged",random 5-fold,3,494,2.1425,0.62965
"S-N + XGBoost, bagged",random 5-fold,3,6,1.7224,1.17074
"S-N + XGBoost, bagged",random 5-fold,3,350,2.6622,0.72569
"S-N + XGBoost, bagged",random 5-fold,3,286,1.3095,0.74178
"S-N + XGBoost, bagged",random 5-fold,3,558,5.7700,1.77156
"S-N + XGBoost, bagged",random 5-fold,3,61,0.9202,0.95639
"S-N + XGBoost, bagged",random 5-fold,3,293,1.2425,0.74997
"S-N + XGBoost, bagged",random 5-fold,3,359,1.0320,0.79553
"S-N + XGBoost, bagged",random 5-fold,3,178,0.7527,0.64867
"S-N + XGBoost, bagged",random 5-fold,3,554,0.9965,0.70473
"S-N + XGBoost, bagged",random 5-fold,3,508,7.4961,2.02899
"S-N + XGBoost, bagged",random 5-fold,3,541,3.4881,0.54513
"S-N + XGBoost, bagged",random 5-fold,3,540,0.4830,0.63210
"S-N + XGBoost, bagged",random 5-fold,3,580,2.3193,1.10657
"S-N + XGBoost, bagged",random 5-fold,3,13,2.4337,0.72573
"S-N + XGBoost, bagged",random 5-fold,3,97,0.1692,0.80942
"S-N + XGBoost, bagged",random 5-fold,3,455,0.3661,0.69498
"S-N + XGBoost, bagged",random 5-fold,3,248,5.9194,1.45730
"S-N + XGBoost, bagged",random 5-fold,3,556,0.6395,0.70663
"S-N + XGBoost, bagged",random 5-fold,3,213,1.8914,0.86848
"S-N + XGBoost, bagged",random 5-fold,3,132,0.5943,0.64873
"S-N + XGBoost, bagged",random 5-fold,3,158,3.1837,1.85961
"S-N + XGBoost, bagged",random 5-fold,3,173,3.4872,0.69688
"S-N + XGBoost, bagged",random 5-fold,3,241,0.5096,0.69141
"S-N + XGBoost, bagged",random 5-fold,3,408,1.4203,2.28952
"S-N + XGBoost, bagged",random 5-fold,3,118,1.1079,0.72475
"S-N + XGBoost, bagged",random 5-fold,3,476,2.1716,1.75796
"S-N + XGBoost, bagged",random 5-fold,3,130,0.8231,0.59991
"S-N + XGBoost, bagged",random 5-fold,3,448,0.5906,1.09160
"S-N + XGBoost, bagged",random 5-fold,3,328,1.2561,0.63130
"S-N + XGBoost, bagged",random 5-fold,3,488,2.0940,0.73089
"S-N + XGBoost, bagged",random 5-fold,3,478,2.1052,0.74505
"S-N + XGBoost, bagged",random 5-fold,3,518,0.8875,0.88921
"S-N + XGBoost, bagged",random 5-fold,3,616,1.8620,1.14362
"S-N + XGBoost, bagged",random 5-fold,3,259,0.1385,0.46803
"S-N + XGBoost, bagged",random 5-fold,3,37,1.3445,0.64763
"S-N + XGBoost, bagged",random 5-fold,3,28,0.6203,1.15897
"S-N + XGBoost, bagged",random 5-fold,3,149,4.0029,1.09648
"S-N + XGBoost, bagged",random 5-fold,3,9,1.4981,0.93227
"S-N + XGBoost, bagged",random 5-fold,3,615,0.8218,1.23760
"S-N + XGBoost, bagged",random 5-fold,3,602,8.8046,2.55888
"S-N + XGBoost, bagged",random 5-fold,3,461,1.1722,0.67050
"S-N + XGBoost, bagged",random 5-fold,3,355,0.9588,0.47497
"S-N + XGBoost, bagged",random 5-fold,3,4,1.5554,0.89611
"S-N + XGBoost, bagged",random 5-fold,3,308,2.0751,1.29230
"S-N + XGBoost, bagged",random 5-fold,3,368,0.9544,0.68508
"S-N + XGBoost, bagged",random 5-fold,3,48,1.0894,1.16109
"S-N + XGBoost, bagged",random 5-fold,3,605,2.5836,1.06116
"S-N + XGBoost, bagged",random 5-fold,3,230,2.3225,0.61570
"S-N + XGBoost, bagged",random 5-fold,3,347,0.9143,0.54944
"S-N + XGBoost, bagged",random 5-fold,3,424,2.9738,0.73254
"S-N + XGBoost, bagged",random 5-fold,3,383,0.5669,1.03067
"S-N + XGBoost, bagged",random 5-fold,3,305,1.3114,0.62380
"S-N + XGBoost, bagged",random 5-fold,3,60,1.9628,0.80778
"S-N + XGBoost, bagged",random 5-fold,3,509,1.4076,1.08528
"S-N + XGBoost, bagged",random 5-fold,3,151,5.0108,1.69899
"S-N + XGBoost, bagged",random 5-fold,3,486,0.8543,0.96494
"S-N + XGBoost, bagged",random 5-fold,3,62,1.1135,0.65759
"S-N + XGBoost, bagged",random 5-fold,3,197,0.9810,0.49712
"S-N + XGBoost, bagged",random 5-fold,3,237,0.5987,0.60521
"S-N + XGBoost, bagged",random 5-fold,3,226,0.6927,1.38811
"S-N + XGBoost, bagged",random 5-fold,3,67,1.3849,1.09040
"S-N + XGBoost, bagged",random 5-fold,3,174,5.9172,1.42380
"S-N + XGBoost, bagged",random 5-fold,3,102,1.3369,1.40741
"S-N + XGBoost, bagged",random 5-fold,3,590,0.5986,0.66908
"S-N + XGBoost, bagged",random 5-fold,3,183,1.2458,1.27268
"S-N + XGBoost, bagged",random 5-fold,3,82,1.2139,1.12674
"S-N + XGBoost, bagged",random 5-fold,3,369,0.6213,0.60930
"S-N + XGBoost, bagged",random 5-fold,3,50,1.5201,1.03483
"S-N + XGBoost, bagged",random 5-fold,3,138,1.2429,0.49357
"S-N + XGBoost, bagged",random 5-fold,3,517,1.5254,1.21207
"S-N + XGBoost, bagged",random 5-fold,3,187,0.2411,0.43764
"S-N + XGBoost, bagged",random 5-fold,3,592,0.6431,1.12290
"S-N + XGBoost, bagged",random 5-fold,3,333,2.1417,1.97562
"S-N + XGBoost, bagged",random 5-fold,3,179,0.2185,0.67042
"S-N + XGBoost, bagged",random 5-fold,3,35,2.5878,0.72943
"S-N + XGBoost, bagged",random 5-fold,3,378,2.0177,0.60791
"S-N + XGBoost, bagged",random 5-fold,3,283,1.6018,1.65755
"S-N + XGBoost, bagged",random 5-fold,3,475,2.6509,0.64517
"S-N + XGBoost, bagged",random 5-fold,3,152,3.4204,1.65126
"S-N + XGBoost, bagged",random 5-fold,3,171,1.0604,0.61436
"S-N + XGBoost, bagged",random 5-fold,3,484,1.4361,0.97062
"S-N + XGBoost, bagged",random 5-fold,4,14,2.7680,0.98032
"S-N + XGBoost, bagged",random 5-fold,4,23,1.2855,1.20142
"S-N + XGBoost, bagged",random 5-fold,4,243,1.1131,0.73328
"S-N + XGBoost, bagged",random 5-fold,4,582,4.4202,0.79887
"S-N + XGBoost, bagged",random 5-fold,4,583,8.5060,1.25568
"S-N + XGBoost, bagged",random 5-fold,4,501,2.0665,2.72363
"S-N + XGBoost, bagged",random 5-fold,4,472,1.1469,0.95719
"S-N + XGBoost, bagged",random 5-fold,4,139,0.3558,0.61158
"S-N + XGBoost, bagged",random 5-fold,4,247,1.0505,0.67386
"S-N + XGBoost, bagged",random 5-fold,4,271,0.7204,0.54349
"S-N + XGBoost, bagged",random 5-fold,4,345,1.7343,0.81485
"S-N + XGBoost, bagged",random 5-fold,4,249,6.0859,1.73686
"S-N + XGBoost, bagged",random 5-fold,4,233,2.9847,1.54015
"S-N + XGBoost, bagged",random 5-fold,4,275,1.0083,0.91062
"S-N + XGBoost, bagged",random 5-fold,4,267,1.7271,0.69994
"S-N + XGBoost, bagged",random 5-fold,4,503,1.0622,0.93534
"S-N + XGBoost, bagged",random 5-fold,4,95,1.6503,0.78597
"S-N + XGBoost, bagged",random 5-fold,4,610,0.4526,0.93102
"S-N + XGBoost, bagged",random 5-fold,4,288,3.0261,0.69703
"S-N + XGBoost, bagged",random 5-fold,4,265,1.0737,0.31895
"S-N + XGBoost, bagged",random 5-fold,4,87,0.6097,0.52010
"S-N + XGBoost, bagged",random 5-fold,4,483,2.3708,1.36921
"S-N + XGBoost, bagged",random 5-fold,4,215,0.3557,0.48083
"S-N + XGBoost, bagged",random 5-fold,4,564,5.0888,0.73920
"S-N + XGBoost, bagged",random 5-fold,4,131,1.5399,0.94575
"S-N + XGBoost, bagged",random 5-fold,4,413,1.1418,0.52807
"S-N + XGBoost, bagged",random 5-fold,4,16,1.1065,0.88018
"S-N + XGBoost, bagged",random 5-fold,4,427,1.0772,1.42710
"S-N + XGBoost, bagged",random 5-fold,4,428,1.1310,0.75481
"S-N + XGBoost, bagged",random 5-fold,4,559,0.9192,1.26015
"S-N + XGBoost, bagged",random 5-fold,4,594,1.4805,0.51395
"S-N + XGBoost, bagged",random 5-fold,4,110,1.3956,0.74407
"S-N + XGBoost, bagged",random 5-fold,4,113,4.1751,0.76081
"S-N + XGBoost, bagged",random 5-fold,4,30,1.0549,1.20205
"S-N + XGBoost, bagged",random 5-fold,4,1,0.9854,2.07632
"S-N + XGBoost, bagged",random 5-fold,4,129,0.1977,0.98751
"S-N + XGBoost, bagged",random 5-fold,4,172,1.7343,1.17855
"S-N + XGBoost, bagged",random 5-fold,4,611,0.4448,1.51228
"S-N + XGBoost, bagged",random 5-fold,4,257,0.1545,0.50569
"S-N + XGBoost, bagged",random 5-fold,4,258,1.6297,1.87668
"S-N + XGBoost, bagged",random 5-fold,4,125,0.6218,1.44020
"S-N + XGBoost, bagged",random 5-fold,4,11,1.3145,1.10947
"S-N + XGBoost, bagged",random 5-fold,4,180,0.3667,0.44554
"S-N + XGBoost, bagged",random 5-fold,4,51,1.3388,1.31052
"S-N + XGBoost, bagged",random 5-fold,4,135,0.1696,0.46821
"S-N + XGBoost, bagged",random 5-fold,4,279,0.6154,0.83326
"S-N + XGBoost, bagged",random 5-fold,4,492,0.6768,0.76090
"S-N + XGBoost, bagged",random 5-fold,4,40,1.9998,1.04613
"S-N + XGBoost, bagged",random 5-fold,4,532,5.1724,0.86440
"S-N + XGBoost, bagged",random 5-fold,4,228,2.3243,1.12273
"S-N + XGBoost, bagged",random 5-fold,4,434,0.5878,0.75522
"S-N + XGBoost, bagged",random 5-fold,4,276,0.8086,1.43759
"S-N + XGBoost, bagged",random 5-fold,4,393,0.7563,0.75796
"S-N + XGBoost, bagged",random 5-fold,4,546,0.5771,0.84845
"S-N + XGBoost, bagged",random 5-fold,4,458,0.4595,1.83352
"S-N + XGBoost, bagged",random 5-fold,4,57,0.5454,0.91002
"S-N + XGBoost, bagged",random 5-fold,4,593,0.9865,0.61445
"S-N + XGBoost, bagged",random 5-fold,4,409,1.5056,0.77183
"S-N + XGBoost, bagged",random 5-fold,4,154,0.8616,1.11435
"S-N + XGBoost, bagged",random 5-fold,4,392,1.3229,0.67239
"S-N + XGBoost, bagged",random 5-fold,4,552,8.1807,1.52274
"S-N + XGBoost, bagged",random 5-fold,4,364,1.2226,0.52352
"S-N + XGBoost, bagged",random 5-fold,4,606,0.9643,1.10509
"S-N + XGBoost, bagged",random 5-fold,4,211,0.7913,1.60960
"S-N + XGBoost, bagged",random 5-fold,4,22,3.2970,0.93284
"S-N + XGBoost, bagged",random 5-fold,4,622,1.8408,0.84619
"S-N + XGBoost, bagged",random 5-fold,4,134,2.4054,1.08989
"S-N + XGBoost, bagged",random 5-fold,4,430,0.5329,0.63969
"S-N + XGBoost, bagged",random 5-fold,4,146,1.5768,0.69924
"S-N + XGBoost, bagged",random 5-fold,4,108,0.4699,0.99906
"S-N + XGBoost, bagged",random 5-fold,4,322,1.0497,0.71605
"S-N + XGBoost, bagged",random 5-fold,4,217,1.4229,1.03850
"S-N + XGBoost, bagged",random 5-fold,4,352,1.1241,1.52065
"S-N + XGBoost, bagged",random 5-fold,4,188,1.2817,0.69863
"S-N + XGBoost, bagged",random 5-fold,4,341,0.8815,0.66759
"S-N + XGBoost, bagged",random 5-fold,4,3,1.3028,0.90753
"S-N + XGBoost, bagged",random 5-fold,4,598,0.6678,0.90843
"S-N + XGBoost, bagged",random 5-fold,4,490,1.9513,0.64965
"S-N + XGBoost, bagged",random 5-fold,4,143,0.7342,0.89923
"S-N + XGBoost, bagged",random 5-fold,4,414,2.0887,0.62445
"S-N + XGBoost, bagged",random 5-fold,4,66,0.5581,0.57991
"S-N + XGBoost, bagged",random 5-fold,4,76,2.1732,2.22659
"S-N + XGBoost, bagged",random 5-fold,4,465,1.9767,0.79467
"S-N + XGBoost, bagged",random 5-fold,4,156,2.3667,1.07939
"S-N + XGBoost, bagged",random 5-fold,4,466,0.6215,0.46651
"S-N + XGBoost, bagged",random 5-fold,4,390,0.3009,0.53808
"S-N + XGBoost, bagged",random 5-fold,4,193,0.8060,1.03520
"S-N + XGBoost, bagged",random 5-fold,4,280,1.1546,0.72338
"S-N + XGBoost, bagged",random 5-fold,4,536,0.5165,0.81086
"S-N + XGBoost, bagged",random 5-fold,4,571,1.0084,1.01085
"S-N + XGBoost, bagged",random 5-fold,4,441,1.1255,0.83697
"S-N + XGBoost, bagged",random 5-fold,4,21,1.2794,0.96313
"S-N + XGBoost, bagged",random 5-fold,4,431,0.9850,1.12464
"S-N + XGBoost, bagged",random 5-fold,4,444,2.1568,0.67304
"S-N + XGBoost, bagged",random 5-fold,4,574,0.5273,1.05174
"S-N + XGBoost, bagged",random 5-fold,4,499,2.3049,1.16900
"S-N + XGBoost, bagged",random 5-fold,4,301,0.7985,1.39335
"S-N + XGBoost, bagged",random 5-fold,4,319,1.2754,0.58470
"S-N + XGBoost, bagged",random 5-fold,4,282,1.2154,0.67134
"S-N + XGBoost, bagged",random 5-fold,4,307,0.3238,0.70799
"S-N + XGBoost, bagged",random 5-fold,4,240,0.7221,0.51125
"S-N + XGBoost, bagged",random 5-fold,4,561,1.0267,0.93621
"S-N + XGBoost, bagged",random 5-fold,4,570,1.9287,1.05452
"S-N + XGBoost, bagged",random 5-fold,4,317,1.5853,0.68616
"S-N + XGBoost, bagged",random 5-fold,4,568,0.6592,0.68525
"S-N + XGBoost, bagged",random 5-fold,4,302,0.7947,1.81317
"S-N + XGBoost, bagged",random 5-fold,4,73,0.8694,1.83770
"S-N + XGBoost, bagged",random 5-fold,4,115,0.2564,0.70920
"S-N + XGBoost, bagged",random 5-fold,4,287,0.7587,0.86175
"S-N + XGBoost, bagged",random 5-fold,4,191,1.4942,0.58600
"S-N + XGBoost, bagged",random 5-fold,4,496,1.9410,0.63107
"S-N + XGBoost, bagged",random 5-fold,4,104,0.8205,0.55035
"S-N + XGBoost, bagged",random 5-fold,4,176,1.0609,1.29586
"S-N + XGBoost, bagged",random 5-fold,4,7,1.2410,0.93630
"S-N + XGBoost, bagged",random 5-fold,4,487,0.3919,0.59996
"S-N + XGBoost, bagged",random 5-fold,4,351,1.7744,1.45923
"S-N + XGBoost, bagged",random 5-fold,4,581,2.4262,0.90101
"S-N + XGBoost, bagged",random 5-fold,4,377,1.5194,1.49845
"S-N + XGBoost, bagged",random 5-fold,4,78,0.6539,0.77013
"S-N + XGBoost, bagged",random 5-fold,4,315,0.8153,0.48026
"S-N + XGBoost, bagged",random 5-fold,4,29,0.7310,0.72445
"S-N + XGBoost, bagged",random 5-fold,4,425,2.1024,0.89776
"S-N + XGBoost, bagged",random 5-fold,4,184,1.1395,0.85099
"S-N + XGBoost, bagged",random 5-fold,4,504,0.6820,0.73170
"S-N + XGBoost, bagged",random 5-fold,4,607,4.4947,0.91014
S-N + GP,random 5-fold,0,329,0.8482,3.82112
S-N + GP,random 5-fold,0,41,0.2684,3.56406
S-N + GP,random 5-fold,0,153,1.0615,3.87455
S-N + GP,random 5-fold,0,549,1.7414,3.78493
S-N + GP,random 5-fold,0,567,2.1019,3.51076
S-N + GP,random 5-fold,0,432,0.6297,3.56449
S-N + GP,random 5-fold,0,545,8.8123,3.57299
S-N + GP,random 5-fold,0,26,1.7132,4.41276
S-N + GP,random 5-fold,0,387,0.9750,3.49440
S-N + GP,random 5-fold,0,80,1.0988,3.76275
S-N + GP,random 5-fold,0,412,1.2849,3.52401
S-N + GP,random 5-fold,0,445,7.3066,3.51319
S-N + GP,random 5-fold,0,253,1.4024,3.81704
S-N + GP,random 5-fold,0,376,1.6231,3.86982
S-N + GP,random 5-fold,0,338,0.1148,3.91462
S-N + GP,random 5-fold,0,225,1.5236,4.60754
S-N + GP,random 5-fold,0,207,0.5462,3.65076
S-N + GP,random 5-fold,0,547,3.5210,3.55879
S-N + GP,random 5-fold,0,482,0.7696,3.53303
S-N + GP,random 5-fold,0,529,1.6210,3.78077
S-N + GP,random 5-fold,0,624,1.3902,3.82185
S-N + GP,random 5-fold,0,68,1.4435,3.77915
S-N + GP,random 5-fold,0,459,0.4077,3.86985
S-N + GP,random 5-fold,0,36,1.6483,3.87694
S-N + GP,random 5-fold,0,292,2.2252,3.56450
S-N + GP,random 5-fold,0,363,1.2820,3.67298
S-N + GP,random 5-fold,0,587,2.2784,3.52926
S-N + GP,random 5-fold,0,440,0.5533,3.53649
S-N + GP,random 5-fold,0,346,0.3603,3.67612
S-N + GP,random 5-fold,0,318,1.6894,3.69572
S-N + GP,random 5-fold,0,19,4.0505,3.56881
S-N + GP,random 5-fold,0,548,4.1781,3.64433
S-N + GP,random 5-fold,0,382,1.3623,3.52807
S-N + GP,random 5-fold,0,147,1.6894,3.56210
S-N + GP,random 5-fold,0,12,2.1398,3.56732
S-N + GP,random 5-fold,0,195,5.3728,3.50557
S-N + GP,random 5-fold,0,58,0.8060,3.67754
S-N + GP,random 5-fold,0,344,0.5686,3.63204
S-N + GP,random 5-fold,0,177,0.8350,3.77232
S-N + GP,random 5-fold,0,109,1.2431,4.15943
S-N + GP,random 5-fold,0,618,1.4300,3.70896
S-N + GP,random 5-fold,0,166,0.6415,3.56466
S-N + GP,random 5-fold,0,121,0.9373,3.69464
S-N + GP,random 5-fold,0,81,1.5302,4.04122
S-N + GP,random 5-fold,0,45,8.6541,3.56706
S-N + GP,random 5-fold,0,572,4.6856,3.51425
S-N + GP,random 5-fold,0,608,10.0658,3.65055
S-N + GP,random 5-fold,0,145,4.8699,3.54613
S-N + GP,random 5-fold,0,120,5.9620,3.57568
S-N + GP,random 5-fold,0,111,0.7369,3.89419
S-N + GP,random 5-fold,0,464,1.6942,3.55870
S-N + GP,random 5-fold,0,313,0.9892,3.70449
S-N + GP,random 5-fold,0,140,0.5688,3.58073
S-N + GP,random 5-fold,0,103,1.1998,3.90838
S-N + GP,random 5-fold,0,360,0.9851,3.55933
S-N + GP,random 5-fold,0,300,2.2941,4.09421
S-N + GP,random 5-fold,0,498,1.5738,3.52557
S-N + GP,random 5-fold,0,162,1.0209,3.59220
S-N + GP,random 5-fold,0,105,0.5568,3.70598
S-N + GP,random 5-fold,0,264,1.4420,3.55650
S-N + GP,random 5-fold,0,212,0.5525,3.57910
S-N + GP,random 5-fold,0,123,1.8954,3.69995
S-N + GP,random 5-fold,0,454,0.8838,3.75473
S-N + GP,random 5-fold,0,100,0.6415,4.61249
S-N + GP,random 5-fold,0,563,0.7531,3.67377
S-N + GP,random 5-fold,0,98,1.1245,3.62893
S-N + GP,random 5-fold,0,505,0.8888,3.68330
S-N + GP,random 5-fold,0,221,0.5418,3.62585
S-N + GP,random 5-fold,0,511,0.7427,3.79813
S-N + GP,random 5-fold,0,263,0.5288,3.74996
S-N + GP,random 5-fold,0,361,1.5169,3.70856
S-N + GP,random 5-fold,0,311,1.4724,3.78977
S-N + GP,random 5-fold,0,398,2.1714,3.52064
S-N + GP,random 5-fold,0,447,1.6516,3.52352
S-N + GP,random 5-fold,0,291,1.4175,3.54209
S-N + GP,random 5-fold,0,250,2.8093,4.22804
S-N + GP,random 5-fold,0,94,1.7912,3.67273
S-N + GP,random 5-fold,0,493,1.7524,3.57470
S-N + GP,random 5-fold,0,401,3.7798,4.18606
S-N + GP,random 5-fold,0,18,1.8345,3.68970
S-N + GP,random 5-fold,0,452,2.1164,3.88095
S-N + GP,random 5-fold,0,77,1.6705,3.94385
S-N + GP,random 5-fold,0,591,2.9817,3.51569
S-N + GP,random 5-fold,0,599,1.0095,3.68083
S-N + GP,random 5-fold,0,531,1.8623,3.87954
S-N + GP,random 5-fold,0,436,0.8425,3.71307
S-N + GP,random 5-fold,0,327,0.9660,3.98636
S-N + GP,random 5-fold,0,245,6.2404,3.53967
S-N + GP,random 5-fold,0,348,1.6412,3.62577
S-N + GP,random 5-fold,0,354,0.9386,3.66869
S-N + GP,random 5-fold,0,142,2.9115,3.57565
S-N + GP,random 5-fold,0,136,0.6088,3.79749
S-N + GP,random 5-fold,0,516,3.4996,3.53937
S-N + GP,random 5-fold,0,54,0.9204,3.85187
S-N + GP,random 5-fold,0,304,1.0114,3.71706
S-N + GP,random 5-fold,0,353,0.4803,3.68813
S-N + GP,random 5-fold,0,223,6.4913,3.61115
S-N + GP,random 5-fold,0,274,3.6048,3.82850
S-N + GP,random 5-fold,0,63,2.1741,3.88864
S-N + GP,random 5-fold,0,261,1.6736,3.81646
S-N + GP,random 5-fold,0,277,0.6710,3.94760
S-N + GP,random 5-fold,0,400,2.6455,4.13604
S-N + GP,random 5-fold,0,603,0.7973,3.83059
S-N + GP,random 5-fold,0,229,2.0960,3.81370
S-N + GP,random 5-fold,0,512,2.4547,3.57512
S-N + GP,random 5-fold,0,370,5.8119,3.50722
S-N + GP,random 5-fold,0,266,0.9891,3.52879
S-N + GP,random 5-fold,0,543,1.1094,3.71881
S-N + GP,random 5-fold,0,85,1.6793,3.66887
S-N + GP,random 5-fold,0,477,0.8406,3.70638
S-N + GP,random 5-fold,0,514,4.0836,3.59710
S-N + GP,random 5-fold,0,402,3.0356,3.93499
S-N + GP,random 5-fold,0,372,1.3723,3.51927
S-N + GP,random 5-fold,0,208,0.9394,3.67644
S-N + GP,random 5-fold,0,56,3.6298,4.02193
S-N + GP,random 5-fold,0,5,1.1764,3.67232
S-N + GP,random 5-fold,0,101,1.8784,4.39967
S-N + GP,random 5-fold,0,161,1.2742,3.91145
S-N + GP,random 5-fold,0,544,1.3999,3.62567
S-N + GP,random 5-fold,0,468,1.5305,3.68723
S-N + GP,random 5-fold,0,165,0.3467,3.58963
S-N + GP,random 5-fold,0,69,1.6933,3.65371
S-N + GP,random 5-fold,0,89,1.9194,3.67518
S-N + GP,random 5-fold,0,251,1.8783,4.15666
S-N + GP,random 5-fold,0,474,0.7549,3.76533
S-N + GP,random 5-fold,1,93,1.5120,3.97546
S-N + GP,random 5-fold,1,384,0.6015,3.77852
S-N + GP,random 5-fold,1,417,2.8038,3.69987
S-N + GP,random 5-fold,1,463,4.9735,3.90287
S-N + GP,random 5-fold,1,297,0.5471,3.72410
S-N + GP,random 5-fold,1,49,0.6193,3.96985
S-N + GP,random 5-fold,1,46,0.2654,3.72236
S-N + GP,random 5-fold,1,209,0.7712,4.28138
S-N + GP,random 5-fold,1,160,0.5976,3.77882
S-N + GP,random 5-fold,1,126,2.9645,4.61208
S-N + GP,random 5-fold,1,216,1.0196,3.68330
S-N + GP,random 5-fold,1,96,0.3339,3.71852
S-N + GP,random 5-fold,1,450,1.0713,4.63921
S-N + GP,random 5-fold,1,127,1.1974,4.30510
S-N + GP,random 5-fold,1,405,1.6268,3.83608
S-N + GP,random 5-fold,1,471,2.3184,3.70473
S-N + GP,random 5-fold,1,227,0.7187,4.06953
S-N + GP,random 5-fold,1,92,2.3821,3.69828
S-N + GP,random 5-fold,1,20,8.7910,3.61053
S-N + GP,random 5-fold,1,586,1.0853,3.81316
S-N + GP,random 5-fold,1,577,9.7110,3.86019
S-N + GP,random 5-fold,1,600,1.9727,4.61013
S-N + GP,random 5-fold,1,91,1.2613,3.68272
S-N + GP,random 5-fold,1,27,0.7016,4.21608
S-N + GP,random 5-fold,1,90,0.6910,3.69139
S-N + GP,random 5-fold,1,534,0.4570,4.10646
S-N + GP,random 5-fold,1,281,1.0686,4.00723
S-N + GP,random 5-fold,1,575,1.7939,4.17227
S-N + GP,random 5-fold,1,480,0.4607,3.66578
S-N + GP,random 5-fold,1,403,2.2340,3.89160
S-N + GP,random 5-fold,1,71,0.5258,3.70201
S-N + GP,random 5-fold,1,99,1.5671,3.99217
S-N + GP,random 5-fold,1,323,0.9541,3.64253
S-N + GP,random 5-fold,1,164,0.8135,3.73591
S-N + GP,random 5-fold,1,262,0.6424,3.63988
S-N + GP,random 5-fold,1,365,0.7350,3.61236
S-N + GP,random 5-fold,1,375,1.9596,3.96577
S-N + GP,random 5-fold,1,415,1.0129,3.67891
S-N + GP,random 5-fold,1,379,0.6428,3.74321
S-N + GP,random 5-fold,1,321,0.6773,3.64796
S-N + GP,random 5-fold,1,524,1.2545,3.85151
S-N + GP,random 5-fold,1,214,1.5890,3.72370
S-N + GP,random 5-fold,1,295,7.5476,3.64364
S-N + GP,random 5-fold,1,613,0.7961,3.88005
S-N + GP,random 5-fold,1,437,0.6643,3.60790
S-N + GP,random 5-fold,1,198,6.3293,3.67856
S-N + GP,random 5-fold,1,584,3.4045,3.96562
S-N + GP,random 5-fold,1,339,1.7543,3.70170
S-N + GP,random 5-fold,1,246,0.2885,3.70874
S-N + GP,random 5-fold,1,205,1.9471,3.81911
S-N + GP,random 5-fold,1,17,2.3500,3.65740
S-N + GP,random 5-fold,1,497,1.5022,3.57319
S-N + GP,random 5-fold,1,222,0.5464,3.71442
S-N + GP,random 5-fold,1,52,0.5471,4.07516
S-N + GP,random 5-fold,1,595,6.2866,3.60926
S-N + GP,random 5-fold,1,254,0.4980,3.83435
S-N + GP,random 5-fold,1,523,1.1541,3.69712
S-N + GP,random 5-fold,1,200,2.6224,4.88670
S-N + GP,random 5-fold,1,79,0.4564,3.94136
S-N + GP,random 5-fold,1,507,4.2977,3.72138
S-N + GP,random 5-fold,1,553,0.8757,3.77495
S-N + GP,random 5-fold,1,429,0.5892,3.75423
S-N + GP,random 5-fold,1,335,0.5808,3.73407
S-N + GP,random 5-fold,1,435,0.6790,3.64466
S-N + GP,random 5-fold,1,513,0.8186,3.87496
S-N + GP,random 5-fold,1,15,0.9976,3.66059
S-N + GP,random 5-fold,1,244,0.7531,3.68806
S-N + GP,random 5-fold,1,453,1.9364,3.84857
S-N + GP,random 5-fold,1,479,0.6386,3.73809
S-N + GP,random 5-fold,1,148,6.1054,3.68429
S-N + GP,random 5-fold,1,219,1.4394,3.76512
S-N + GP,random 5-fold,1,119,1.6520,3.68010
S-N + GP,random 5-fold,1,550,3.4103,4.23948
S-N + GP,random 5-fold,1,380,0.3538,3.67073
S-N + GP,random 5-fold,1,55,0.6474,3.81531
S-N + GP,random 5-fold,1,385,1.0588,3.61553
S-N + GP,random 5-fold,1,116,1.1354,3.63597
S-N + GP,random 5-fold,1,619,0.8540,3.71331
S-N + GP,random 5-fold,1,538,0.8600,3.94679
S-N + GP,random 5-fold,1,75,1.3658,4.63795
S-N + GP,random 5-fold,1,394,1.9694,3.60089
S-N + GP,random 5-fold,1,133,2.1676,3.84092
S-N + GP,random 5-fold,1,290,2.3573,3.68997
S-N + GP,random 5-fold,1,539,4.7166,3.70591
S-N + GP,random 5-fold,1,64,1.7026,3.71098
S-N + GP,random 5-fold,1,456,2.0236,3.99895
S-N + GP,random 5-fold,1,367,3.2534,3.61270
S-N + GP,random 5-fold,1,506,0.7915,3.96809
S-N + GP,random 5-fold,1,39,2.6203,3.68988
S-N + GP,random 5-fold,1,358,1.7411,3.63029
S-N + GP,random 5-fold,1,2,1.4365,3.94600
S-N + GP,random 5-fold,1,86,2.1093,4.11707
S-N + GP,random 5-fold,1,530,2.4372,3.77627
S-N + GP,random 5-fold,1,182,0.6582,3.65502
S-N + GP,random 5-fold,1,565,0.8633,3.62520
S-N + GP,random 5-fold,1,163,0.4621,3.97350
S-N + GP,random 5-fold,1,83,0.8526,3.82542
S-N + GP,random 5-fold,1,270,8.3342,3.61110
S-N + GP,random 5-fold,1,525,2.6095,4.59379
S-N + GP,random 5-fold,1,284,0.3883,4.17298
S-N + GP,random 5-fold,1,589,4.4406,3.62557
S-N + GP,random 5-fold,1,407,2.0266,3.77392
S-N + GP,random 5-fold,1,560,1.1772,3.65640
S-N + GP,random 5-fold,1,404,1.5317,3.91579
S-N + GP,random 5-fold,1,462,0.8675,3.62668
S-N + GP,random 5-fold,1,469,1.4334,3.77780
S-N + GP,random 5-fold,1,124,1.6451,3.87894
S-N + GP,random 5-fold,1,33,0.7182,3.86393
S-N + GP,random 5-fold,1,485,1.2828,3.61575
S-N + GP,random 5-fold,1,199,4.3767,3.80689
S-N + GP,random 5-fold,1,44,2.4859,3.69756
S-N + GP,random 5-fold,1,597,4.0086,3.63730
S-N + GP,random 5-fold,1,278,0.8106,3.90291
S-N + GP,random 5-fold,1,201,0.9225,4.57998
S-N + GP,random 5-fold,1,343,2.3255,3.79902
S-N + GP,random 5-fold,1,296,0.3510,3.80633
S-N + GP,random 5-fold,1,137,0.7275,3.63702
S-N + GP,random 5-fold,1,357,0.7859,3.64314
S-N + GP,random 5-fold,1,579,1.0724,3.77267
S-N + GP,random 5-fold,1,542,1.0302,3.68737
S-N + GP,random 5-fold,1,117,2.9834,3.66102
S-N + GP,random 5-fold,1,588,1.9152,3.85087
S-N + GP,random 5-fold,1,473,1.8562,3.75760
S-N + GP,random 5-fold,1,155,0.3894,3.81465
S-N + GP,random 5-fold,1,175,0.9671,4.22730
S-N + GP,random 5-fold,2,604,0.8230,3.61699
S-N + GP,random 5-fold,2,122,0.8259,3.44258
S-N + GP,random 5-fold,2,84,0.5297,3.92235
S-N + GP,random 5-fold,2,232,1.0454,3.69351
S-N + GP,random 5-fold,2,167,2.0220,3.47498
S-N + GP,random 5-fold,2,502,9.2752,3.75311
S-N + GP,random 5-fold,2,38,1.3315,3.94522
S-N + GP,random 5-fold,2,325,1.8249,4.79681
S-N + GP,random 5-fold,2,420,7.2001,3.44570
S-N + GP,random 5-fold,2,186,0.6415,3.58675
S-N + GP,random 5-fold,2,24,0.8696,3.66097
S-N + GP,random 5-fold,2,88,1.0156,3.76692
S-N + GP,random 5-fold,2,491,0.6086,3.38335
S-N + GP,random 5-fold,2,70,8.8758,3.42706
S-N + GP,random 5-fold,2,520,6.0940,3.44099
S-N + GP,random 5-fold,2,189,0.6647,3.46781
S-N + GP,random 5-fold,2,340,1.0650,3.56670
S-N + GP,random 5-fold,2,294,0.6960,3.50019
S-N + GP,random 5-fold,2,106,1.9843,3.82943
S-N + GP,random 5-fold,2,316,1.5809,3.42130
S-N + GP,random 5-fold,2,470,6.8618,3.40308
S-N + GP,random 5-fold,2,47,0.6651,3.51646
S-N + GP,random 5-fold,2,366,1.6954,3.38186
S-N + GP,random 5-fold,2,533,7.7202,3.55565
S-N + GP,random 5-fold,2,551,0.9000,3.79644
S-N + GP,random 5-fold,2,423,0.7857,3.50122
S-N + GP,random 5-fold,2,342,2.4226,3.57996
S-N + GP,random 5-fold,2,527,6.0757,3.80889
S-N + GP,random 5-fold,2,419,2.3591,3.48925
S-N + GP,random 5-fold,2,374,3.0622,3.54262
S-N + GP,random 5-fold,2,206,2.6364,3.81368
S-N + GP,random 5-fold,2,557,6.5392,3.46050
S-N + GP,random 5-fold,2,495,6.7644,3.37867
S-N + GP,random 5-fold,2,128,0.5934,3.66047
S-N + GP,random 5-fold,2,0,2.1476,4.23735
S-N + GP,random 5-fold,2,331,1.2923,3.92205
S-N + GP,random 5-fold,2,239,1.3421,3.66284
S-N + GP,random 5-fold,2,421,1.2676,3.48222
S-N + GP,random 5-fold,2,442,4.1640,3.42147
S-N + GP,random 5-fold,2,519,0.6245,3.51930
S-N + GP,random 5-fold,2,255,1.7245,3.54415
S-N + GP,random 5-fold,2,349,2.1985,3.81189
S-N + GP,random 5-fold,2,242,0.8524,3.60282
S-N + GP,random 5-fold,2,451,2.4832,4.01499
S-N + GP,random 5-fold,2,566,4.9199,3.40779
S-N + GP,random 5-fold,2,521,1.7973,3.53447
S-N + GP,random 5-fold,2,31,4.1527,3.89141
S-N + GP,random 5-fold,2,32,3.0882,3.56544
S-N + GP,random 5-fold,2,310,0.8753,3.48920
S-N + GP,random 5-fold,2,439,1.7635,3.42800
S-N + GP,random 5-fold,2,522,3.2874,3.49905
S-N + GP,random 5-fold,2,235,0.6955,3.68306
S-N + GP,random 5-fold,2,569,0.4161,3.45259
S-N + GP,random 5-fold,2,457,1.3585,3.47576
S-N + GP,random 5-fold,2,578,1.3625,3.60157
S-N + GP,random 5-fold,2,202,0.8179,3.90022
S-N + GP,random 5-fold,2,443,1.3547,3.49630
S-N + GP,random 5-fold,2,585,1.3096,3.46875
S-N + GP,random 5-fold,2,489,0.9570,3.39244
S-N + GP,random 5-fold,2,537,2.3462,3.44216
S-N + GP,random 5-fold,2,298,1.2787,3.50786
S-N + GP,random 5-fold,2,389,1.2663,3.39845
S-N + GP,random 5-fold,2,312,1.0173,3.42947
S-N + GP,random 5-fold,2,601,0.4044,4.12858
S-N + GP,random 5-fold,2,256,1.1195,3.76878
S-N + GP,random 5-fold,2,43,1.4696,3.61932
S-N + GP,random 5-fold,2,252,2.0087,3.70990
S-N + GP,random 5-fold,2,609,2.3614,3.80443
S-N + GP,random 5-fold,2,192,2.8774,3.44973
S-N + GP,random 5-fold,2,515,1.5390,3.50098
S-N + GP,random 5-fold,2,416,1.4049,3.45069
S-N + GP,random 5-fold,2,159,1.1332,3.95188
S-N + GP,random 5-fold,2,236,1.2803,3.74923
S-N + GP,random 5-fold,2,181,1.0473,3.69444
S-N + GP,random 5-fold,2,196,1.7106,3.44141
S-N + GP,random 5-fold,2,460,1.6858,3.47771
S-N + GP,random 5-fold,2,220,6.4322,3.45067
S-N + GP,random 5-fold,2,238,0.5069,3.81210
S-N + GP,random 5-fold,2,336,1.5391,3.79231
S-N + GP,random 5-fold,2,203,1.3010,3.81495
S-N + GP,random 5-fold,2,185,0.5830,3.49389
S-N + GP,random 5-fold,2,10,1.2564,3.48471
S-N + GP,random 5-fold,2,269,1.1306,3.51126
S-N + GP,random 5-fold,2,418,1.4758,3.54102
S-N + GP,random 5-fold,2,334,0.9574,4.01190
S-N + GP,random 5-fold,2,326,1.9570,4.38988
S-N + GP,random 5-fold,2,34,0.5933,4.12853
S-N + GP,random 5-fold,2,510,2.2752,3.55531
S-N + GP,random 5-fold,2,500,2.9433,4.23009
S-N + GP,random 5-fold,2,107,0.8270,3.57653
S-N + GP,random 5-fold,2,620,6.4594,3.41317
S-N + GP,random 5-fold,2,555,2.7332,3.49615
S-N + GP,random 5-fold,2,397,1.9150,3.39472
S-N + GP,random 5-fold,2,141,1.1538,3.42364
S-N + GP,random 5-fold,2,356,1.4376,3.61873
S-N + GP,random 5-fold,2,528,0.4487,3.64628
S-N + GP,random 5-fold,2,332,0.7888,3.64745
S-N + GP,random 5-fold,2,391,0.8503,3.39067
S-N + GP,random 5-fold,2,535,0.6742,3.48964
S-N + GP,random 5-fold,2,596,0.9439,3.44650
S-N + GP,random 5-fold,2,314,1.6806,3.45056
S-N + GP,random 5-fold,2,224,7.7964,3.83558
S-N + GP,random 5-fold,2,303,0.8292,3.60452
S-N + GP,random 5-fold,2,573,1.2434,3.46332
S-N + GP,random 5-fold,2,614,4.0732,3.45819
S-N + GP,random 5-fold,2,309,1.1690,3.69977
S-N + GP,random 5-fold,2,395,6.9877,3.38425
S-N + GP,random 5-fold,2,426,3.7259,3.78836
S-N + GP,random 5-fold,2,169,0.4048,3.54857
S-N + GP,random 5-fold,2,114,1.2873,3.53094
S-N + GP,random 5-fold,2,449,2.1568,3.57630
S-N + GP,random 5-fold,2,150,2.6369,4.69248
S-N + GP,random 5-fold,2,289,1.3508,3.47524
S-N + GP,random 5-fold,2,231,2.2133,3.99135
S-N + GP,random 5-fold,2,144,0.7672,3.47644
S-N + GP,random 5-fold,2,388,0.4758,3.51119
S-N + GP,random 5-fold,2,59,0.4120,3.91737
S-N + GP,random 5-fold,2,337,0.5804,3.52031
S-N + GP,random 5-fold,2,273,1.4222,3.49054
S-N + GP,random 5-fold,2,168,1.4058,3.61522
S-N + GP,random 5-fold,2,433,2.6768,3.47834
S-N + GP,random 5-fold,2,386,1.0265,3.51207
S-N + GP,random 5-fold,2,381,1.0041,3.59559
S-N + GP,random 5-fold,2,373,1.9109,3.43468
S-N + GP,random 5-fold,2,562,0.7433,3.42056
S-N + GP,random 5-fold,3,194,1.0077,3.58852
S-N + GP,random 5-fold,3,362,1.3109,3.54789
S-N + GP,random 5-fold,3,260,0.6349,3.63682
S-N + GP,random 5-fold,3,438,2.0092,3.75101
S-N + GP,random 5-fold,3,42,0.4656,3.65406
S-N + GP,random 5-fold,3,210,0.3111,3.71219
S-N + GP,random 5-fold,3,446,1.6662,3.59587
S-N + GP,random 5-fold,3,406,2.2325,3.90192
S-N + GP,random 5-fold,3,170,6.1683,3.68855
S-N + GP,random 5-fold,3,72,0.6787,3.65988
S-N + GP,random 5-fold,3,74,0.3990,4.08881
S-N + GP,random 5-fold,3,268,1.8696,3.68988
S-N + GP,random 5-fold,3,218,0.8239,3.80549
S-N + GP,random 5-fold,3,576,0.7214,4.01721
S-N + GP,random 5-fold,3,157,0.4297,3.67958
S-N + GP,random 5-fold,3,320,6.1770,3.56036
S-N + GP,random 5-fold,3,422,1.5945,3.57650
S-N + GP,random 5-fold,3,467,3.0582,3.58665
S-N + GP,random 5-fold,3,53,1.3248,4.09228
S-N + GP,random 5-fold,3,204,0.5306,3.92002
S-N + GP,random 5-fold,3,306,0.6812,3.81774
S-N + GP,random 5-fold,3,25,0.9921,4.87444
S-N + GP,random 5-fold,3,190,0.7836,3.57147
S-N + GP,random 5-fold,3,8,1.4880,3.66577
S-N + GP,random 5-fold,3,617,1.8808,3.65422
S-N + GP,random 5-fold,3,612,2.3138,3.63720
S-N + GP,random 5-fold,3,324,2.7053,3.74263
S-N + GP,random 5-fold,3,623,1.8247,3.63704
S-N + GP,random 5-fold,3,371,1.0338,3.58526
S-N + GP,random 5-fold,3,330,3.6598,3.75312
S-N + GP,random 5-fold,3,410,0.8181,3.63527
S-N + GP,random 5-fold,3,112,1.0769,3.60970
S-N + GP,random 5-fold,3,411,1.7011,3.83790
S-N + GP,random 5-fold,3,272,1.7284,3.59573
S-N + GP,random 5-fold,3,234,0.2771,4.18612
S-N + GP,random 5-fold,3,526,2.7602,4.21463
S-N + GP,random 5-fold,3,65,0.4729,3.73447
S-N + GP,random 5-fold,3,396,0.8507,3.55533
S-N + GP,random 5-fold,3,285,0.9347,3.65240
S-N + GP,random 5-fold,3,481,1.9736,3.75506
S-N + GP,random 5-fold,3,299,2.1032,3.91844
S-N + GP,random 5-fold,3,399,1.9718,3.68630
S-N + GP,random 5-fold,3,621,1.4070,3.64683
S-N + GP,random 5-fold,3,494,1.9050,3.57556
S-N + GP,random 5-fold,3,6,2.4486,3.93118
S-N + GP,random 5-fold,3,350,4.2781,3.99416
S-N + GP,random 5-fold,3,286,1.8378,4.11422
S-N + GP,random 5-fold,3,558,8.1958,3.60653
S-N + GP,random 5-fold,3,61,1.7969,4.06282
S-N + GP,random 5-fold,3,293,1.7044,3.90479
S-N + GP,random 5-fold,3,359,1.2485,3.82130
S-N + GP,random 5-fold,3,178,0.7284,3.77328
S-N + GP,random 5-fold,3,554,0.6168,3.69369
S-N + GP,random 5-fold,3,508,10.0701,3.67818
S-N + GP,random 5-fold,3,541,5.4699,3.57066
S-N + GP,random 5-fold,3,540,1.1764,3.58699
S-N + GP,random 5-fold,3,580,1.7234,3.67176
S-N + GP,random 5-fold,3,13,1.1677,3.97652
S-N + GP,random 5-fold,3,97,1.0073,3.58125
S-N + GP,random 5-fold,3,455,0.6797,3.68799
S-N + GP,random 5-fold,3,248,8.0696,3.66808
S-N + GP,random 5-fold,3,556,1.0197,3.82119
S-N + GP,random 5-fold,3,213,0.8629,3.97100
S-N + GP,random 5-fold,3,132,0.4937,3.68868
S-N + GP,random 5-fold,3,158,1.6914,4.08175
S-N + GP,random 5-fold,3,173,6.8685,3.73471
S-N + GP,random 5-fold,3,241,0.6265,3.61969
S-N + GP,random 5-fold,3,408,2.1981,3.68645
S-N + GP,random 5-fold,3,118,0.9297,3.75715
S-N + GP,random 5-fold,3,476,0.8866,3.85369
S-N + GP,random 5-fold,3,130,0.1927,3.75171
S-N + GP,random 5-fold,3,448,1.5408,3.57793
S-N + GP,random 5-fold,3,328,1.8523,3.89650
S-N + GP,random 5-fold,3,488,0.7715,3.74824
S-N + GP,random 5-fold,3,478,1.5564,3.69709
S-N + GP,random 5-fold,3,518,0.4423,3.72165
S-N + GP,random 5-fold,3,616,3.9288,3.61743
S-N + GP,random 5-fold,3,259,0.5205,3.99540
S-N + GP,random 5-fold,3,37,1.0131,3.63895
S-N + GP,random 5-fold,3,28,0.9048,3.94422
S-N + GP,random 5-fold,3,149,5.6580,3.80488
S-N + GP,random 5-fold,3,9,0.7422,4.12920
S-N + GP,random 5-fold,3,615,0.4087,3.64134
S-N + GP,random 5-fold,3,602,9.3646,3.90623
S-N + GP,random 5-fold,3,461,1.4727,3.81862
S-N + GP,random 5-fold,3,355,1.4338,3.60815
S-N + GP,random 5-fold,3,4,1.4558,3.79664
S-N + GP,random 5-fold,3,308,0.8785,3.64716
S-N + GP,random 5-fold,3,368,1.7558,3.61928
S-N + GP,random 5-fold,3,48,0.3721,3.75840
S-N + GP,random 5-fold,3,605,1.8161,3.74070
S-N + GP,random 5-fold,3,230,2.5042,3.76268
S-N + GP,random 5-fold,3,347,1.0092,3.60913
S-N + GP,random 5-fold,3,424,1.1416,3.78837
S-N + GP,random 5-fold,3,383,1.3493,3.57468
S-N + GP,random 5-fold,3,305,0.8150,3.66564
S-N + GP,random 5-fold,3,60,1.4298,3.78605
S-N + GP,random 5-fold,3,509,1.0447,3.97124
S-N + GP,random 5-fold,3,151,6.7145,5.15975
S-N + GP,random 5-fold,3,486,0.6506,3.69093
S-N + GP,random 5-fold,3,62,1.3487,3.67580
S-N + GP,random 5-fold,3,197,1.3559,3.57316
S-N + GP,random 5-fold,3,237,0.6235,3.63292
S-N + GP,random 5-fold,3,226,1.2684,4.53529
S-N + GP,random 5-fold,3,67,0.9091,3.71141
S-N + GP,random 5-fold,3,174,6.4982,4.07037
S-N + GP,random 5-fold,3,102,1.2000,3.98294
S-N + GP,random 5-fold,3,590,0.3727,3.57682
S-N + GP,random 5-fold,3,183,1.0821,3.62772
S-N + GP,random 5-fold,3,82,0.6074,3.64732
S-N + GP,random 5-fold,3,369,1.3237,3.57299
S-N + GP,random 5-fold,3,50,0.8918,4.84060
S-N + GP,random 5-fold,3,138,0.7480,3.84992
S-N + GP,random 5-fold,3,517,2.1778,3.58317
S-N + GP,random 5-fold,3,187,0.4585,3.58619
S-N + GP,random 5-fold,3,592,1.5117,3.58266
S-N + GP,random 5-fold,3,333,0.6826,3.71115
S-N + GP,random 5-fold,3,179,0.6682,3.77804
S-N + GP,random 5-fold,3,35,2.2548,3.70305
S-N + GP,random 5-fold,3,378,1.6134,3.69484
S-N + GP,random 5-fold,3,283,1.2595,3.76947
S-N + GP,random 5-fold,3,475,1.7301,3.94452
S-N + GP,random 5-fold,3,152,4.2122,4.80835
S-N + GP,random 5-fold,3,171,1.9858,3.69247
S-N + GP,random 5-fold,3,484,0.5547,3.86964
S-N + GP,random 5-fold,4,14,2.8822,3.68363
S-N + GP,random 5-fold,4,23,0.7739,3.68955
S-N + GP,random 5-fold,4,243,1.9654,3.87287
S-N + GP,random 5-fold,4,582,4.1799,3.68392
S-N + GP,random 5-fold,4,583,10.6744,3.68662
S-N + GP,random 5-fold,4,501,3.9455,4.29894
S-N + GP,random 5-fold,4,472,1.6405,3.64185
S-N + GP,random 5-fold,4,139,1.0566,3.69842
S-N + GP,random 5-fold,4,247,0.6211,3.66527
S-N + GP,random 5-fold,4,271,0.6587,3.66328
S-N + GP,random 5-fold,4,345,8.8595,3.63154
S-N + GP,random 5-fold,4,249,8.2477,4.01614
S-N + GP,random 5-fold,4,233,0.4165,3.80191
S-N + GP,random 5-fold,4,275,2.3733,4.55626
S-N + GP,random 5-fold,4,267,3.9217,3.66668
S-N + GP,random 5-fold,4,503,1.3702,3.88577
S-N + GP,random 5-fold,4,95,6.8782,3.62245
S-N + GP,random 5-fold,4,610,0.9200,3.70698
S-N + GP,random 5-fold,4,288,2.0060,3.90076
S-N + GP,random 5-fold,4,265,0.8104,3.66602
S-N + GP,random 5-fold,4,87,0.8224,3.63983
S-N + GP,random 5-fold,4,483,2.2943,3.63806
S-N + GP,random 5-fold,4,215,0.5148,3.67760
S-N + GP,random 5-fold,4,564,6.2014,3.60164
S-N + GP,random 5-fold,4,131,1.1207,4.01871
S-N + GP,random 5-fold,4,413,0.8397,3.90357
S-N + GP,random 5-fold,4,16,2.7684,3.65869
S-N + GP,random 5-fold,4,427,1.9850,3.88963
S-N + GP,random 5-fold,4,428,1.9332,3.74698
S-N + GP,random 5-fold,4,559,1.2453,3.94973
S-N + GP,random 5-fold,4,594,0.3773,3.67264
S-N + GP,random 5-fold,4,110,1.0661,3.76163
S-N + GP,random 5-fold,4,113,3.4433,3.94661
S-N + GP,random 5-fold,4,30,0.3143,3.86188
S-N + GP,random 5-fold,4,1,0.4498,4.26733
S-N + GP,random 5-fold,4,129,0.9410,3.88142
S-N + GP,random 5-fold,4,172,1.0803,3.64223
S-N + GP,random 5-fold,4,611,1.3889,3.85517
S-N + GP,random 5-fold,4,257,0.5932,3.71099
S-N + GP,random 5-fold,4,258,1.0438,3.70256
S-N + GP,random 5-fold,4,125,1.2715,4.50049
S-N + GP,random 5-fold,4,11,2.3014,3.90523
S-N + GP,random 5-fold,4,180,0.2074,3.69349
S-N + GP,random 5-fold,4,51,1.2295,4.51173
S-N + GP,random 5-fold,4,135,0.8372,3.73441
S-N + GP,random 5-fold,4,279,0.4585,3.98321
S-N + GP,random 5-fold,4,492,2.3706,3.59527
S-N + GP,random 5-fold,4,40,1.5694,3.66644
S-N + GP,random 5-fold,4,532,5.3831,3.68473
S-N + GP,random 5-fold,4,228,2.7418,4.04313
S-N + GP,random 5-fold,4,434,1.0821,3.87427
S-N + GP,random 5-fold,4,276,1.0742,4.40617
S-N + GP,random 5-fold,4,393,1.6597,3.63619
S-N + GP,random 5-fold,4,546,0.6539,3.66468
S-N + GP,random 5-fold,4,458,1.5974,3.70327
S-N + GP,random 5-fold,4,57,1.7116,3.72552
S-N + GP,random 5-fold,4,593,0.9319,3.70403
S-N + GP,random 5-fold,4,409,1.0582,4.08116
S-N + GP,random 5-fold,4,154,1.2626,3.89090
S-N + GP,random 5-fold,4,392,3.8178,3.58558
S-N + GP,random 5-fold,4,552,9.0675,3.84731
S-N + GP,random 5-fold,4,364,1.8874,3.58559
S-N + GP,random 5-fold,4,606,1.3479,3.96599
S-N + GP,random 5-fold,4,211,0.9863,3.93758
S-N + GP,random 5-fold,4,22,2.4380,3.67522
S-N + GP,random 5-fold,4,622,1.4348,3.63197
S-N + GP,random 5-fold,4,134,1.6115,4.18902
S-N + GP,random 5-fold,4,430,0.6308,3.68982
S-N + GP,random 5-fold,4,146,2.0821,3.75918
S-N + GP,random 5-fold,4,108,1.0041,3.72420
S-N + GP,random 5-fold,4,322,1.6075,3.61372
S-N + GP,random 5-fold,4,217,1.9134,3.67441
S-N + GP,random 5-fold,4,352,2.3298,3.91451
S-N + GP,random 5-fold,4,188,0.9388,3.85550
S-N + GP,random 5-fold,4,341,0.3502,3.64134
S-N + GP,random 5-fold,4,3,1.1261,3.89685
S-N + GP,random 5-fold,4,598,0.8398,3.65622
S-N + GP,random 5-fold,4,490,1.2981,3.59608
S-N + GP,random 5-fold,4,143,0.9919,3.79834
S-N + GP,random 5-fold,4,414,2.3704,3.63080
S-N + GP,random 5-fold,4,66,1.4130,3.63232
S-N + GP,random 5-fold,4,76,0.6046,4.32467
S-N + GP,random 5-fold,4,465,1.9656,3.63208
S-N + GP,random 5-fold,4,156,0.7689,4.02645
S-N + GP,random 5-fold,4,466,1.3021,3.63354
S-N + GP,random 5-fold,4,390,0.4571,3.58563
S-N + GP,random 5-fold,4,193,0.7016,3.70466
S-N + GP,random 5-fold,4,280,0.3585,3.90650
S-N + GP,random 5-fold,4,536,1.5176,3.89824
S-N + GP,random 5-fold,4,571,0.9770,3.65620
S-N + GP,random 5-fold,4,441,1.1498,3.58774
S-N + GP,random 5-fold,4,21,1.2545,3.71780
S-N + GP,random 5-fold,4,431,1.6760,3.85813
S-N + GP,random 5-fold,4,444,1.9102,3.65786
S-N + GP,random 5-fold,4,574,1.9441,3.77443
S-N + GP,random 5-fold,4,499,0.7588,3.69975
S-N + GP,random 5-fold,4,301,2.2422,4.24736
S-N + GP,random 5-fold,4,319,1.2746,3.65246
S-N + GP,random 5-fold,4,282,0.5266,3.81147
S-N + GP,random 5-fold,4,307,0.6950,3.69072
S-N + GP,random 5-fold,4,240,0.4734,3.66673
S-N + GP,random 5-fold,4,561,1.7968,3.86516
S-N + GP,random 5-fold,4,570,7.3815,3.60385
S-N + GP,random 5-fold,4,317,3.0925,3.64414
S-N + GP,random 5-fold,4,568,1.4526,3.74345
S-N + GP,random 5-fold,4,302,1.7856,4.00160
S-N + GP,random 5-fold,4,73,1.0021,3.68789
S-N + GP,random 5-fold,4,115,0.2938,3.68971
S-N + GP,random 5-fold,4,287,0.5608,3.67873
S-N + GP,random 5-fold,4,191,1.3232,3.60308
S-N + GP,random 5-fold,4,496,1.4896,3.59607
S-N + GP,random 5-fold,4,104,0.5394,3.86689
S-N + GP,random 5-fold,4,176,1.7148,4.20967
S-N + GP,random 5-fold,4,7,0.8941,3.72106
S-N + GP,random 5-fold,4,487,0.8755,3.58803
S-N + GP,random 5-fold,4,351,3.5295,4.12310
S-N + GP,random 5-fold,4,581,0.7958,3.92308
S-N + GP,random 5-fold,4,377,0.4344,3.78878
S-N + GP,random 5-fold,4,78,0.6807,3.86934
S-N + GP,random 5-fold,4,315,1.3771,3.64638
S-N + GP,random 5-fold,4,29,1.0320,3.96460
S-N + GP,random 5-fold,4,425,1.1136,4.08475
S-N + GP,random 5-fold,4,184,0.7743,4.04916
S-N + GP,random 5-fold,4,504,0.8249,3.86973
S-N + GP,random 5-fold,4,607,4.4733,3.71936
"S-N + XGBoost, bagged",leave-one-yarn-out,0,0,3.6234,1.68248
"S-N + XGBoost, bagged",leave-one-yarn-out,0,1,2.3161,2.20950
"S-N + XGBoost, bagged",leave-one-yarn-out,0,2,3.7464,3.32926
"S-N + XGBoost, bagged",leave-one-yarn-out,0,3,3.6199,1.28180
"S-N + XGBoost, bagged",leave-one-yarn-out,0,4,3.5482,1.10172
"S-N + XGBoost, bagged",leave-one-yarn-out,0,5,6.6780,1.16186
"S-N + XGBoost, bagged",leave-one-yarn-out,0,6,3.8403,1.30036
"S-N + XGBoost, bagged",leave-one-yarn-out,0,7,5.2212,1.37953
"S-N + XGBoost, bagged",leave-one-yarn-out,0,8,3.9497,3.07754
"S-N + XGBoost, bagged",leave-one-yarn-out,0,9,3.0190,1.25303
"S-N + XGBoost, bagged",leave-one-yarn-out,0,10,4.9871,1.10787
"S-N + XGBoost, bagged",leave-one-yarn-out,0,11,4.2565,0.80298
"S-N + XGBoost, bagged",leave-one-yarn-out,0,12,6.2850,1.01343
"S-N + XGBoost, bagged",leave-one-yarn-out,0,13,4.4990,1.06095
"S-N + XGBoost, bagged",leave-one-yarn-out,0,14,7.2760,1.39371
"S-N + XGBoost, bagged",leave-one-yarn-out,0,15,4.5294,1.19115
"S-N + XGBoost, bagged",leave-one-yarn-out,0,16,5.0747,1.01498
"S-N + XGBoost, bagged",leave-one-yarn-out,0,17,6.3800,1.54813
"S-N + XGBoost, bagged",leave-one-yarn-out,0,18,4.6620,0.85779
"S-N + XGBoost, bagged",leave-one-yarn-out,0,19,6.8146,1.16910
"S-N + XGBoost, bagged",leave-one-yarn-out,0,20,2.8987,1.05177
"S-N + XGBoost, bagged",leave-one-yarn-out,0,21,3.6588,1.00881
"S-N + XGBoost, bagged",leave-one-yarn-out,0,22,3.7893,1.36759
"S-N + XGBoost, bagged",leave-one-yarn-out,0,23,3.8966,1.32685
"S-N + XGBoost, bagged",leave-one-yarn-out,0,24,2.3325,1.35701
"S-N + XGBoost, bagged",leave-one-yarn-out,0,25,2.0654,1.72120
"S-N + XGBoost, bagged",leave-one-yarn-out,0,50,2.0402,1.54621
"S-N + XGBoost, bagged",leave-one-yarn-out,0,75,2.2296,1.10300
"S-N + XGBoost, bagged",leave-one-yarn-out,0,100,2.0640,1.30825
"S-N + XGBoost, bagged",leave-one-yarn-out,0,125,3.2631,2.13820
"S-N + XGBoost, bagged",leave-one-yarn-out,0,150,3.4692,2.43564
"S-N + XGBoost, bagged",leave-one-yarn-out,0,175,3.9677,2.54026
"S-N + XGBoost, bagged",leave-one-yarn-out,0,200,3.0986,3.04154
"S-N + XGBoost, bagged",leave-one-yarn-out,0,225,2.4326,1.90939
"S-N + XGBoost, bagged",leave-one-yarn-out,0,250,1.9868,1.48624
"S-N + XGBoost, bagged",leave-one-yarn-out,0,275,2.7941,1.57448
"S-N + XGBoost, bagged",leave-one-yarn-out,0,300,4.3831,1.19949
"S-N + XGBoost, bagged",leave-one-yarn-out,0,325,2.4430,1.33775
"S-N + XGBoost, bagged",leave-one-yarn-out,0,350,4.7024,1.85372
"S-N + XGBoost, bagged",leave-one-yarn-out,0,375,1.4286,1.47060
"S-N + XGBoost, bagged",leave-one-yarn-out,0,400,0.4389,1.55692
"S-N + XGBoost, bagged",leave-one-yarn-out,0,425,3.3949,1.58644
"S-N + XGBoost, bagged",leave-one-yarn-out,0,450,2.9295,1.32738
"S-N + XGBoost, bagged",leave-one-yarn-out,0,475,2.5741,1.38481
"S-N + XGBoost, bagged",leave-one-yarn-out,0,500,2.9456,1.93905
"S-N + XGBoost, bagged",leave-one-yarn-out,0,525,2.5534,1.34428
"S-N + XGBoost, bagged",leave-one-yarn-out,0,550,3.1066,1.39116
"S-N + XGBoost, bagged",leave-one-yarn-out,0,575,2.8040,1.51773
"S-N + XGBoost, bagged",leave-one-yarn-out,0,600,2.2314,2.04307
"S-N + XGBoost, bagged",leave-one-yarn-out,1,1,2.6729,5.05110
"S-N + XGBoost, bagged",leave-one-yarn-out,1,25,2.9632,1.24835
"S-N + XGBoost, bagged",leave-one-yarn-out,1,26,2.8623,3.82095
"S-N + XGBoost, bagged",leave-one-yarn-out,1,27,1.8978,4.35531
"S-N + XGBoost, bagged",leave-one-yarn-out,1,28,1.0587,1.01380
"S-N + XGBoost, bagged",leave-one-yarn-out,1,29,1.8182,0.90602
"S-N + XGBoost, bagged",leave-one-yarn-out,1,30,3.2712,1.04680
"S-N + XGBoost, bagged",leave-one-yarn-out,1,31,8.0151,1.22407
"S-N + XGBoost, bagged",leave-one-yarn-out,1,32,4.5931,0.97376
"S-N + XGBoost, bagged",leave-one-yarn-out,1,33,2.7899,2.80025
"S-N + XGBoost, bagged",leave-one-yarn-out,1,34,3.3481,0.92177
"S-N + XGBoost, bagged",leave-one-yarn-out,1,35,5.3319,1.11764
"S-N + XGBoost, bagged",leave-one-yarn-out,1,36,1.6500,1.00084
"S-N + XGBoost, bagged",leave-one-yarn-out,1,37,2.7847,0.85243
"S-N + XGBoost, bagged",leave-one-yarn-out,1,38,4.5896,1.38690
"S-N + XGBoost, bagged",leave-one-yarn-out,1,39,5.3978,1.10217
"S-N + XGBoost, bagged",leave-one-yarn-out,1,40,3.6394,0.76321
"S-N + XGBoost, bagged",leave-one-yarn-out,1,41,2.5021,0.82450
"S-N + XGBoost, bagged",leave-one-yarn-out,1,42,3.0045,1.25357
"S-N + XGBoost, bagged",leave-one-yarn-out,1,43,1.1790,0.92055
"S-N + XGBoost, bagged",leave-one-yarn-out,1,44,4.7759,0.88878
"S-N + XGBoost, bagged",leave-one-yarn-out,1,45,1.3462,1.22974
"S-N + XGBoost, bagged",leave-one-yarn-out,1,46,3.1742,0.76763
"S-N + XGBoost, bagged",leave-one-yarn-out,1,47,3.7121,0.90782
"S-N + XGBoost, bagged",leave-one-yarn-out,1,48,2.8104,1.70967
"S-N + XGBoost, bagged",leave-one-yarn-out,1,49,0.5707,2.42659
"S-N + XGBoost, bagged",leave-one-yarn-out,1,51,2.9122,3.80263
"S-N + XGBoost, bagged",leave-one-yarn-out,1,76,2.0581,3.30324
"S-N + XGBoost, bagged",leave-one-yarn-out,1,101,1.6277,1.58373
"S-N + XGBoost, bagged",leave-one-yarn-out,1,126,3.2441,1.36154
"S-N + XGBoost, bagged",leave-one-yarn-out,1,151,5.3562,1.51291
"S-N + XGBoost, bagged",leave-one-yarn-out,1,176,4.1603,1.23289
"S-N + XGBoost, bagged",leave-one-yarn-out,1,201,0.5271,2.75519
"S-N + XGBoost, bagged",leave-one-yarn-out,1,226,1.0342,1.51982
"S-N + XGBoost, bagged",leave-one-yarn-out,1,251,2.8973,1.18108
"S-N + XGBoost, bagged",leave-one-yarn-out,1,276,1.2107,1.73655
"S-N + XGBoost, bagged",leave-one-yarn-out,1,301,1.7482,1.42886
"S-N + XGBoost, bagged",leave-one-yarn-out,1,326,2.2596,1.24994
"S-N + XGBoost, bagged",leave-one-yarn-out,1,351,3.6149,1.51061
"S-N + XGBoost, bagged",leave-one-yarn-out,1,376,3.3043,1.13468
"S-N + XGBoost, bagged",leave-one-yarn-out,1,401,4.2403,3.97801
"S-N + XGBoost, bagged",leave-one-yarn-out,1,426,3.1247,1.25300
"S-N + XGBoost, bagged",leave-one-yarn-out,1,451,2.5511,3.23553
"S-N + XGBoost, bagged",leave-one-yarn-out,1,476,4.0756,2.16587
"S-N + XGBoost, bagged",leave-one-yarn-out,1,501,2.3413,4.66814
"S-N + XGBoost, bagged",leave-one-yarn-out,1,526,2.9141,2.75695
"S-N + XGBoost, bagged",leave-one-yarn-out,1,551,2.7756,3.76608
"S-N + XGBoost, bagged",leave-one-yarn-out,1,576,1.6645,5.00751
"S-N + XGBoost, bagged",leave-one-yarn-out,1,601,1.5027,6.24002
"S-N + XGBoost, bagged",leave-one-yarn-out,2,2,1.9173,1.91199
"S-N + XGBoost, bagged",leave-one-yarn-out,2,27,1.5351,2.01147
"S-N + XGBoost, bagged",leave-one-yarn-out,2,50,0.9221,1.43902
"S-N + XGBoost, bagged",leave-one-yarn-out,2,51,0.9701,2.21547
"S-N + XGBoost, bagged",leave-one-yarn-out,2,52,3.0684,2.06508
"S-N + XGBoost, bagged",leave-one-yarn-out,2,53,4.1188,0.71075
"S-N + XGBoost, bagged",leave-one-yarn-out,2,54,5.1612,1.03960
"S-N + XGBoost, bagged",leave-one-yarn-out,2,55,5.9526,1.52400
"S-N + XGBoost, bagged",leave-one-yarn-out,2,56,7.3008,1.46436
"S-N + XGBoost, bagged",leave-one-yarn-out,2,57,4.3112,1.60851
"S-N + XGBoost, bagged",leave-one-yarn-out,2,58,3.8042,2.37953
"S-N + XGBoost, bagged",leave-one-yarn-out,2,59,3.0738,1.14879
"S-N + XGBoost, bagged",leave-one-yarn-out,2,60,6.0038,1.02788
"S-N + XGBoost, bagged",leave-one-yarn-out,2,61,2.8235,1.22675
"S-N + XGBoost, bagged",leave-one-yarn-out,2,62,4.3278,1.08844
"S-N + XGBoost, bagged",leave-one-yarn-out,2,63,6.3389,1.53518
"S-N + XGBoost, bagged",leave-one-yarn-out,2,64,5.8094,1.29909
"S-N + XGBoost, bagged",leave-one-yarn-out,2,65,4.5498,1.16664
"S-N + XGBoost, bagged",leave-one-yarn-out,2,66,3.4797,1.24815
"S-N + XGBoost, bagged",leave-one-yarn-out,2,67,5.1412,1.38816
"S-N + XGBoost, bagged",leave-one-yarn-out,2,68,3.8268,0.83247
"S-N + XGBoost, bagged",leave-one-yarn-out,2,69,5.0658,1.16766
"S-N + XGBoost, bagged",leave-one-yarn-out,2,70,2.3114,1.30301
"S-N + XGBoost, bagged",leave-one-yarn-out,2,71,3.4019,1.10441
"S-N + XGBoost, bagged",leave-one-yarn-out,2,72,3.3639,1.34656
"S-N + XGBoost, bagged",leave-one-yarn-out,2,73,2.9874,2.39117
"S-N + XGBoost, bagged",leave-one-yarn-out,2,74,1.5708,3.35759
"S-N + XGBoost, bagged",leave-one-yarn-out,2,77,2.2335,1.57501
"S-N + XGBoost, bagged",leave-one-yarn-out,2,102,2.1831,0.86649
"S-N + XGBoost, bagged",leave-one-yarn-out,2,127,2.9432,1.08568
"S-N + XGBoost, bagged",leave-one-yarn-out,2,152,5.0254,1.25053
"S-N + XGBoost, bagged",leave-one-yarn-out,2,177,3.6871,1.32141
"S-N + XGBoost, bagged",leave-one-yarn-out,2,202,3.2019,2.18172
"S-N + XGBoost, bagged",leave-one-yarn-out,2,227,3.9117,1.59961
"S-N + XGBoost, bagged",leave-one-yarn-out,2,252,4.1319,0.84336
"S-N + XGBoost, bagged",leave-one-yarn-out,2,277,3.1904,1.16933
"S-N + XGBoost, bagged",leave-one-yarn-out,2,302,3.4534,0.97587
"S-N + XGBoost, bagged",leave-one-yarn-out,2,327,3.9175,1.40610
"S-N + XGBoost, bagged",leave-one-yarn-out,2,352,3.3253,1.27975
"S-N + XGBoost, bagged",leave-one-yarn-out,2,377,2.7148,0.75167
"S-N + XGBoost, bagged",leave-one-yarn-out,2,402,1.9508,1.31366
"S-N + XGBoost, bagged",leave-one-yarn-out,2,427,2.4827,0.96713
"S-N + XGBoost, bagged",leave-one-yarn-out,2,452,1.9380,1.03494
"S-N + XGBoost, bagged",leave-one-yarn-out,2,477,2.5437,1.03731
"S-N + XGBoost, bagged",leave-one-yarn-out,2,502,11.7588,1.72197
"S-N + XGBoost, bagged",leave-one-yarn-out,2,527,9.9431,1.99757
"S-N + XGBoost, bagged",leave-one-yarn-out,2,552,10.4167,1.34329
"S-N + XGBoost, bagged",leave-one-yarn-out,2,577,12.3176,2.64802
"S-N + XGBoost, bagged",leave-one-yarn-out,2,602,11.7447,2.95661
"S-N + XGBoost, bagged",leave-one-yarn-out,3,3,0.9715,0.85148
"S-N + XGBoost, bagged",leave-one-yarn-out,3,28,0.7802,0.97399
"S-N + XGBoost, bagged",leave-one-yarn-out,3,53,1.5905,1.05698
"S-N + XGBoost, bagged",leave-one-yarn-out,3,75,1.4813,1.12557
"S-N + XGBoost, bagged",leave-one-yarn-out,3,76,1.7953,1.47362
"S-N + XGBoost, bagged",leave-one-yarn-out,3,77,2.9708,2.44097
"S-N + XGBoost, bagged",leave-one-yarn-out,3,78,1.1531,0.85571
"S-N + XGBoost, bagged",leave-one-yarn-out,3,79,0.9755,0.71323
"S-N + XGBoost, bagged",leave-one-yarn-out,3,80,2.2232,0.82534
"S-N + XGBoost, bagged",leave-one-yarn-out,3,81,2.2907,1.05788
"S-N + XGBoost, bagged",leave-one-yarn-out,3,82,1.5095,1.06937
"S-N + XGBoost, bagged",leave-one-yarn-out,3,83,2.7142,1.84022
"S-N + XGBoost, bagged",leave-one-yarn-out,3,84,2.5948,0.67830
"S-N + XGBoost, bagged",leave-one-yarn-out,3,85,2.8145,1.13773
"S-N + XGBoost, bagged",leave-one-yarn-out,3,86,0.6664,0.96561
"S-N + XGBoost, bagged",leave-one-yarn-out,3,87,1.4417,0.73560
"S-N + XGBoost, bagged",leave-one-yarn-out,3,88,3.6497,1.36744
"S-N + XGBoost, bagged",leave-one-yarn-out,3,89,2.0651,1.02206
"S-N + XGBoost, bagged",leave-one-yarn-out,3,90,1.0562,1.07942
"S-N + XGBoost, bagged",leave-one-yarn-out,3,91,1.0078,0.81583
"S-N + XGBoost, bagged",leave-one-yarn-out,3,92,1.0472,1.01887
"S-N + XGBoost, bagged",leave-one-yarn-out,3,93,0.6947,0.68313
"S-N + XGBoost, bagged",leave-one-yarn-out,3,94,2.3777,0.92446
"S-N + XGBoost, bagged",leave-one-yarn-out,3,95,0.9481,0.95133
"S-N + XGBoost, bagged",leave-one-yarn-out,3,96,1.6442,0.68352
"S-N + XGBoost, bagged",leave-one-yarn-out,3,97,1.1818,0.78894
"S-N + XGBoost, bagged",leave-one-yarn-out,3,98,1.4480,1.09296
"S-N + XGBoost, bagged",leave-one-yarn-out,3,99,0.7923,1.14446
"S-N + XGBoost, bagged",leave-one-yarn-out,3,103,1.2646,0.62335
"S-N + XGBoost, bagged",leave-one-yarn-out,3,128,1.0924,1.20900
"S-N + XGBoost, bagged",leave-one-yarn-out,3,153,1.8459,1.62012
"S-N + XGBoost, bagged",leave-one-yarn-out,3,178,1.5105,1.47540
"S-N + XGBoost, bagged",leave-one-yarn-out,3,203,0.9222,1.68992
"S-N + XGBoost, bagged",leave-one-yarn-out,3,228,2.0509,1.31576
"S-N + XGBoost, bagged",leave-one-yarn-out,3,253,1.2216,0.63543
"S-N + XGBoost, bagged",leave-one-yarn-out,3,278,0.4786,0.87754
"S-N + XGBoost, bagged",leave-one-yarn-out,3,303,0.6735,0.71535
"S-N + XGBoost, bagged",leave-one-yarn-out,3,328,1.4136,0.61454
"S-N + XGBoost, bagged",leave-one-yarn-out,3,353,1.5847,0.71472
"S-N + XGBoost, bagged",leave-one-yarn-out,3,378,2.5324,0.60997
"S-N + XGBoost, bagged",leave-one-yarn-out,3,403,2.6285,0.76869
"S-N + XGBoost, bagged",leave-one-yarn-out,3,428,2.2664,0.88521
"S-N + XGBoost, bagged",leave-one-yarn-out,3,453,2.1926,0.68140
"S-N + XGBoost, bagged",leave-one-yarn-out,3,478,2.7213,0.75830
"S-N + XGBoost, bagged",leave-one-yarn-out,3,503,1.1549,1.59339
"S-N + XGBoost, bagged",leave-one-yarn-out,3,528,1.0195,1.06583
"S-N + XGBoost, bagged",leave-one-yarn-out,3,553,1.1540,0.73494
"S-N + XGBoost, bagged",leave-one-yarn-out,3,578,1.6262,1.22989
"S-N + XGBoost, bagged",leave-one-yarn-out,3,603,1.4974,1.30444
"S-N + XGBoost, bagged",leave-one-yarn-out,4,4,2.1437,0.81110
"S-N + XGBoost, bagged",leave-one-yarn-out,4,29,1.0711,0.95440
"S-N + XGBoost, bagged",leave-one-yarn-out,4,54,1.9227,1.04195
"S-N + XGBoost, bagged",leave-one-yarn-out,4,79,1.1202,0.69309
"S-N + XGBoost, bagged",leave-one-yarn-out,4,100,3.5166,0.74175
"S-N + XGBoost, bagged",leave-one-yarn-out,4,101,3.5457,1.46206
"S-N + XGBoost, bagged",leave-one-yarn-out,4,102,4.3963,1.79373
"S-N + XGBoost, bagged",leave-one-yarn-out,4,103,1.7091,0.89188
"S-N + XGBoost, bagged",leave-one-yarn-out,4,104,1.7970,0.92098
"S-N + XGBoost, bagged",leave-one-yarn-out,4,105,1.0257,0.86324
"S-N + XGBoost, bagged",leave-one-yarn-out,4,106,3.2818,1.06041
"S-N + XGBoost, bagged",leave-one-yarn-out,4,107,1.3153,1.09923
"S-N + XGBoost, bagged",leave-one-yarn-out,4,108,0.9168,1.74204
"S-N + XGBoost, bagged",leave-one-yarn-out,4,109,5.4394,1.00727
"S-N + XGBoost, bagged",leave-one-yarn-out,4,110,2.4382,0.69266
"S-N + XGBoost, bagged",leave-one-yarn-out,4,111,1.5105,1.31888
"S-N + XGBoost, bagged",leave-one-yarn-out,4,112,1.0786,0.55626
"S-N + XGBoost, bagged",leave-one-yarn-out,4,113,7.0024,0.90520
"S-N + XGBoost, bagged",leave-one-yarn-out,4,114,1.1570,0.78181
"S-N + XGBoost, bagged",leave-one-yarn-out,4,115,1.2679,0.58765
"S-N + XGBoost, bagged",leave-one-yarn-out,4,116,1.4100,0.88075
"S-N + XGBoost, bagged",leave-one-yarn-out,4,117,2.0241,0.71653
"S-N + XGBoost, bagged",leave-one-yarn-out,4,118,1.7221,0.84038
"S-N + XGBoost, bagged",leave-one-yarn-out,4,119,1.1455,0.58566
"S-N + XGBoost, bagged",leave-one-yarn-out,4,120,1.8390,0.80017
"S-N + XGBoost, bagged",leave-one-yarn-out,4,121,2.8037,0.82898
"S-N + XGBoost, bagged",leave-one-yarn-out,4,122,1.8781,0.76920
"S-N + XGBoost, bagged",leave-one-yarn-out,4,123,1.8217,0.82590
"S-N + XGBoost, bagged",leave-one-yarn-out,4,124,2.9155,1.27126
"S-N + XGBoost, bagged",leave-one-yarn-out,4,129,0.5676,0.67436
"S-N + XGBoost, bagged",leave-one-yarn-out,4,154,1.2524,0.90186
"S-N + XGBoost, bagged",leave-one-yarn-out,4,179,0.6374,0.87168
"S-N + XGBoost, bagged",leave-one-yarn-out,4,204,1.2717,1.20668
"S-N + XGBoost, bagged",leave-one-yarn-out,4,229,2.0352,1.08042
"S-N + XGBoost, bagged",leave-one-yarn-out,4,254,0.7765,0.54125
"S-N + XGBoost, bagged",leave-one-yarn-out,4,279,0.7160,0.59887
"S-N + XGBoost, bagged",leave-one-yarn-out,4,304,0.4158,0.52326
"S-N + XGBoost, bagged",leave-one-yarn-out,4,329,0.7758,0.57526
"S-N + XGBoost, bagged",leave-one-yarn-out,4,354,0.4182,0.68206
"S-N + XGBoost, bagged",leave-one-yarn-out,4,379,1.0654,0.61721
"S-N + XGBoost, bagged",leave-one-yarn-out,4,404,1.5130,0.67337
"S-N + XGBoost, bagged",leave-one-yarn-out,4,429,0.7688,1.07401
"S-N + XGBoost, bagged",leave-one-yarn-out,4,454,1.0791,0.98144
"S-N + XGBoost, bagged",leave-one-yarn-out,4,479,1.5429,0.76784
"S-N + XGBoost, bagged",leave-one-yarn-out,4,504,0.9688,1.43549
"S-N + XGBoost, bagged",leave-one-yarn-out,4,529,1.0136,0.82433
"S-N + XGBoost, bagged",leave-one-yarn-out,4,554,0.8055,0.75677
"S-N + XGBoost, bagged",leave-one-yarn-out,4,579,1.1698,0.98636
"S-N + XGBoost, bagged",leave-one-yarn-out,4,604,0.8397,1.04606
"S-N + XGBoost, bagged",leave-one-yarn-out,5,5,1.3980,0.97361
"S-N + XGBoost, bagged",leave-one-yarn-out,5,30,0.5663,1.49789
"S-N + XGBoost, bagged",leave-one-yarn-out,5,55,0.5842,1.06464
"S-N + XGBoost, bagged",leave-one-yarn-out,5,80,0.4843,0.84559
"S-N + XGBoost, bagged",leave-one-yarn-out,5,105,0.4355,0.77280
"S-N + XGBoost, bagged",leave-one-yarn-out,5,125,1.8085,1.41164
"S-N + XGBoost, bagged",leave-one-yarn-out,5,126,1.9619,1.00746
"S-N + XGBoost, bagged",leave-one-yarn-out,5,127,3.7934,1.28447
"S-N + XGBoost, bagged",leave-one-yarn-out,5,128,1.0421,2.01839
"S-N + XGBoost, bagged",leave-one-yarn-out,5,129,0.9706,0.89360
"S-N + XGBoost, bagged",leave-one-yarn-out,5,130,1.5960,0.70766
"S-N + XGBoost, bagged",leave-one-yarn-out,5,131,1.3585,0.66137
"S-N + XGBoost, bagged",leave-one-yarn-out,5,132,1.1583,0.75363
"S-N + XGBoost, bagged",leave-one-yarn-out,5,133,2.6175,1.59049
"S-N + XGBoost, bagged",leave-one-yarn-out,5,134,2.3412,0.80612
"S-N + XGBoost, bagged",leave-one-yarn-out,5,135,1.0782,0.61316
"S-N + XGBoost, bagged",leave-one-yarn-out,5,136,2.3150,1.02628
"S-N + XGBoost, bagged",leave-one-yarn-out,5,137,1.2434,0.69281
"S-N + XGBoost, bagged",leave-one-yarn-out,5,138,1.6768,0.75936
"S-N + XGBoost, bagged",leave-one-yarn-out,5,139,1.0272,0.71077
"S-N + XGBoost, bagged",leave-one-yarn-out,5,140,0.8901,0.64302
"S-N + XGBoost, bagged",leave-one-yarn-out,5,141,1.6403,0.94919
"S-N + XGBoost, bagged",leave-one-yarn-out,5,142,1.5394,0.91919
"S-N + XGBoost, bagged",leave-one-yarn-out,5,143,1.6997,0.92826
"S-N + XGBoost, bagged",leave-one-yarn-out,5,144,1.6306,1.05283
"S-N + XGBoost, bagged",leave-one-yarn-out,5,145,2.0174,0.98825
"S-N + XGBoost, bagged",leave-one-yarn-out,5,146,3.5663,0.85292
"S-N + XGBoost, bagged",leave-one-yarn-out,5,147,0.7996,0.92356
"S-N + XGBoost, bagged",leave-one-yarn-out,5,148,5.1251,2.40108
"S-N + XGBoost, bagged",leave-one-yarn-out,5,149,2.2339,2.07666
"S-N + XGBoost, bagged",leave-one-yarn-out,5,155,1.0196,0.63720
"S-N + XGBoost, bagged",leave-one-yarn-out,5,180,0.8990,0.58862
"S-N + XGBoost, bagged",leave-one-yarn-out,5,205,2.8203,0.95698
"S-N + XGBoost, bagged",leave-one-yarn-out,5,230,2.3222,1.17090
"S-N + XGBoost, bagged",leave-one-yarn-out,5,255,1.1700,0.57109
"S-N + XGBoost, bagged",leave-one-yarn-out,5,280,0.6789,0.81572
"S-N + XGBoost, bagged",leave-one-yarn-out,5,305,1.6365,0.83209
"S-N + XGBoost, bagged",leave-one-yarn-out,5,330,3.5328,0.79841
"S-N + XGBoost, bagged",leave-one-yarn-out,5,355,0.8701,0.63102
"S-N + XGBoost, bagged",leave-one-yarn-out,5,380,0.1747,0.69103
"S-N + XGBoost, bagged",leave-one-yarn-out,5,405,1.5231,1.11622
"S-N + XGBoost, bagged",leave-one-yarn-out,5,430,0.7264,0.67802
"S-N + XGBoost, bagged",leave-one-yarn-out,5,455,0.6040,1.03790
"S-N + XGBoost, bagged",leave-one-yarn-out,5,480,0.7937,0.81414
"S-N + XGBoost, bagged",leave-one-yarn-out,5,505,1.3449,1.24971
"S-N + XGBoost, bagged",leave-one-yarn-out,5,530,3.0080,1.04899
"S-N + XGBoost, bagged",leave-one-yarn-out,5,555,2.4688,1.28732
"S-N + XGBoost, bagged",leave-one-yarn-out,5,580,2.2997,1.21238
"S-N + XGBoost, bagged",leave-one-yarn-out,5,605,2.7688,1.43207
"S-N + XGBoost, bagged",leave-one-yarn-out,6,6,2.6093,0.83917
"S-N + XGBoost, bagged",leave-one-yarn-out,6,31,4.5248,0.83018
"S-N + XGBoost, bagged",leave-one-yarn-out,6,56,4.2005,0.85949
"S-N + XGBoost, bagged",leave-one-yarn-out,6,81,2.2233,0.68948
"S-N + XGBoost, bagged",leave-one-yarn-out,6,106,2.6242,0.84290
"S-N + XGBoost, bagged",leave-one-yarn-out,6,131,1.1964,0.56249
"S-N + XGBoost, bagged",leave-one-yarn-out,6,150,2.8034,1.25192
"S-N + XGBoost, bagged",leave-one-yarn-out,6,151,5.5542,1.33963
"S-N + XGBoost, bagged",leave-one-yarn-out,6,152,4.4893,1.97965
"S-N + XGBoost, bagged",leave-one-yarn-out,6,153,3.4695,1.38354
"S-N + XGBoost, bagged",leave-one-yarn-out,6,154,3.3492,0.79888
"S-N + XGBoost, bagged",leave-one-yarn-out,6,155,2.5105,0.75548
"S-N + XGBoost, bagged",leave-one-yarn-out,6,156,3.0939,0.94728
"S-N + XGBoost, bagged",leave-one-yarn-out,6,157,2.4333,0.67761
"S-N + XGBoost, bagged",leave-one-yarn-out,6,158,5.8093,1.76312
"S-N + XGBoost, bagged",leave-one-yarn-out,6,159,4.3852,0.80702
"S-N + XGBoost, bagged",leave-one-yarn-out,6,160,2.9737,0.58257
"S-N + XGBoost, bagged",leave-one-yarn-out,6,161,3.7288,1.22701
"S-N + XGBoost, bagged",leave-one-yarn-out,6,162,3.3574,0.45982
"S-N + XGBoost, bagged",leave-one-yarn-out,6,163,3.7294,0.68508
"S-N + XGBoost, bagged",leave-one-yarn-out,6,164,2.0450,0.66429
"S-N + XGBoost, bagged",leave-one-yarn-out,6,165,2.8031,0.60592
"S-N + XGBoost, bagged",leave-one-yarn-out,6,166,4.2825,0.69509
"S-N + XGBoost, bagged",leave-one-yarn-out,6,167,2.3043,0.82800
"S-N + XGBoost, bagged",leave-one-yarn-out,6,168,4.3094,0.74892
"S-N + XGBoost, bagged",leave-one-yarn-out,6,169,2.3785,0.61960
"S-N + XGBoost, bagged",leave-one-yarn-out,6,170,3.9573,1.27173
"S-N + XGBoost, bagged",leave-one-yarn-out,6,171,3.3152,0.70747
"S-N + XGBoost, bagged",leave-one-yarn-out,6,172,4.3274,0.69731
"S-N + XGBoost, bagged",leave-one-yarn-out,6,173,3.0093,1.76143
"S-N + XGBoost, bagged",leave-one-yarn-out,6,174,7.0067,2.31237
"S-N + XGBoost, bagged",leave-one-yarn-out,6,181,1.7232,0.61804
"S-N + XGBoost, bagged",leave-one-yarn-out,6,206,2.6210,1.06658
"S-N + XGBoost, bagged",leave-one-yarn-out,6,231,1.2787,1.04057
"S-N + XGBoost, bagged",leave-one-yarn-out,6,256,1.2181,0.50427
"S-N + XGBoost, bagged",leave-one-yarn-out,6,281,1.6879,0.80950
"S-N + XGBoost, bagged",leave-one-yarn-out,6,306,1.4660,0.62988
"S-N + XGBoost, bagged",leave-one-yarn-out,6,331,1.0055,0.62872
"S-N + XGBoost, bagged",leave-one-yarn-out,6,356,2.2841,0.67679
"S-N + XGBoost, bagged",leave-one-yarn-out,6,381,1.9769,0.66044
"S-N + XGBoost, bagged",leave-one-yarn-out,6,406,3.4395,0.98567
"S-N + XGBoost, bagged",leave-one-yarn-out,6,431,1.8209,0.62322
"S-N + XGBoost, bagged",leave-one-yarn-out,6,456,3.2304,0.88181
"S-N + XGBoost, bagged",leave-one-yarn-out,6,481,2.6090,0.81350
"S-N + XGBoost, bagged",leave-one-yarn-out,6,506,1.5346,1.10162
"S-N + XGBoost, bagged",leave-one-yarn-out,6,531,2.3910,1.07079
"S-N + XGBoost, bagged",leave-one-yarn-out,6,556,1.1879,0.98683
"S-N + XGBoost, bagged",leave-one-yarn-out,6,581,1.5025,0.93152
"S-N + XGBoost, bagged",leave-one-yarn-out,6,606,2.2511,1.33548
"S-N + XGBoost, bagged",leave-one-yarn-out,7,7,1.0024,0.76842
"S-N + XGBoost, bagged",leave-one-yarn-out,7,32,1.9917,0.91890
"S-N + XGBoost, bagged",leave-one-yarn-out,7,57,1.0506,0.83836
"S-N + XGBoost, bagged",leave-one-yarn-out,7,82,0.6287,0.61981
"S-N + XGBoost, bagged",leave-one-yarn-out,7,107,0.8713,0.75093
"S-N + XGBoost, bagged",leave-one-yarn-out,7,132,0.5315,0.42497
"S-N + XGBoost, bagged",leave-one-yarn-out,7,157,0.9826,0.62936
"S-N + XGBoost, bagged",leave-one-yarn-out,7,175,1.1719,1.06705
"S-N + XGBoost, bagged",leave-one-yarn-out,7,176,1.1733,0.99817
"S-N + XGBoost, bagged",leave-one-yarn-out,7,177,0.8751,1.28250
"S-N + XGBoost, bagged",leave-one-yarn-out,7,178,1.4369,1.28311
"S-N + XGBoost, bagged",leave-one-yarn-out,7,179,0.7705,0.79504
"S-N + XGBoost, bagged",leave-one-yarn-out,7,180,0.3956,0.48087
"S-N + XGBoost, bagged",leave-one-yarn-out,7,181,1.5061,0.88075
"S-N + XGBoost, bagged",leave-one-yarn-out,7,182,1.1430,0.58142
"S-N + XGBoost, bagged",leave-one-yarn-out,7,183,2.3140,1.38179
"S-N + XGBoost, bagged",leave-one-yarn-out,7,184,1.2132,0.65585
"S-N + XGBoost, bagged",leave-one-yarn-out,7,185,1.6590,0.62894
"S-N + XGBoost, bagged",leave-one-yarn-out,7,186,1.3820,0.95806
"S-N + XGBoost, bagged",leave-one-yarn-out,7,187,0.8371,0.50544
"S-N + XGBoost, bagged",leave-one-yarn-out,7,188,2.2291,0.63300
"S-N + XGBoost, bagged",leave-one-yarn-out,7,189,0.9629,0.73736
"S-N + XGBoost, bagged",leave-one-yarn-out,7,190,1.0405,0.59500
"S-N + XGBoost, bagged",leave-one-yarn-out,7,191,2.1096,0.67016
"S-N + XGBoost, bagged",leave-one-yarn-out,7,192,0.5519,0.64181
"S-N + XGBoost, bagged",leave-one-yarn-out,7,193,0.8433,0.79280
"S-N + XGBoost, bagged",leave-one-yarn-out,7,194,0.5912,0.68557
"S-N + XGBoost, bagged",leave-one-yarn-out,7,195,0.8771,1.12107
"S-N + XGBoost, bagged",leave-one-yarn-out,7,196,1.2069,0.72176
"S-N + XGBoost, bagged",leave-one-yarn-out,7,197,2.0165,0.68724
"S-N + XGBoost, bagged",leave-one-yarn-out,7,198,3.2497,1.58416
"S-N + XGBoost, bagged",leave-one-yarn-out,7,199,4.3842,2.11064
"S-N + XGBoost, bagged",leave-one-yarn-out,7,207,0.6807,0.75377
"S-N + XGBoost, bagged",leave-one-yarn-out,7,232,0.4681,0.74253
"S-N + XGBoost, bagged",leave-one-yarn-out,7,257,0.4606,0.40310
"S-N + XGBoost, bagged",leave-one-yarn-out,7,282,1.0534,0.64226
"S-N + XGBoost, bagged",leave-one-yarn-out,7,307,0.4404,0.51795
"S-N + XGBoost, bagged",leave-one-yarn-out,7,332,0.9165,0.43831
"S-N + XGBoost, bagged",leave-one-yarn-out,7,357,0.8623,0.44576
"S-N + XGBoost, bagged",leave-one-yarn-out,7,382,1.8153,0.36532
"S-N + XGBoost, bagged",leave-one-yarn-out,7,407,2.7735,0.70020
"S-N + XGBoost, bagged",leave-one-yarn-out,7,432,0.7985,0.68042
"S-N + XGBoost, bagged",leave-one-yarn-out,7,457,2.1931,0.77285
"S-N + XGBoost, bagged",leave-one-yarn-out,7,482,1.5633,0.54448
"S-N + XGBoost, bagged",leave-one-yarn-out,7,507,4.5690,0.77574
"S-N + XGBoost, bagged",leave-one-yarn-out,7,532,5.2066,0.79216
"S-N + XGBoost, bagged",leave-one-yarn-out,7,557,6.1573,0.63119
"S-N + XGBoost, bagged",leave-one-yarn-out,7,582,4.8050,0.55356
"S-N + XGBoost, bagged",leave-one-yarn-out,7,607,4.8800,0.85990
"S-N + XGBoost, bagged",leave-one-yarn-out,8,8,2.5971,1.55823
"S-N + XGBoost, bagged",leave-one-yarn-out,8,33,2.4690,1.19052
"S-N + XGBoost, bagged",leave-one-yarn-out,8,58,2.4594,1.44622
"S-N + XGBoost, bagged",leave-one-yarn-out,8,83,2.5152,1.26488
"S-N + XGBoost, bagged",leave-one-yarn-out,8,108,2.5708,1.82505
"S-N + XGBoost, bagged",leave-one-yarn-out,8,133,4.0131,1.21656
"S-N + XGBoost, bagged",leave-one-yarn-out,8,158,4.4015,1.31655
"S-N + XGBoost, bagged",leave-one-yarn-out,8,183,3.5084,1.15933
"S-N + XGBoost, bagged",leave-one-yarn-out,8,200,3.4799,1.23606
"S-N + XGBoost, bagged",leave-one-yarn-out,8,201,1.5330,1.27434
"S-N + XGBoost, bagged",leave-one-yarn-out,8,202,2.6301,2.24965
"S-N + XGBoost, bagged",leave-one-yarn-out,8,203,3.9589,1.36977
"S-N + XGBoost, bagged",leave-one-yarn-out,8,204,4.4295,1.52871
"S-N + XGBoost, bagged",leave-one-yarn-out,8,205,5.4781,1.61249
"S-N + XGBoost, bagged",leave-one-yarn-out,8,206,5.1386,1.50841
"S-N + XGBoost, bagged",leave-one-yarn-out,8,207,3.5236,1.62692
"S-N + XGBoost, bagged",leave-one-yarn-out,8,208,4.3175,1.74339
"S-N + XGBoost, bagged",leave-one-yarn-out,8,209,2.5402,1.23578
"S-N + XGBoost, bagged",leave-one-yarn-out,8,210,2.4860,1.03663
"S-N + XGBoost, bagged",leave-one-yarn-out,8,211,2.9187,1.39501
"S-N + XGBoost, bagged",leave-one-yarn-out,8,212,2.8956,0.87924
"S-N + XGBoost, bagged",leave-one-yarn-out,8,213,3.2369,1.12686
"S-N + XGBoost, bagged",leave-one-yarn-out,8,214,5.0489,1.36964
"S-N + XGBoost, bagged",leave-one-yarn-out,8,215,2.8626,1.16145
"S-N + XGBoost, bagged",leave-one-yarn-out,8,216,2.0803,0.94877
"S-N + XGBoost, bagged",leave-one-yarn-out,8,217,3.3612,1.34459
"S-N + XGBoost, bagged",leave-one-yarn-out,8,218,2.7243,1.11177
"S-N + XGBoost, bagged",leave-one-yarn-out,8,219,3.7310,1.23234
"S-N + XGBoost, bagged",leave-one-yarn-out,8,220,1.9761,1.40664
"S-N + XGBoost, bagged",leave-one-yarn-out,8,221,1.9003,1.07414
"S-N + XGBoost, bagged",leave-one-yarn-out,8,222,2.2373,1.25128
"S-N + XGBoost, bagged",leave-one-yarn-out,8,223,6.7108,1.15290
"S-N + XGBoost, bagged",leave-one-yarn-out,8,224,6.8391,1.59816
"S-N + XGBoost, bagged",leave-one-yarn-out,8,233,3.2048,1.22727
"S-N + XGBoost, bagged",leave-one-yarn-out,8,258,3.1200,1.32843
"S-N + XGBoost, bagged",leave-one-yarn-out,8,283,3.3601,0.89246
"S-N + XGBoost, bagged",leave-one-yarn-out,8,308,3.4715,1.73142
"S-N + XGBoost, bagged",leave-one-yarn-out,8,333,3.4998,1.41567
"S-N + XGBoost, bagged",leave-one-yarn-out,8,358,3.8272,1.28479
"S-N + XGBoost, bagged",leave-one-yarn-out,8,383,3.3805,1.47822
"S-N + XGBoost, bagged",leave-one-yarn-out,8,408,3.1229,1.62380
"S-N + XGBoost, bagged",leave-one-yarn-out,8,433,2.5295,1.33013
"S-N + XGBoost, bagged",leave-one-yarn-out,8,458,3.1791,1.81351
"S-N + XGBoost, bagged",leave-one-yarn-out,8,483,5.1821,1.51615
"S-N + XGBoost, bagged",leave-one-yarn-out,8,508,8.9551,2.28466
"S-N + XGBoost, bagged",leave-one-yarn-out,8,533,6.7021,1.67994
"S-N + XGBoost, bagged",leave-one-yarn-out,8,558,7.3691,1.74712
"S-N + XGBoost, bagged",leave-one-yarn-out,8,583,9.0331,1.96700
"S-N + XGBoost, bagged",leave-one-yarn-out,8,608,8.3230,1.91864
"S-N + XGBoost, bagged",leave-one-yarn-out,9,9,1.0809,0.82246
"S-N + XGBoost, bagged",leave-one-yarn-out,9,34,1.0603,0.97640
"S-N + XGBoost, bagged",leave-one-yarn-out,9,59,0.5056,1.11260
"S-N + XGBoost, bagged",leave-one-yarn-out,9,84,0.6764,0.96616
"S-N + XGBoost, bagged",leave-one-yarn-out,9,109,1.9666,1.21271
"S-N + XGBoost, bagged",leave-one-yarn-out,9,134,1.8783,0.54735
"S-N + XGBoost, bagged",leave-one-yarn-out,9,159,1.4258,1.02558
"S-N + XGBoost, bagged",leave-one-yarn-out,9,184,0.6664,0.68805
"S-N + XGBoost, bagged",leave-one-yarn-out,9,209,2.0320,1.11187
"S-N + XGBoost, bagged",leave-one-yarn-out,9,225,1.3162,1.08458
"S-N + XGBoost, bagged",leave-one-yarn-out,9,226,1.4182,1.97300
"S-N + XGBoost, bagged",leave-one-yarn-out,9,227,2.9411,2.21497
"S-N + XGBoost, bagged",leave-one-yarn-out,9,228,6.1627,0.91531
"S-N + XGBoost, bagged",leave-one-yarn-out,9,229,7.3597,0.59948
"S-N + XGBoost, bagged",leave-one-yarn-out,9,230,5.3051,0.73608
"S-N + XGBoost, bagged",leave-one-yarn-out,9,231,3.0117,1.04492
"S-N + XGBoost, bagged",leave-one-yarn-out,9,232,3.7465,0.94988
"S-N + XGBoost, bagged",leave-one-yarn-out,9,233,2.0786,2.22409
"S-N + XGBoost, bagged",leave-one-yarn-out,9,234,1.8972,1.07958
"S-N + XGBoost, bagged",leave-one-yarn-out,9,235,2.4957,0.88258
"S-N + XGBoost, bagged",leave-one-yarn-out,9,236,3.6039,0.99247
"S-N + XGBoost, bagged",leave-one-yarn-out,9,237,3.0780,0.56247
"S-N + XGBoost, bagged",leave-one-yarn-out,9,238,2.0677,0.84415
"S-N + XGBoost, bagged",leave-one-yarn-out,9,239,3.1352,0.94540
"S-N + XGBoost, bagged",leave-one-yarn-out,9,240,2.6788,0.71730
"S-N + XGBoost, bagged",leave-one-yarn-out,9,241,2.1902,0.90822
"S-N + XGBoost, bagged",leave-one-yarn-out,9,242,2.1047,0.90764
"S-N + XGBoost, bagged",leave-one-yarn-out,9,243,4.1120,0.64119
"S-N + XGBoost, bagged",leave-one-yarn-out,9,244,2.5292,0.79589
"S-N + XGBoost, bagged",leave-one-yarn-out,9,245,3.3688,0.90930
"S-N + XGBoost, bagged",leave-one-yarn-out,9,246,1.8239,0.99304
"S-N + XGBoost, bagged",leave-one-yarn-out,9,247,3.1814,0.81240
"S-N + XGBoost, bagged",leave-one-yarn-out,9,248,5.2263,1.14153
"S-N + XGBoost, bagged",leave-one-yarn-out,9,249,7.5873,1.73875
"S-N + XGBoost, bagged",leave-one-yarn-out,9,259,0.6033,0.76844
"S-N + XGBoost, bagged",leave-one-yarn-out,9,284,0.8896,1.21125
"S-N + XGBoost, bagged",leave-one-yarn-out,9,309,0.4055,0.52231
"S-N + XGBoost, bagged",leave-one-yarn-out,9,334,1.5315,0.77291
"S-N + XGBoost, bagged",leave-one-yarn-out,9,359,1.1402,0.89842
"S-N + XGBoost, bagged",leave-one-yarn-out,9,384,1.6687,0.64391
"S-N + XGBoost, bagged",leave-one-yarn-out,9,409,1.4276,0.79610
"S-N + XGBoost, bagged",leave-one-yarn-out,9,434,1.2318,0.79655
"S-N + XGBoost, bagged",leave-one-yarn-out,9,459,0.8056,1.01006
"S-N + XGBoost, bagged",leave-one-yarn-out,9,484,1.5479,0.70195
"S-N + XGBoost, bagged",leave-one-yarn-out,9,509,1.8487,1.21645
"S-N + XGBoost, bagged",leave-one-yarn-out,9,534,0.4885,1.12884
"S-N + XGBoost, bagged",leave-one-yarn-out,9,559,0.5590,0.88668
"S-N + XGBoost, bagged",leave-one-yarn-out,9,584,2.6474,1.05440
"S-N + XGBoost, bagged",leave-one-yarn-out,9,609,4.0147,1.10859
"S-N + XGBoost, bagged",leave-one-yarn-out,10,10,1.6571,0.68721
"S-N + XGBoost, bagged",leave-one-yarn-out,10,35,2.4554,0.91506
"S-N + XGBoost, bagged",leave-one-yarn-out,10,60,2.0992,0.83072
"S-N + XGBoost, bagged",leave-one-yarn-out,10,85,1.3026,0.68163
"S-N + XGBoost, bagged",leave-one-yarn-out,10,110,1.1569,0.67563
"S-N + XGBoost, bagged",leave-one-yarn-out,10,135,0.2806,0.48664
"S-N + XGBoost, bagged",leave-one-yarn-out,10,160,0.5034,0.41560
"S-N + XGBoost, bagged",leave-one-yarn-out,10,185,0.9990,0.45222
"S-N + XGBoost, bagged",leave-one-yarn-out,10,210,0.2998,0.83828
"S-N + XGBoost, bagged",leave-one-yarn-out,10,235,0.6626,0.60375
"S-N + XGBoost, bagged",leave-one-yarn-out,10,250,1.7878,0.81509
"S-N + XGBoost, bagged",leave-one-yarn-out,10,251,1.6125,1.09380
"S-N + XGBoost, bagged",leave-one-yarn-out,10,252,1.4164,1.48841
"S-N + XGBoost, bagged",leave-one-yarn-out,10,253,1.5672,0.91807
"S-N + XGBoost, bagged",leave-one-yarn-out,10,254,1.2451,0.65432
"S-N + XGBoost, bagged",leave-one-yarn-out,10,255,1.4496,0.64911
"S-N + XGBoost, bagged",leave-one-yarn-out,10,256,0.9489,0.47684
"S-N + XGBoost, bagged",leave-one-yarn-out,10,257,1.1932,0.61216
"S-N + XGBoost, bagged",leave-one-yarn-out,10,258,2.0946,1.88363
"S-N + XGBoost, bagged",leave-one-yarn-out,10,259,0.8532,0.58012
"S-N + XGBoost, bagged",leave-one-yarn-out,10,260,1.5294,0.56754
"S-N + XGBoost, bagged",leave-one-yarn-out,10,261,1.8796,0.60126
"S-N + XGBoost, bagged",leave-one-yarn-out,10,262,1.9046,0.57419
"S-N + XGBoost, bagged",leave-one-yarn-out,10,263,0.5358,0.59231
"S-N + XGBoost, bagged",leave-one-yarn-out,10,264,1.1911,0.55992
"S-N + XGBoost, bagged",leave-one-yarn-out,10,265,2.1975,0.47376
"S-N + XGBoost, bagged",leave-one-yarn-out,10,266,2.3365,0.49475
"S-N + XGBoost, bagged",leave-one-yarn-out,10,267,1.7611,0.65934
"S-N + XGBoost, bagged",leave-one-yarn-out,10,268,1.2645,0.67503
"S-N + XGBoost, bagged",leave-one-yarn-out,10,269,0.9643,0.49975
"S-N + XGBoost, bagged",leave-one-yarn-out,10,270,2.6142,1.13583
"S-N + XGBoost, bagged",leave-one-yarn-out,10,271,1.4284,0.49378
"S-N + XGBoost, bagged",leave-one-yarn-out,10,272,2.1592,0.58589
"S-N + XGBoost, bagged",leave-one-yarn-out,10,273,1.5249,0.86697
"S-N + XGBoost, bagged",leave-one-yarn-out,10,274,2.1302,0.84898
"S-N + XGBoost, bagged",leave-one-yarn-out,10,285,1.2241,0.94781
"S-N + XGBoost, bagged",leave-one-yarn-out,10,310,0.2557,0.42901
"S-N + XGBoost, bagged",leave-one-yarn-out,10,335,0.7278,0.46013
"S-N + XGBoost, bagged",leave-one-yarn-out,10,360,0.5957,0.47776
"S-N + XGBoost, bagged",leave-one-yarn-out,10,385,0.6103,0.55148
"S-N + XGBoost, bagged",leave-one-yarn-out,10,410,0.6790,0.59495
"S-N + XGBoost, bagged",leave-one-yarn-out,10,435,0.5397,0.70224
"S-N + XGBoost, bagged",leave-one-yarn-out,10,460,1.6199,0.80014
"S-N + XGBoost, bagged",leave-one-yarn-out,10,485,1.2066,0.47708
"S-N + XGBoost, bagged",leave-one-yarn-out,10,510,1.7010,0.67354
"S-N + XGBoost, bagged",leave-one-yarn-out,10,535,1.0056,0.58846
"S-N + XGBoost, bagged",leave-one-yarn-out,10,560,0.9674,0.54803
"S-N + XGBoost, bagged",leave-one-yarn-out,10,585,1.7522,0.61437
"S-N + XGBoost, bagged",leave-one-yarn-out,10,610,0.5157,0.77869
"S-N + XGBoost, bagged",leave-one-yarn-out,11,11,3.4631,1.24374
"S-N + XGBoost, bagged",leave-one-yarn-out,11,36,2.9378,1.22608
"S-N + XGBoost, bagged",leave-one-yarn-out,11,61,2.6704,1.29161
"S-N + XGBoost, bagged",leave-one-yarn-out,11,86,2.4804,1.24480
"S-N + XGBoost, bagged",leave-one-yarn-out,11,111,2.0666,1.12346
"S-N + XGBoost, bagged",leave-one-yarn-out,11,136,2.0175,1.53853
"S-N + XGBoost, bagged",leave-one-yarn-out,11,161,2.4648,1.39564
"S-N + XGBoost, bagged",leave-one-yarn-out,11,186,2.5785,1.28665
"S-N + XGBoost, bagged",leave-one-yarn-out,11,211,2.4469,1.66824
"S-N + XGBoost, bagged",leave-one-yarn-out,11,236,3.0666,1.05735
"S-N + XGBoost, bagged",leave-one-yarn-out,11,261,2.5424,0.94372
"S-N + XGBoost, bagged",leave-one-yarn-out,11,275,3.8218,1.73758
"S-N + XGBoost, bagged",leave-one-yarn-out,11,276,3.8015,1.94977
"S-N + XGBoost, bagged",leave-one-yarn-out,11,277,2.9232,2.51896
"S-N + XGBoost, bagged",leave-one-yarn-out,11,278,3.4380,1.03718
"S-N + XGBoost, bagged",leave-one-yarn-out,11,279,3.1407,0.94603
"S-N + XGBoost, bagged",leave-one-yarn-out,11,280,3.6432,1.25617
"S-N + XGBoost, bagged",leave-one-yarn-out,11,281,3.9527,1.03967
"S-N + XGBoost, bagged",leave-one-yarn-out,11,282,3.6023,1.17940
"S-N + XGBoost, bagged",leave-one-yarn-out,11,283,6.0170,1.27288
"S-N + XGBoost, bagged",leave-one-yarn-out,11,284,4.3718,0.91933
"S-N + XGBoost, bagged",leave-one-yarn-out,11,285,3.7560,1.25804
"S-N + XGBoost, bagged",leave-one-yarn-out,11,286,4.6532,1.46035
"S-N + XGBoost, bagged",leave-one-yarn-out,11,287,3.1585,1.18472
"S-N + XGBoost, bagged",leave-one-yarn-out,11,288,5.3069,1.48397
"S-N + XGBoost, bagged",leave-one-yarn-out,11,289,3.8709,1.19669
"S-N + XGBoost, bagged",leave-one-yarn-out,11,290,4.9920,1.08546
"S-N + XGBoost, bagged",leave-one-yarn-out,11,291,3.5985,1.08420
"S-N + XGBoost, bagged",leave-one-yarn-out,11,292,3.1848,1.23048
"S-N + XGBoost, bagged",leave-one-yarn-out,11,293,2.7880,1.15169
"S-N + XGBoost, bagged",leave-one-yarn-out,11,294,3.1100,0.96305
"S-N + XGBoost, bagged",leave-one-yarn-out,11,295,2.2860,0.97662
"S-N + XGBoost, bagged",leave-one-yarn-out,11,296,3.7211,1.06203
"S-N + XGBoost, bagged",leave-one-yarn-out,11,297,3.7091,1.14814
"S-N + XGBoost, bagged",leave-one-yarn-out,11,298,4.0474,1.17511
"S-N + XGBoost, bagged",leave-one-yarn-out,11,299,3.4899,1.98272
"S-N + XGBoost, bagged",leave-one-yarn-out,11,311,2.1679,1.13090
"S-N + XGBoost, bagged",leave-one-yarn-out,11,336,2.5710,0.94347
"S-N + XGBoost, bagged",leave-one-yarn-out,11,361,2.8275,1.02440
"S-N + XGBoost, bagged",leave-one-yarn-out,11,386,2.7478,0.88000
"S-N + XGBoost, bagged",leave-one-yarn-out,11,411,2.4904,1.04637
"S-N + XGBoost, bagged",leave-one-yarn-out,11,436,2.6805,1.29774
"S-N + XGBoost, bagged",leave-one-yarn-out,11,461,2.2735,1.19472
"S-N + XGBoost, bagged",leave-one-yarn-out,11,486,2.5145,1.31713
"S-N + XGBoost, bagged",leave-one-yarn-out,11,511,1.1365,2.81351
"S-N + XGBoost, bagged",leave-one-yarn-out,11,536,2.5807,1.31517
"S-N + XGBoost, bagged",leave-one-yarn-out,11,561,2.6320,1.43477
"S-N + XGBoost, bagged",leave-one-yarn-out,11,586,2.4787,1.60774
"S-N + XGBoost, bagged",leave-one-yarn-out,11,611,2.3740,1.45487
"S-N + XGBoost, bagged",leave-one-yarn-out,12,12,2.7785,0.68039
"S-N + XGBoost, bagged",leave-one-yarn-out,12,37,1.7997,1.07022
"S-N + XGBoost, bagged",leave-one-yarn-out,12,62,2.1668,0.69493
"S-N + XGBoost, bagged",leave-one-yarn-out,12,87,1.6037,0.57271
"S-N + XGBoost, bagged",leave-one-yarn-out,12,112,1.2282,0.60554
"S-N + XGBoost, bagged",leave-one-yarn-out,12,137,0.8933,0.75887
"S-N + XGBoost, bagged",leave-one-yarn-out,12,162,1.1988,0.70894
"S-N + XGBoost, bagged",leave-one-yarn-out,12,187,0.8950,0.67114
"S-N + XGBoost, bagged",leave-one-yarn-out,12,212,0.4954,0.75898
"S-N + XGBoost, bagged",leave-one-yarn-out,12,237,0.6706,0.98243
"S-N + XGBoost, bagged",leave-one-yarn-out,12,262,1.2844,0.42779
"S-N + XGBoost, bagged",leave-one-yarn-out,12,287,1.1364,0.59501
"S-N + XGBoost, bagged",leave-one-yarn-out,12,300,3.2719,0.52743
"S-N + XGBoost, bagged",leave-one-yarn-out,12,301,2.1184,1.46276
"S-N + XGBoost, bagged",leave-one-yarn-out,12,302,1.0379,2.90475
"S-N + XGBoost, bagged",leave-one-yarn-out,12,303,1.5784,0.63001
"S-N + XGBoost, bagged",leave-one-yarn-out,12,304,1.0122,0.66925
"S-N + XGBoost, bagged",leave-one-yarn-out,12,305,1.6153,0.54880
"S-N + XGBoost, bagged",leave-one-yarn-out,12,306,2.0598,0.74758
"S-N + XGBoost, bagged",leave-one-yarn-out,12,307,0.5939,0.65426
"S-N + XGBoost, bagged",leave-one-yarn-out,12,308,3.2707,2.12288
"S-N + XGBoost, bagged",leave-one-yarn-out,12,309,1.4620,0.69508
"S-N + XGBoost, bagged",leave-one-yarn-out,12,310,1.0722,0.53101
"S-N + XGBoost, bagged",leave-one-yarn-out,12,311,1.0913,0.87750
"S-N + XGBoost, bagged",leave-one-yarn-out,12,312,1.4613,0.53812
"S-N + XGBoost, bagged",leave-one-yarn-out,12,313,2.8336,0.66726
"S-N + XGBoost, bagged",leave-one-yarn-out,12,314,2.0330,0.66903
"S-N + XGBoost, bagged",leave-one-yarn-out,12,315,1.1811,0.56685
"S-N + XGBoost, bagged",leave-one-yarn-out,12,316,1.1333,0.59139
"S-N + XGBoost, bagged",leave-one-yarn-out,12,317,1.2242,0.67673
"S-N + XGBoost, bagged",leave-one-yarn-out,12,318,1.2326,0.72188
"S-N + XGBoost, bagged",leave-one-yarn-out,12,319,1.4835,0.54397
"S-N + XGBoost, bagged",leave-one-yarn-out,12,320,0.7269,0.59362
"S-N + XGBoost, bagged",leave-one-yarn-out,12,321,1.5569,0.64774
"S-N + XGBoost, bagged",leave-one-yarn-out,12,322,1.5174,0.77020
"S-N + XGBoost, bagged",leave-one-yarn-out,12,323,1.9257,0.71957
"S-N + XGBoost, bagged",leave-one-yarn-out,12,324,2.9941,1.20404
"S-N + XGBoost, bagged",leave-one-yarn-out,12,337,0.8387,0.60840
"S-N + XGBoost, bagged",leave-one-yarn-out,12,362,0.9022,0.53411
"S-N + XGBoost, bagged",leave-one-yarn-out,12,387,0.8681,0.40202
"S-N + XGBoost, bagged",leave-one-yarn-out,12,412,1.0314,0.49978
"S-N + XGBoost, bagged",leave-one-yarn-out,12,437,1.0459,0.63801
"S-N + XGBoost, bagged",leave-one-yarn-out,12,462,1.4171,0.59955
"S-N + XGBoost, bagged",leave-one-yarn-out,12,487,0.9827,0.40710
"S-N + XGBoost, bagged",leave-one-yarn-out,12,512,1.7793,0.86318
"S-N + XGBoost, bagged",leave-one-yarn-out,12,537,3.0512,0.51274
"S-N + XGBoost, bagged",leave-one-yarn-out,12,562,1.2838,0.63630
"S-N + XGBoost, bagged",leave-one-yarn-out,12,587,1.9668,0.51281
"S-N + XGBoost, bagged",leave-one-yarn-out,12,612,1.5756,0.51509
"S-N + XGBoost, bagged",leave-one-yarn-out,13,13,2.9472,1.09757
"S-N + XGBoost, bagged",leave-one-yarn-out,13,38,1.7953,0.92425
"S-N + XGBoost, bagged",leave-one-yarn-out,13,63,2.9254,0.92203
"S-N + XGBoost, bagged",leave-one-yarn-out,13,88,3.2790,0.58755
"S-N + XGBoost, bagged",leave-one-yarn-out,13,113,5.2750,0.46356
"S-N + XGBoost, bagged",leave-one-yarn-out,13,138,0.5540,0.39166
"S-N + XGBoost, bagged",leave-one-yarn-out,13,163,0.6055,0.74690
"S-N + XGBoost, bagged",leave-one-yarn-out,13,188,0.7057,0.47835
"S-N + XGBoost, bagged",leave-one-yarn-out,13,213,1.3019,0.85760
"S-N + XGBoost, bagged",leave-one-yarn-out,13,238,0.3967,0.62255
"S-N + XGBoost, bagged",leave-one-yarn-out,13,263,0.8048,0.50781
"S-N + XGBoost, bagged",leave-one-yarn-out,13,288,1.6753,0.66447
"S-N + XGBoost, bagged",leave-one-yarn-out,13,313,1.3013,0.37585
"S-N + XGBoost, bagged",leave-one-yarn-out,13,325,2.1132,1.34619
"S-N + XGBoost, bagged",leave-one-yarn-out,13,326,2.0120,1.37415
"S-N + XGBoost, bagged",leave-one-yarn-out,13,327,0.5827,2.02789
"S-N + XGBoost, bagged",leave-one-yarn-out,13,328,1.7599,0.97769
"S-N + XGBoost, bagged",leave-one-yarn-out,13,329,1.0655,0.65821
"S-N + XGBoost, bagged",leave-one-yarn-out,13,330,3.4866,0.61215
"S-N + XGBoost, bagged",leave-one-yarn-out,13,331,1.8307,0.72605
"S-N + XGBoost, bagged",leave-one-yarn-out,13,332,1.0326,0.70961
"S-N + XGBoost, bagged",leave-one-yarn-out,13,333,3.0401,2.38296
"S-N + XGBoost, bagged",leave-one-yarn-out,13,334,0.6404,0.81156
"S-N + XGBoost, bagged",leave-one-yarn-out,13,335,0.8112,0.66436
"S-N + XGBoost, bagged",leave-one-yarn-out,13,336,1.9484,0.90450
"S-N + XGBoost, bagged",leave-one-yarn-out,13,337,1.2216,0.72704
"S-N + XGBoost, bagged",leave-one-yarn-out,13,338,0.6331,0.70314
"S-N + XGBoost, bagged",leave-one-yarn-out,13,339,1.6170,0.57879
"S-N + XGBoost, bagged",leave-one-yarn-out,13,340,1.0694,0.66345
"S-N + XGBoost, bagged",leave-one-yarn-out,13,341,1.0812,0.98314
"S-N + XGBoost, bagged",leave-one-yarn-out,13,342,1.5399,0.55433
"S-N + XGBoost, bagged",leave-one-yarn-out,13,343,1.2107,0.72935
"S-N + XGBoost, bagged",leave-one-yarn-out,13,344,0.7244,0.97518
"S-N + XGBoost, bagged",leave-one-yarn-out,13,345,1.2622,0.96383
"S-N + XGBoost, bagged",leave-one-yarn-out,13,346,0.4198,0.90239
"S-N + XGBoost, bagged",leave-one-yarn-out,13,347,1.5850,1.00897
"S-N + XGBoost, bagged",leave-one-yarn-out,13,348,2.0038,1.49030
"S-N + XGBoost, bagged",leave-one-yarn-out,13,349,2.0167,1.02445
"S-N + XGBoost, bagged",leave-one-yarn-out,13,363,0.6268,0.35129
"S-N + XGBoost, bagged",leave-one-yarn-out,13,388,1.5641,0.46609
"S-N + XGBoost, bagged",leave-one-yarn-out,13,413,1.6242,0.54582
"S-N + XGBoost, bagged",leave-one-yarn-out,13,438,1.9380,0.75610
"S-N + XGBoost, bagged",leave-one-yarn-out,13,463,4.6433,0.51047
"S-N + XGBoost, bagged",leave-one-yarn-out,13,488,2.4733,0.68233
"S-N + XGBoost, bagged",leave-one-yarn-out,13,513,1.7752,0.85770
"S-N + XGBoost, bagged",leave-one-yarn-out,13,538,0.6472,0.88075
"S-N + XGBoost, bagged",leave-one-yarn-out,13,563,0.7702,0.59065
"S-N + XGBoost, bagged",leave-one-yarn-out,13,588,0.5902,0.62745
"S-N + XGBoost, bagged",leave-one-yarn-out,13,613,1.6236,0.75337
"S-N + XGBoost, bagged",leave-one-yarn-out,14,14,3.5575,0.67798
"S-N + XGBoost, bagged",leave-one-yarn-out,14,39,2.8249,0.94328
"S-N + XGBoost, bagged",leave-one-yarn-out,14,64,1.9650,0.82596
"S-N + XGBoost, bagged",leave-one-yarn-out,14,89,1.9591,0.71079
"S-N + XGBoost, bagged",leave-one-yarn-out,14,114,2.0745,0.94977
"S-N + XGBoost, bagged",leave-one-yarn-out,14,139,1.9392,0.76019
"S-N + XGBoost, bagged",leave-one-yarn-out,14,164,1.4706,0.56981
"S-N + XGBoost, bagged",leave-one-yarn-out,14,189,2.3040,0.62997
"S-N + XGBoost, bagged",leave-one-yarn-out,14,214,1.0359,1.05222
"S-N + XGBoost, bagged",leave-one-yarn-out,14,239,1.0069,0.74189
"S-N + XGBoost, bagged",leave-one-yarn-out,14,264,2.3847,0.54225
"S-N + XGBoost, bagged",leave-one-yarn-out,14,289,1.6757,1.00680
"S-N + XGBoost, bagged",leave-one-yarn-out,14,314,2.0743,0.65484
"S-N + XGBoost, bagged",leave-one-yarn-out,14,339,2.1650,0.48198
"S-N + XGBoost, bagged",leave-one-yarn-out,14,350,6.7820,1.40847
"S-N + XGBoost, bagged",leave-one-yarn-out,14,351,6.0408,1.20096
"S-N + XGBoost, bagged",leave-one-yarn-out,14,352,4.7452,0.90916
"S-N + XGBoost, bagged",leave-one-yarn-out,14,353,3.1236,1.00240
"S-N + XGBoost, bagged",leave-one-yarn-out,14,354,2.8789,1.01270
"S-N + XGBoost, bagged",leave-one-yarn-out,14,355,3.2702,0.78382
"S-N + XGBoost, bagged",leave-one-yarn-out,14,356,3.8656,1.11149
"S-N + XGBoost, bagged",leave-one-yarn-out,14,357,2.5884,0.79901
"S-N + XGBoost, bagged",leave-one-yarn-out,14,358,5.4664,1.56584
"S-N + XGBoost, bagged",leave-one-yarn-out,14,359,3.0486,0.98543
"S-N + XGBoost, bagged",leave-one-yarn-out,14,360,2.7584,0.70556
"S-N + XGBoost, bagged",leave-one-yarn-out,14,361,3.3491,0.84214
"S-N + XGBoost, bagged",leave-one-yarn-out,14,362,2.9128,0.72254
"S-N + XGBoost, bagged",leave-one-yarn-out,14,363,3.3650,0.96106
"S-N + XGBoost, bagged",leave-one-yarn-out,14,364,4.4735,1.18739
"S-N + XGBoost, bagged",leave-one-yarn-out,14,365,2.8987,0.80823
"S-N + XGBoost, bagged",leave-one-yarn-out,14,366,3.7710,0.76230
"S-N + XGBoost, bagged",leave-one-yarn-out,14,367,1.9872,1.23260
"S-N + XGBoost, bagged",leave-one-yarn-out,14,368,3.1419,0.76091
"S-N + XGBoost, bagged",leave-one-yarn-out,14,369,2.8486,0.90923
"S-N + XGBoost, bagged",leave-one-yarn-out,14,370,2.8271,1.43220
"S-N + XGBoost, bagged",leave-one-yarn-out,14,371,3.1056,0.79907
"S-N + XGBoost, bagged",leave-one-yarn-out,14,372,3.2058,0.78977
"S-N + XGBoost, bagged",leave-one-yarn-out,14,373,5.6413,1.32050
"S-N + XGBoost, bagged",leave-one-yarn-out,14,374,5.5807,1.97879
"S-N + XGBoost, bagged",leave-one-yarn-out,14,389,2.4021,0.70299
"S-N + XGBoost, bagged",leave-one-yarn-out,14,414,2.0170,0.60273
"S-N + XGBoost, bagged",leave-one-yarn-out,14,439,1.4676,1.02238
"S-N + XGBoost, bagged",leave-one-yarn-out,14,464,2.0476,0.68725
"S-N + XGBoost, bagged",leave-one-yarn-out,14,489,1.6294,0.55553
"S-N + XGBoost, bagged",leave-one-yarn-out,14,514,5.0449,1.04830
"S-N + XGBoost, bagged",leave-one-yarn-out,14,539,5.4081,0.59450
"S-N + XGBoost, bagged",leave-one-yarn-out,14,564,7.0627,0.52171
"S-N + XGBoost, bagged",leave-one-yarn-out,14,589,4.7634,0.64585
"S-N + XGBoost, bagged",leave-one-yarn-out,14,614,4.7833,0.79897
"S-N + XGBoost, bagged",leave-one-yarn-out,15,15,1.8968,0.63294
"S-N + XGBoost, bagged",leave-one-yarn-out,15,40,2.3715,0.71855
"S-N + XGBoost, bagged",leave-one-yarn-out,15,65,0.6161,0.79392
"S-N + XGBoost, bagged",leave-one-yarn-out,15,90,0.6315,0.61720
"S-N + XGBoost, bagged",leave-one-yarn-out,15,115,0.5001,0.49239
"S-N + XGBoost, bagged",leave-one-yarn-out,15,140,0.4275,0.35577
"S-N + XGBoost, bagged",leave-one-yarn-out,15,165,0.6706,0.43016
"S-N + XGBoost, bagged",leave-one-yarn-out,15,190,0.5215,0.37046
"S-N + XGBoost, bagged",leave-one-yarn-out,15,215,0.4403,0.62842
"S-N + XGBoost, bagged",leave-one-yarn-out,15,240,0.6849,0.47116
"S-N + XGBoost, bagged",leave-one-yarn-out,15,265,1.2123,0.49334
"S-N + XGBoost, bagged",leave-one-yarn-out,15,290,2.2392,0.48549
"S-N + XGBoost, bagged",leave-one-yarn-out,15,315,0.7877,0.41785
"S-N + XGBoost, bagged",leave-one-yarn-out,15,340,0.5168,0.47796
"S-N + XGBoost, bagged",leave-one-yarn-out,15,365,0.4665,0.50426
"S-N + XGBoost, bagged",leave-one-yarn-out,15,375,4.6296,0.79425
"S-N + XGBoost, bagged",leave-one-yarn-out,15,376,3.1479,0.98834
"S-N + XGBoost, bagged",leave-one-yarn-out,15,377,4.1370,1.48930
"S-N + XGBoost, bagged",leave-one-yarn-out,15,378,2.9805,0.40660
"S-N + XGBoost, bagged",leave-one-yarn-out,15,379,1.3866,0.32270
"S-N + XGBoost, bagged",leave-one-yarn-out,15,380,1.2146,0.36936
"S-N + XGBoost, bagged",leave-one-yarn-out,15,381,1.9432,0.40082
"S-N + XGBoost, bagged",leave-one-yarn-out,15,382,2.2025,0.45869
"S-N + XGBoost, bagged",leave-one-yarn-out,15,383,1.3845,1.52145
"S-N + XGBoost, bagged",leave-one-yarn-out,15,384,2.4886,0.54880
"S-N + XGBoost, bagged",leave-one-yarn-out,15,385,0.9424,0.37340
"S-N + XGBoost, bagged",leave-one-yarn-out,15,386,1.1918,0.67031
"S-N + XGBoost, bagged",leave-one-yarn-out,15,387,1.0532,0.32070
"S-N + XGBoost, bagged",leave-one-yarn-out,15,388,1.8725,0.57609
"S-N + XGBoost, bagged",leave-one-yarn-out,15,389,0.9938,0.67610
"S-N + XGBoost, bagged",leave-one-yarn-out,15,390,1.0400,0.52653
"S-N + XGBoost, bagged",leave-one-yarn-out,15,391,2.2718,0.44356
"S-N + XGBoost, bagged",leave-one-yarn-out,15,392,1.4811,0.70350
"S-N + XGBoost, bagged",leave-one-yarn-out,15,393,0.9269,0.53545
"S-N + XGBoost, bagged",leave-one-yarn-out,15,394,0.6977,0.50888
"S-N + XGBoost, bagged",leave-one-yarn-out,15,395,2.5666,0.91289
"S-N + XGBoost, bagged",leave-one-yarn-out,15,396,1.9059,0.54293
"S-N + XGBoost, bagged",leave-one-yarn-out,15,397,1.6601,0.47909
"S-N + XGBoost, bagged",leave-one-yarn-out,15,398,3.4616,0.51009
"S-N + XGBoost, bagged",leave-one-yarn-out,15,399,5.8575,0.79443
"S-N + XGBoost, bagged",leave-one-yarn-out,15,415,1.0399,0.50926
"S-N + XGBoost, bagged",leave-one-yarn-out,15,440,1.0437,0.61598
"S-N + XGBoost, bagged",leave-one-yarn-out,15,465,2.2974,0.55878
"S-N + XGBoost, bagged",leave-one-yarn-out,15,490,1.7839,0.41963
"S-N + XGBoost, bagged",leave-one-yarn-out,15,515,0.9372,0.85657
"S-N + XGBoost, bagged",leave-one-yarn-out,15,540,0.7669,1.04085
"S-N + XGBoost, bagged",leave-one-yarn-out,15,565,1.4431,0.71549
"S-N + XGBoost, bagged",leave-one-yarn-out,15,590,0.7295,0.71782
"S-N + XGBoost, bagged",leave-one-yarn-out,15,615,0.8783,0.98154
"S-N + XGBoost, bagged",leave-one-yarn-out,16,16,2.5896,0.76972
"S-N + XGBoost, bagged",leave-one-yarn-out,16,41,0.6735,0.60222
"S-N + XGBoost, bagged",leave-one-yarn-out,16,66,1.3968,1.07218
"S-N + XGBoost, bagged",leave-one-yarn-out,16,91,0.7226,0.51388
"S-N + XGBoost, bagged",leave-one-yarn-out,16,116,0.9721,0.53283
"S-N + XGBoost, bagged",leave-one-yarn-out,16,141,0.8694,0.60923
"S-N + XGBoost, bagged",leave-one-yarn-out,16,166,1.8120,1.09596
"S-N + XGBoost, bagged",leave-one-yarn-out,16,191,1.4960,0.54519
"S-N + XGBoost, bagged",leave-one-yarn-out,16,216,1.0818,0.76096
"S-N + XGBoost, bagged",leave-one-yarn-out,16,241,0.8543,0.60219
"S-N + XGBoost, bagged",leave-one-yarn-out,16,266,0.3674,0.40915
"S-N + XGBoost, bagged",leave-one-yarn-out,16,291,1.3767,0.63605
"S-N + XGBoost, bagged",leave-one-yarn-out,16,316,1.1026,0.60664
"S-N + XGBoost, bagged",leave-one-yarn-out,16,341,0.8104,0.45019
"S-N + XGBoost, bagged",leave-one-yarn-out,16,366,0.9330,0.47609
"S-N + XGBoost, bagged",leave-one-yarn-out,16,391,1.5850,0.48461
"S-N + XGBoost, bagged",leave-one-yarn-out,16,400,2.5995,0.62419
"S-N + XGBoost, bagged",leave-one-yarn-out,16,401,2.6266,1.62365
"S-N + XGBoost, bagged",leave-one-yarn-out,16,402,4.6199,2.92220
"S-N + XGBoost, bagged",leave-one-yarn-out,16,403,2.2079,0.69217
"S-N + XGBoost, bagged",leave-one-yarn-out,16,404,1.8063,0.51138
"S-N + XGBoost, bagged",leave-one-yarn-out,16,405,3.4190,0.62510
"S-N + XGBoost, bagged",leave-one-yarn-out,16,406,2.5267,0.49101
"S-N + XGBoost, bagged",leave-one-yarn-out,16,407,3.9072,0.78994
"S-N + XGBoost, bagged",leave-one-yarn-out,16,408,2.2111,2.91938
"S-N + XGBoost, bagged",leave-one-yarn-out,16,409,1.4145,0.93503
"S-N + XGBoost, bagged",leave-one-yarn-out,16,410,1.0364,0.48038
"S-N + XGBoost, bagged",leave-one-yarn-out,16,411,1.0318,0.94768
"S-N + XGBoost, bagged",leave-one-yarn-out,16,412,0.7244,0.50743
"S-N + XGBoost, bagged",leave-one-yarn-out,16,413,1.1781,0.57473
"S-N + XGBoost, bagged",leave-one-yarn-out,16,414,1.4219,1.03455
"S-N + XGBoost, bagged",leave-one-yarn-out,16,415,1.2101,0.49864
"S-N + XGBoost, bagged",leave-one-yarn-out,16,416,1.2138,0.72462
"S-N + XGBoost, bagged",leave-one-yarn-out,16,417,0.6577,0.52119
"S-N + XGBoost, bagged",leave-one-yarn-out,16,418,0.8457,0.69055
"S-N + XGBoost, bagged",leave-one-yarn-out,16,419,2.3134,0.44434
"S-N + XGBoost, bagged",leave-one-yarn-out,16,420,2.3237,0.89505
"S-N + XGBoost, bagged",leave-one-yarn-out,16,421,0.6037,0.54695
"S-N + XGBoost, bagged",leave-one-yarn-out,16,422,1.3713,0.73166
"S-N + XGBoost, bagged",leave-one-yarn-out,16,423,1.4880,0.77396
"S-N + XGBoost, bagged",leave-one-yarn-out,16,424,4.3242,0.76002
"S-N + XGBoost, bagged",leave-one-yarn-out,16,441,1.2796,0.52881
"S-N + XGBoost, bagged",leave-one-yarn-out,16,466,1.2428,0.58484
"S-N + XGBoost, bagged",leave-one-yarn-out,16,491,2.0449,0.50871
"S-N + XGBoost, bagged",leave-one-yarn-out,16,516,2.6517,0.97270
"S-N + XGBoost, bagged",leave-one-yarn-out,16,541,5.2567,0.79248
"S-N + XGBoost, bagged",leave-one-yarn-out,16,566,5.7588,0.76078
"S-N + XGBoost, bagged",leave-one-yarn-out,16,591,3.0152,0.69931
"S-N + XGBoost, bagged",leave-one-yarn-out,16,616,2.9374,0.89072
"S-N + XGBoost, bagged",leave-one-yarn-out,17,17,3.1724,0.98538
"S-N + XGBoost, bagged",leave-one-yarn-out,17,42,1.4850,0.93656
"S-N + XGBoost, bagged",leave-one-yarn-out,17,67,0.7132,1.07124
"S-N + XGBoost, bagged",leave-one-yarn-out,17,92,2.5090,0.60271
"S-N + XGBoost, bagged",leave-one-yarn-out,17,117,3.1869,0.40814
"S-N + XGBoost, bagged",leave-one-yarn-out,17,142,3.4471,0.34916
"S-N + XGBoost, bagged",leave-one-yarn-out,17,167,2.4798,0.53573
"S-N + XGBoost, bagged",leave-one-yarn-out,17,192,3.3451,0.37050
"S-N + XGBoost, bagged",leave-one-yarn-out,17,217,2.8507,1.06228
"S-N + XGBoost, bagged",leave-one-yarn-out,17,242,1.5908,0.81172
"S-N + XGBoost, bagged",leave-one-yarn-out,17,267,3.5067,0.66228
"S-N + XGBoost, bagged",leave-one-yarn-out,17,292,2.5965,0.99247
"S-N + XGBoost, bagged",leave-one-yarn-out,17,317,3.9539,0.60288
"S-N + XGBoost, bagged",leave-one-yarn-out,17,342,2.4383,0.70768
"S-N + XGBoost, bagged",leave-one-yarn-out,17,367,4.1699,0.35463
"S-N + XGBoost, bagged",leave-one-yarn-out,17,392,4.1346,0.30293
"S-N + XGBoost, bagged",leave-one-yarn-out,17,417,3.2493,0.87737
"S-N + XGBoost, bagged",leave-one-yarn-out,17,425,4.3326,0.88234
"S-N + XGBoost, bagged",leave-one-yarn-out,17,426,5.4663,1.08985
"S-N + XGBoost, bagged",leave-one-yarn-out,17,427,5.7481,1.42229
"S-N + XGBoost, bagged",leave-one-yarn-out,17,428,3.8394,0.63530
"S-N + XGBoost, bagged",leave-one-yarn-out,17,429,3.3931,0.43648
"S-N + XGBoost, bagged",leave-one-yarn-out,17,430,3.2101,0.48836
"S-N + XGBoost, bagged",leave-one-yarn-out,17,431,3.2337,0.58598
"S-N + XGBoost, bagged",leave-one-yarn-out,17,432,3.1890,0.41561
"S-N + XGBoost, bagged",leave-one-yarn-out,17,433,4.4768,1.29860
"S-N + XGBoost, bagged",leave-one-yarn-out,17,434,3.9102,0.72066
"S-N + XGBoost, bagged",leave-one-yarn-out,17,435,4.1147,0.39629
"S-N + XGBoost, bagged",leave-one-yarn-out,17,436,3.5321,0.77690
"S-N + XGBoost, bagged",leave-one-yarn-out,17,437,4.0246,0.31279
"S-N + XGBoost, bagged",leave-one-yarn-out,17,438,4.4238,0.69113
"S-N + XGBoost, bagged",leave-one-yarn-out,17,439,4.2626,0.42237
"S-N + XGBoost, bagged",leave-one-yarn-out,17,440,4.7685,0.28369
"S-N + XGBoost, bagged",leave-one-yarn-out,17,441,4.5173,0.45655
"S-N + XGBoost, bagged",leave-one-yarn-out,17,442,7.5008,0.39027
"S-N + XGBoost, bagged",leave-one-yarn-out,17,443,3.6055,0.54537
"S-N + XGBoost, bagged",leave-one-yarn-out,17,444,2.7820,0.42363
"S-N + XGBoost, bagged",leave-one-yarn-out,17,445,3.9915,0.80192
"S-N + XGBoost, bagged",leave-one-yarn-out,17,446,4.3108,0.54196
"S-N + XGBoost, bagged",leave-one-yarn-out,17,447,3.6402,0.54401
"S-N + XGBoost, bagged",leave-one-yarn-out,17,448,4.8770,0.60732
"S-N + XGBoost, bagged",leave-one-yarn-out,17,449,6.3853,0.86986
"S-N + XGBoost, bagged",leave-one-yarn-out,17,467,3.1206,0.75217
"S-N + XGBoost, bagged",leave-one-yarn-out,17,492,2.5900,0.47519
"S-N + XGBoost, bagged",leave-one-yarn-out,17,517,2.9390,1.28141
"S-N + XGBoost, bagged",leave-one-yarn-out,17,542,1.9574,1.55916
"S-N + XGBoost, bagged",leave-one-yarn-out,17,567,3.3175,1.11059
"S-N + XGBoost, bagged",leave-one-yarn-out,17,592,3.0907,0.93978
"S-N + XGBoost, bagged",leave-one-yarn-out,17,617,2.7518,1.48310
"S-N + XGBoost, bagged",leave-one-yarn-out,18,18,1.7548,0.69189
"S-N + XGBoost, bagged",leave-one-yarn-out,18,43,0.8537,0.95783
"S-N + XGBoost, bagged",leave-one-yarn-out,18,68,0.9908,0.96781
"S-N + XGBoost, bagged",leave-one-yarn-out,18,93,1.1208,0.54495
"S-N + XGBoost, bagged",leave-one-yarn-out,18,118,1.3538,0.51454
"S-N + XGBoost, bagged",leave-one-yarn-out,18,143,1.1667,0.86312
"S-N + XGBoost, bagged",leave-one-yarn-out,18,168,2.4558,0.71810
"S-N + XGBoost, bagged",leave-one-yarn-out,18,193,1.3399,0.94098
"S-N + XGBoost, bagged",leave-one-yarn-out,18,218,1.0729,1.12425
"S-N + XGBoost, bagged",leave-one-yarn-out,18,243,1.0581,0.85659
"S-N + XGBoost, bagged",leave-one-yarn-out,18,268,1.6627,0.39555
"S-N + XGBoost, bagged",leave-one-yarn-out,18,293,1.5651,0.43465
"S-N + XGBoost, bagged",leave-one-yarn-out,18,318,1.2897,0.45372
"S-N + XGBoost, bagged",leave-one-yarn-out,18,343,2.0908,0.43271
"S-N + XGBoost, bagged",leave-one-yarn-out,18,368,1.8115,0.56987
"S-N + XGBoost, bagged",leave-one-yarn-out,18,393,1.7106,0.55448
"S-N + XGBoost, bagged",leave-one-yarn-out,18,418,1.4889,0.64744
"S-N + XGBoost, bagged",leave-one-yarn-out,18,443,2.4969,0.82147
"S-N + XGBoost, bagged",leave-one-yarn-out,18,450,0.2155,0.53297
"S-N + XGBoost, bagged",leave-one-yarn-out,18,451,2.1096,1.19870
"S-N + XGBoost, bagged",leave-one-yarn-out,18,452,3.6381,1.81067
"S-N + XGBoost, bagged",leave-one-yarn-out,18,453,1.2985,0.73890
"S-N + XGBoost, bagged",leave-one-yarn-out,18,454,0.4726,0.58649
"S-N + XGBoost, bagged",leave-one-yarn-out,18,455,1.2529,0.80545
"S-N + XGBoost, bagged",leave-one-yarn-out,18,456,2.9288,0.65589
"S-N + XGBoost, bagged",leave-one-yarn-out,18,457,2.7575,0.85774
"S-N + XGBoost, bagged",leave-one-yarn-out,18,458,0.7989,1.58888
"S-N + XGBoost, bagged",leave-one-yarn-out,18,459,1.1142,0.60118
"S-N + XGBoost, bagged",leave-one-yarn-out,18,460,0.9140,0.49524
"S-N + XGBoost, bagged",leave-one-yarn-out,18,461,1.0197,0.92803
"S-N + XGBoost, bagged",leave-one-yarn-out,18,462,1.0123,0.46480
"S-N + XGBoost, bagged",leave-one-yarn-out,18,463,5.0524,0.93199
"S-N + XGBoost, bagged",leave-one-yarn-out,18,464,1.8019,0.83670
"S-N + XGBoost, bagged",leave-one-yarn-out,18,465,3.0010,0.60454
"S-N + XGBoost, bagged",leave-one-yarn-out,18,466,1.0603,0.57484
"S-N + XGBoost, bagged",leave-one-yarn-out,18,467,1.5729,1.02522
"S-N + XGBoost, bagged",leave-one-yarn-out,18,468,1.9008,0.54273
"S-N + XGBoost, bagged",leave-one-yarn-out,18,469,2.2500,0.53956
"S-N + XGBoost, bagged",leave-one-yarn-out,18,470,0.8394,0.43576
"S-N + XGBoost, bagged",leave-one-yarn-out,18,471,2.1377,0.59530
"S-N + XGBoost, bagged",leave-one-yarn-out,18,472,1.0291,0.69314
"S-N + XGBoost, bagged",leave-one-yarn-out,18,473,1.5893,0.57333
"S-N + XGBoost, bagged",leave-one-yarn-out,18,474,2.4098,0.72855
"S-N + XGBoost, bagged",leave-one-yarn-out,18,493,2.1330,0.60726
"S-N + XGBoost, bagged",leave-one-yarn-out,18,518,0.8190,1.93507
"S-N + XGBoost, bagged",leave-one-yarn-out,18,543,1.0223,0.65097
"S-N + XGBoost, bagged",leave-one-yarn-out,18,568,2.0572,0.77779
"S-N + XGBoost, bagged",leave-one-yarn-out,18,593,1.3423,0.82763
"S-N + XGBoost, bagged",leave-one-yarn-out,18,618,1.0739,0.82752
"S-N + XGBoost, bagged",leave-one-yarn-out,19,19,5.0444,0.82682
"S-N + XGBoost, bagged",leave-one-yarn-out,19,44,3.2656,0.71662
"S-N + XGBoost, bagged",leave-one-yarn-out,19,69,2.8558,0.81750
"S-N + XGBoost, bagged",leave-one-yarn-out,19,94,2.2977,0.62399
"S-N + XGBoost, bagged",leave-one-yarn-out,19,119,1.6021,0.68199
"S-N + XGBoost, bagged",leave-one-yarn-out,19,144,0.3735,0.98827
"S-N + XGBoost, bagged",leave-one-yarn-out,19,169,0.3147,1.15288
"S-N + XGBoost, bagged",leave-one-yarn-out,19,194,0.4647,0.78691
"S-N + XGBoost, bagged",leave-one-yarn-out,19,219,1.2244,1.12113
"S-N + XGBoost, bagged",leave-one-yarn-out,19,244,0.3937,1.07972
"S-N + XGBoost, bagged",leave-one-yarn-out,19,269,0.7981,0.50494
"S-N + XGBoost, bagged",leave-one-yarn-out,19,294,0.6711,0.69128
"S-N + XGBoost, bagged",leave-one-yarn-out,19,319,1.0724,0.66331
"S-N + XGBoost, bagged",leave-one-yarn-out,19,344,0.5135,0.43856
"S-N + XGBoost, bagged",leave-one-yarn-out,19,369,0.5072,0.69008
"S-N + XGBoost, bagged",leave-one-yarn-out,19,394,2.1446,0.61605
"S-N + XGBoost, bagged",leave-one-yarn-out,19,419,2.6846,0.64075
"S-N + XGBoost, bagged",leave-one-yarn-out,19,444,2.0982,0.75513
"S-N + XGBoost, bagged",leave-one-yarn-out,19,469,2.0742,0.79629
"S-N + XGBoost, bagged",leave-one-yarn-out,19,475,1.9880,0.73535
"S-N + XGBoost, bagged",leave-one-yarn-out,19,476,1.6657,1.51324
"S-N + XGBoost, bagged",leave-one-yarn-out,19,477,3.3748,2.09866
"S-N + XGBoost, bagged",leave-one-yarn-out,19,478,1.9271,0.60090
"S-N + XGBoost, bagged",leave-one-yarn-out,19,479,1.9553,0.53332
"S-N + XGBoost, bagged",leave-one-yarn-out,19,480,2.4732,0.59294
"S-N + XGBoost, bagged",leave-one-yarn-out,19,481,1.8611,0.69232
"S-N + XGBoost, bagged",leave-one-yarn-out,19,482,2.4168,0.71158
"S-N + XGBoost, bagged",leave-one-yarn-out,19,483,3.2999,1.49324
"S-N + XGBoost, bagged",leave-one-yarn-out,19,484,1.0801,0.63551
"S-N + XGBoost, bagged",leave-one-yarn-out,19,485,1.4426,0.54975
"S-N + XGBoost, bagged",leave-one-yarn-out,19,486,1.6212,0.93604
"S-N + XGBoost, bagged",leave-one-yarn-out,19,487,1.4466,0.51888
"S-N + XGBoost, bagged",leave-one-yarn-out,19,488,1.7808,0.74546
"S-N + XGBoost, bagged",leave-one-yarn-out,19,489,1.4079,0.88717
"S-N + XGBoost, bagged",leave-one-yarn-out,19,490,2.7140,0.49987
"S-N + XGBoost, bagged",leave-one-yarn-out,19,491,2.1647,0.71575
"S-N + XGBoost, bagged",leave-one-yarn-out,19,492,1.5453,0.78523
"S-N + XGBoost, bagged",leave-one-yarn-out,19,493,2.3166,0.60333
"S-N + XGBoost, bagged",leave-one-yarn-out,19,494,3.2536,0.62733
"S-N + XGBoost, bagged",leave-one-yarn-out,19,495,1.4225,0.79041
"S-N + XGBoost, bagged",leave-one-yarn-out,19,496,1.7859,0.55371
"S-N + XGBoost, bagged",leave-one-yarn-out,19,497,2.5443,0.73847
"S-N + XGBoost, bagged",leave-one-yarn-out,19,498,1.0733,0.68490
"S-N + XGBoost, bagged",leave-one-yarn-out,19,499,3.0911,0.85516
"S-N + XGBoost, bagged",leave-one-yarn-out,19,519,0.6799,0.96831
"S-N + XGBoost, bagged",leave-one-yarn-out,19,544,0.9174,0.74869
"S-N + XGBoost, bagged",leave-one-yarn-out,19,569,1.6599,0.71962
"S-N + XGBoost, bagged",leave-one-yarn-out,19,594,0.6894,0.66693
"S-N + XGBoost, bagged",leave-one-yarn-out,19,619,0.6926,0.83747
"S-N + XGBoost, bagged",leave-one-yarn-out,20,20,9.3334,0.71993
"S-N + XGBoost, bagged",leave-one-yarn-out,20,45,8.5714,0.75437
"S-N + XGBoost, bagged",leave-one-yarn-out,20,70,8.6905,0.75308
"S-N + XGBoost, bagged",leave-one-yarn-out,20,95,7.1391,0.38276
"S-N + XGBoost, bagged",leave-one-yarn-out,20,120,5.9917,0.70974
"S-N + XGBoost, bagged",leave-one-yarn-out,20,145,4.8339,0.64604
"S-N + XGBoost, bagged",leave-one-yarn-out,20,170,5.4980,0.77631
"S-N + XGBoost, bagged",leave-one-yarn-out,20,195,4.9951,0.49548
"S-N + XGBoost, bagged",leave-one-yarn-out,20,220,6.8308,0.58435
"S-N + XGBoost, bagged",leave-one-yarn-out,20,245,5.8413,0.53210
"S-N + XGBoost, bagged",leave-one-yarn-out,20,270,9.1185,0.46270
"S-N + XGBoost, bagged",leave-one-yarn-out,20,295,7.3268,0.41727
"S-N + XGBoost, bagged",leave-one-yarn-out,20,320,7.1238,0.42437
"S-N + XGBoost, bagged",leave-one-yarn-out,20,345,8.9590,0.50808
"S-N + XGBoost, bagged",leave-one-yarn-out,20,370,6.1252,0.51236
"S-N + XGBoost, bagged",leave-one-yarn-out,20,395,7.7288,0.45672
"S-N + XGBoost, bagged",leave-one-yarn-out,20,420,8.2529,0.48083
"S-N + XGBoost, bagged",leave-one-yarn-out,20,445,7.2057,0.66920
"S-N + XGBoost, bagged",leave-one-yarn-out,20,470,7.0257,0.44790
"S-N + XGBoost, bagged",leave-one-yarn-out,20,495,7.6392,0.44183
"S-N + XGBoost, bagged",leave-one-yarn-out,20,500,8.6490,0.61413
"S-N + XGBoost, bagged",leave-one-yarn-out,20,501,8.9208,1.05271
"S-N + XGBoost, bagged",leave-one-yarn-out,20,502,10.5668,1.69666
"S-N + XGBoost, bagged",leave-one-yarn-out,20,503,6.8312,0.55863
"S-N + XGBoost, bagged",leave-one-yarn-out,20,504,5.9537,0.38945
"S-N + XGBoost, bagged",leave-one-yarn-out,20,505,6.1574,0.53056
"S-N + XGBoost, bagged",leave-one-yarn-out,20,506,7.1449,0.62754
"S-N + XGBoost, bagged",leave-one-yarn-out,20,507,5.3894,0.75282
"S-N + XGBoost, bagged",leave-one-yarn-out,20,508,12.0893,1.53061
"S-N + XGBoost, bagged",leave-one-yarn-out,20,509,8.5173,0.53020
"S-N + XGBoost, bagged",leave-one-yarn-out,20,510,9.5987,0.39177
"S-N + XGBoost, bagged",leave-one-yarn-out,20,511,7.5282,0.54276
"S-N + XGBoost, bagged",leave-one-yarn-out,20,512,6.5711,0.38197
"S-N + XGBoost, bagged",leave-one-yarn-out,20,513,10.3468,0.46551
"S-N + XGBoost, bagged",leave-one-yarn-out,20,514,9.3632,0.58776
"S-N + XGBoost, bagged",leave-one-yarn-out,20,515,8.0851,0.32658
"S-N + XGBoost, bagged",leave-one-yarn-out,20,516,7.1784,0.41246
"S-N + XGBoost, bagged",leave-one-yarn-out,20,517,7.6857,0.53185
"S-N + XGBoost, bagged",leave-one-yarn-out,20,518,6.8115,0.38872
"S-N + XGBoost, bagged",leave-one-yarn-out,20,519,7.7910,0.28488
"S-N + XGBoost, bagged",leave-one-yarn-out,20,520,13.8808,0.45565
"S-N + XGBoost, bagged",leave-one-yarn-out,20,521,9.9987,0.40638
"S-N + XGBoost, bagged",leave-one-yarn-out,20,522,10.4697,0.63434
"S-N + XGBoost, bagged",leave-one-yarn-out,20,523,6.6672,0.83249
"S-N + XGBoost, bagged",leave-one-yarn-out,20,524,8.0115,0.84218
"S-N + XGBoost, bagged",leave-one-yarn-out,20,545,8.3898,0.73206
"S-N + XGBoost, bagged",leave-one-yarn-out,20,570,7.3192,0.68189
"S-N + XGBoost, bagged",leave-one-yarn-out,20,595,6.6305,0.55543
"S-N + XGBoost, bagged",leave-one-yarn-out,20,620,7.0446,0.53946
"S-N + XGBoost, bagged",leave-one-yarn-out,21,21,1.6817,0.88673
"S-N + XGBoost, bagged",leave-one-yarn-out,21,46,0.8821,1.03043
"S-N + XGBoost, bagged",leave-one-yarn-out,21,71,1.0819,1.21293
"S-N + XGBoost, bagged",leave-one-yarn-out,21,96,1.3494,0.82921
"S-N + XGBoost, bagged",leave-one-yarn-out,21,121,2.2209,0.96554
"S-N + XGBoost, bagged",leave-one-yarn-out,21,146,3.3801,1.11054
"S-N + XGBoost, bagged",leave-one-yarn-out,21,171,2.5681,1.15940
"S-N + XGBoost, bagged",leave-one-yarn-out,21,196,2.6110,0.96993
"S-N + XGBoost, bagged",leave-one-yarn-out,21,221,1.1040,1.32109
"S-N + XGBoost, bagged",leave-one-yarn-out,21,246,1.8375,1.12802
"S-N + XGBoost, bagged",leave-one-yarn-out,21,271,1.0644,0.80349
"S-N + XGBoost, bagged",leave-one-yarn-out,21,296,0.9395,0.70278
"S-N + XGBoost, bagged",leave-one-yarn-out,21,321,1.3429,0.75973
"S-N + XGBoost, bagged",leave-one-yarn-out,21,346,1.3766,0.86932
"S-N + XGBoost, bagged",leave-one-yarn-out,21,371,2.1416,0.83181
"S-N + XGBoost, bagged",leave-one-yarn-out,21,396,2.1761,0.97201
"S-N + XGBoost, bagged",leave-one-yarn-out,21,421,1.5758,0.87127
"S-N + XGBoost, bagged",leave-one-yarn-out,21,446,1.8649,1.19477
"S-N + XGBoost, bagged",leave-one-yarn-out,21,471,2.2117,0.77764
"S-N + XGBoost, bagged",leave-one-yarn-out,21,496,2.7616,0.83957
"S-N + XGBoost, bagged",leave-one-yarn-out,21,521,1.3921,1.07632
"S-N + XGBoost, bagged",leave-one-yarn-out,21,525,2.1860,1.05395
"S-N + XGBoost, bagged",leave-one-yarn-out,21,526,0.7328,1.61945
"S-N + XGBoost, bagged",leave-one-yarn-out,21,527,5.9087,1.47072
"S-N + XGBoost, bagged",leave-one-yarn-out,21,528,1.6906,1.04861
"S-N + XGBoost, bagged",leave-one-yarn-out,21,529,1.0093,0.94184
"S-N + XGBoost, bagged",leave-one-yarn-out,21,530,4.0861,0.70096
"S-N + XGBoost, bagged",leave-one-yarn-out,21,531,1.9693,0.83965
"S-N + XGBoost, bagged",leave-one-yarn-out,21,532,6.4213,0.83928
"S-N + XGBoost, bagged",leave-one-yarn-out,21,533,5.8376,1.63330
"S-N + XGBoost, bagged",leave-one-yarn-out,21,534,1.0663,0.89624
"S-N + XGBoost, bagged",leave-one-yarn-out,21,535,1.5502,0.70129
"S-N + XGBoost, bagged",leave-one-yarn-out,21,536,1.0344,1.15589
"S-N + XGBoost, bagged",leave-one-yarn-out,21,537,2.1075,0.65259
"S-N + XGBoost, bagged",leave-one-yarn-out,21,538,0.9755,0.83204
"S-N + XGBoost, bagged",leave-one-yarn-out,21,539,2.5572,0.91243
"S-N + XGBoost, bagged",leave-one-yarn-out,21,540,1.4306,0.67381
"S-N + XGBoost, bagged",leave-one-yarn-out,21,541,3.3771,0.80483
"S-N + XGBoost, bagged",leave-one-yarn-out,21,542,1.3006,0.96192
"S-N + XGBoost, bagged",leave-one-yarn-out,21,543,1.0582,0.82644
"S-N + XGBoost, bagged",leave-one-yarn-out,21,544,1.2085,0.65412
"S-N + XGBoost, bagged",leave-one-yarn-out,21,545,1.4668,0.93476
"S-N + XGBoost, bagged",leave-one-yarn-out,21,546,1.9939,0.96377
"S-N + XGBoost, bagged",leave-one-yarn-out,21,547,2.9861,0.77310
"S-N + XGBoost, bagged",leave-one-yarn-out,21,548,0.9696,0.88730
"S-N + XGBoost, bagged",leave-one-yarn-out,21,549,1.5478,1.07303
"S-N + XGBoost, bagged",leave-one-yarn-out,21,571,1.2269,1.00828
"S-N + XGBoost, bagged",leave-one-yarn-out,21,596,1.3628,0.78654
"S-N + XGBoost, bagged",leave-one-yarn-out,21,621,1.0557,1.14773
"S-N + XGBoost, bagged",leave-one-yarn-out,22,22,4.9687,1.42252
"S-N + XGBoost, bagged",leave-one-yarn-out,22,47,1.1912,1.25710
"S-N + XGBoost, bagged",leave-one-yarn-out,22,72,1.7742,1.20266
"S-N + XGBoost, bagged",leave-one-yarn-out,22,97,0.9294,0.94590
"S-N + XGBoost, bagged",leave-one-yarn-out,22,122,1.4470,0.90601
"S-N + XGBoost, bagged",leave-one-yarn-out,22,147,1.8012,0.82843
"S-N + XGBoost, bagged",leave-one-yarn-out,22,172,3.3014,0.93119
"S-N + XGBoost, bagged",leave-one-yarn-out,22,197,2.1836,0.77877
"S-N + XGBoost, bagged",leave-one-yarn-out,22,222,1.0499,0.99907
"S-N + XGBoost, bagged",leave-one-yarn-out,22,247,1.2401,0.98207
"S-N + XGBoost, bagged",leave-one-yarn-out,22,272,3.1407,0.77614
"S-N + XGBoost, bagged",leave-one-yarn-out,22,297,0.9606,1.13627
"S-N + XGBoost, bagged",leave-one-yarn-out,22,322,2.1447,0.92380
"S-N + XGBoost, bagged",leave-one-yarn-out,22,347,1.8130,0.72448
"S-N + XGBoost, bagged",leave-one-yarn-out,22,372,3.1466,0.91590
"S-N + XGBoost, bagged",leave-one-yarn-out,22,397,3.9252,0.79863
"S-N + XGBoost, bagged",leave-one-yarn-out,22,422,2.6549,0.77750
"S-N + XGBoost, bagged",leave-one-yarn-out,22,447,2.8460,1.23794
"S-N + XGBoost, bagged",leave-one-yarn-out,22,472,0.7222,1.00488
"S-N + XGBoost, bagged",leave-one-yarn-out,22,497,4.5753,0.95284
"S-N + XGBoost, bagged",leave-one-yarn-out,22,522,1.8391,1.02555
"S-N + XGBoost, bagged",leave-one-yarn-out,22,547,1.6432,0.99233
"S-N + XGBoost, bagged",leave-one-yarn-out,22,550,5.4779,1.21253
"S-N + XGBoost, bagged",leave-one-yarn-out,22,551,3.6112,2.35114
"S-N + XGBoost, bagged",leave-one-yarn-out,22,552,8.4518,2.25750
"S-N + XGBoost, bagged",leave-one-yarn-out,22,553,3.7679,1.22055
"S-N + XGBoost, bagged",leave-one-yarn-out,22,554,2.9075,1.10133
"S-N + XGBoost, bagged",leave-one-yarn-out,22,555,4.3313,1.12427
"S-N + XGBoost, bagged",leave-one-yarn-out,22,556,4.6991,1.13546
"S-N + XGBoost, bagged",leave-one-yarn-out,22,557,8.7801,1.15271
"S-N + XGBoost, bagged",leave-one-yarn-out,22,558,5.7585,2.28106
"S-N + XGBoost, bagged",leave-one-yarn-out,22,559,2.4601,1.33734
"S-N + XGBoost, bagged",leave-one-yarn-out,22,560,3.0387,1.05486
"S-N + XGBoost, bagged",leave-one-yarn-out,22,561,2.9276,1.45626
"S-N + XGBoost, bagged",leave-one-yarn-out,22,562,3.0858,1.10651
"S-N + XGBoost, bagged",leave-one-yarn-out,22,563,2.0853,1.12478
"S-N + XGBoost, bagged",leave-one-yarn-out,22,564,3.1076,0.96817
"S-N + XGBoost, bagged",leave-one-yarn-out,22,565,4.2869,1.07311
"S-N + XGBoost, bagged",leave-one-yarn-out,22,566,6.3317,1.08601
"S-N + XGBoost, bagged",leave-one-yarn-out,22,567,3.2742,1.02836
"S-N + XGBoost, bagged",leave-one-yarn-out,22,568,3.3005,1.12286
"S-N + XGBoost, bagged",leave-one-yarn-out,22,569,4.7907,1.06081
"S-N + XGBoost, bagged",leave-one-yarn-out,22,570,2.7615,1.21458
"S-N + XGBoost, bagged",leave-one-yarn-out,22,571,2.2168,1.26863
"S-N + XGBoost, bagged",leave-one-yarn-out,22,572,1.6085,1.04885
"S-N + XGBoost, bagged",leave-one-yarn-out,22,573,2.4857,1.32607
"S-N + XGBoost, bagged",leave-one-yarn-out,22,574,3.4257,1.56757
"S-N + XGBoost, bagged",leave-one-yarn-out,22,597,1.4898,0.99823
"S-N + XGBoost, bagged",leave-one-yarn-out,22,622,1.1020,0.95800
"S-N + XGBoost, bagged",leave-one-yarn-out,23,23,0.7369,0.73428
"S-N + XGBoost, bagged",leave-one-yarn-out,23,48,0.8090,1.03439
"S-N + XGBoost, bagged",leave-one-yarn-out,23,73,1.0093,0.83313
"S-N + XGBoost, bagged",leave-one-yarn-out,23,98,1.6804,0.58713
"S-N + XGBoost, bagged",leave-one-yarn-out,23,123,1.8606,0.46474
"S-N + XGBoost, bagged",leave-one-yarn-out,23,148,5.5851,0.56857
"S-N + XGBoost, bagged",leave-one-yarn-out,23,173,5.9083,0.88444
"S-N + XGBoost, bagged",leave-one-yarn-out,23,198,5.5898,0.58607
"S-N + XGBoost, bagged",leave-one-yarn-out,23,223,6.4015,0.90713
"S-N + XGBoost, bagged",leave-one-yarn-out,23,248,7.3754,0.88639
"S-N + XGBoost, bagged",leave-one-yarn-out,23,273,1.2024,0.44735
"S-N + XGBoost, bagged",leave-one-yarn-out,23,298,1.3538,0.60150
"S-N + XGBoost, bagged",leave-one-yarn-out,23,323,1.3968,0.47821
"S-N + XGBoost, bagged",leave-one-yarn-out,23,348,1.3208,0.56121
"S-N + XGBoost, bagged",leave-one-yarn-out,23,373,0.5995,0.54653
"S-N + XGBoost, bagged",leave-one-yarn-out,23,398,2.9392,0.53286
"S-N + XGBoost, bagged",leave-one-yarn-out,23,423,1.8981,0.53746
"S-N + XGBoost, bagged",leave-one-yarn-out,23,448,1.7545,0.86461
"S-N + XGBoost, bagged",leave-one-yarn-out,23,473,2.4198,0.42316
"S-N + XGBoost, bagged",leave-one-yarn-out,23,498,2.1399,0.46943
"S-N + XGBoost, bagged",leave-one-yarn-out,23,523,1.0078,1.05173
"S-N + XGBoost, bagged",leave-one-yarn-out,23,548,2.4361,0.69550
"S-N + XGBoost, bagged",leave-one-yarn-out,23,573,1.7675,0.62541
"S-N + XGBoost, bagged",leave-one-yarn-out,23,575,1.4433,0.71482
"S-N + XGBoost, bagged",leave-one-yarn-out,23,576,2.0808,1.35069
"S-N + XGBoost, bagged",leave-one-yarn-out,23,577,8.6467,1.33267
"S-N + XGBoost, bagged",leave-one-yarn-out,23,578,2.2187,0.82184
"S-N + XGBoost, bagged",leave-one-yarn-out,23,579,2.0410,0.51296
"S-N + XGBoost, bagged",leave-one-yarn-out,23,580,3.3599,0.49352
"S-N + XGBoost, bagged",leave-one-yarn-out,23,581,3.4493,0.80729
"S-N + XGBoost, bagged",leave-one-yarn-out,23,582,4.2309,0.64997
"S-N + XGBoost, bagged",leave-one-yarn-out,23,583,8.2991,0.90846
"S-N + XGBoost, bagged",leave-one-yarn-out,23,584,4.0050,0.83057
"S-N + XGBoost, bagged",leave-one-yarn-out,23,585,3.3575,0.56845
"S-N + XGBoost, bagged",leave-one-yarn-out,23,586,1.4505,0.53115
"S-N + XGBoost, bagged",leave-one-yarn-out,23,587,1.0389,0.40348
"S-N + XGBoost, bagged",leave-one-yarn-out,23,588,3.8148,0.73826
"S-N + XGBoost, bagged",leave-one-yarn-out,23,589,4.4327,0.71808
"S-N + XGBoost, bagged",leave-one-yarn-out,23,590,2.2013,0.53760
"S-N + XGBoost, bagged",leave-one-yarn-out,23,591,1.6258,0.67640
"S-N + XGBoost, bagged",leave-one-yarn-out,23,592,1.5627,0.80804
"S-N + XGBoost, bagged",leave-one-yarn-out,23,593,1.6332,0.48966
"S-N + XGBoost, bagged",leave-one-yarn-out,23,594,2.6352,0.49886
"S-N + XGBoost, bagged",leave-one-yarn-out,23,595,1.5957,0.86862
"S-N + XGBoost, bagged",leave-one-yarn-out,23,596,3.0763,0.74110
"S-N + XGBoost, bagged",leave-one-yarn-out,23,597,3.9990,0.62488
"S-N + XGBoost, bagged",leave-one-yarn-out,23,598,1.9391,0.66888
"S-N + XGBoost, bagged",leave-one-yarn-out,23,599,0.9107,0.91494
"S-N + XGBoost, bagged",leave-one-yarn-out,23,623,1.2849,0.86718
"S-N + XGBoost, bagged",leave-one-yarn-out,24,24,1.5275,1.02175
"S-N + XGBoost, bagged",leave-one-yarn-out,24,49,0.2058,1.09053
"S-N + XGBoost, bagged",leave-one-yarn-out,24,74,0.7882,0.93548
"S-N + XGBoost, bagged",leave-one-yarn-out,24,99,0.8142,1.32757
"S-N + XGBoost, bagged",leave-one-yarn-out,24,124,1.3474,1.33753
"S-N + XGBoost, bagged",leave-one-yarn-out,24,149,4.9299,0.74556
"S-N + XGBoost, bagged",leave-one-yarn-out,24,174,5.9442,0.85422
"S-N + XGBoost, bagged",leave-one-yarn-out,24,199,5.4463,0.78208
"S-N + XGBoost, bagged",leave-one-yarn-out,24,224,6.9092,1.08290
"S-N + XGBoost, bagged",leave-one-yarn-out,24,249,6.7697,1.20119
"S-N + XGBoost, bagged",leave-one-yarn-out,24,274,1.1264,0.92098
"S-N + XGBoost, bagged",leave-one-yarn-out,24,299,0.8617,0.89541
"S-N + XGBoost, bagged",leave-one-yarn-out,24,324,1.7179,0.77716
"S-N + XGBoost, bagged",leave-one-yarn-out,24,349,1.1890,0.99569
"S-N + XGBoost, bagged",leave-one-yarn-out,24,374,1.2877,1.01035
"S-N + XGBoost, bagged",leave-one-yarn-out,24,399,2.9877,1.15296
"S-N + XGBoost, bagged",leave-one-yarn-out,24,424,2.6358,1.14787
"S-N + XGBoost, bagged",leave-one-yarn-out,24,449,1.6096,1.16333
"S-N + XGBoost, bagged",leave-one-yarn-out,24,474,1.5664,1.14779
"S-N + XGBoost, bagged",leave-one-yarn-out,24,499,2.3173,1.03857
"S-N + XGBoost, bagged",leave-one-yarn-out,24,524,1.7980,2.76845
"S-N + XGBoost, bagged",leave-one-yarn-out,24,549,1.0390,1.81754
"S-N + XGBoost, bagged",leave-one-yarn-out,24,574,0.4939,2.03738
"S-N + XGBoost, bagged",leave-one-yarn-out,24,599,0.9410,1.59666
"S-N + XGBoost, bagged",leave-one-yarn-out,24,600,2.2049,0.93422
"S-N + XGBoost, bagged",leave-one-yarn-out,24,601,3.0218,1.08191
"S-N + XGBoost, bagged",leave-one-yarn-out,24,602,8.9449,1.19527
"S-N + XGBoost, bagged",leave-one-yarn-out,24,603,2.1636,0.68159
"S-N + XGBoost, bagged",leave-one-yarn-out,24,604,1.8018,0.58681
"S-N + XGBoost, bagged",leave-one-yarn-out,24,605,3.7102,0.59605
"S-N + XGBoost, bagged",leave-one-yarn-out,24,606,2.2487,0.95131
"S-N + XGBoost, bagged",leave-one-yarn-out,24,607,3.8153,0.81808
"S-N + XGBoost, bagged",leave-one-yarn-out,24,608,6.7717,0.80287
"S-N + XGBoost, bagged",leave-one-yarn-out,24,609,4.9898,0.56748
"S-N + XGBoost, bagged",leave-one-yarn-out,24,610,2.1224,0.79877
"S-N + XGBoost, bagged",leave-one-yarn-out,24,611,0.6304,0.58963
"S-N + XGBoost, bagged",leave-one-yarn-out,24,612,1.1579,0.63192
"S-N + XGBoost, bagged",leave-one-yarn-out,24,613,5.3219,0.86104
"S-N + XGBoost, bagged",leave-one-yarn-out,24,614,5.2206,0.85622
"S-N + XGBoost, bagged",leave-one-yarn-out,24,615,2.7121,0.67509
"S-N + XGBoost, bagged",leave-one-yarn-out,24,616,1.1459,0.50714
"S-N + XGBoost, bagged",leave-one-yarn-out,24,617,1.6649,0.85518
"S-N + XGBoost, bagged",leave-one-yarn-out,24,618,1.1645,0.45838
"S-N + XGBoost, bagged",leave-one-yarn-out,24,619,2.6790,0.59769
"S-N + XGBoost, bagged",leave-one-yarn-out,24,620,1.3131,0.88404
"S-N + XGBoost, bagged",leave-one-yarn-out,24,621,2.8780,0.66985
"S-N + XGBoost, bagged",leave-one-yarn-out,24,622,3.4546,0.47036
"S-N + XGBoost, bagged",leave-one-yarn-out,24,623,0.6572,0.94841
"S-N + XGBoost, bagged",leave-one-yarn-out,24,624,1.0481,0.86066
S-N + GP,leave-one-yarn-out,0,0,3.1391,5.65117
S-N + GP,leave-one-yarn-out,0,1,1.5428,4.94364
S-N + GP,leave-one-yarn-out,0,2,2.7459,4.80848
S-N + GP,leave-one-yarn-out,0,3,3.4454,4.73748
S-N + GP,leave-one-yarn-out,0,4,3.3366,4.70718
S-N + GP,leave-one-yarn-out,0,5,5.4613,4.64441
S-N + GP,leave-one-yarn-out,0,6,3.2994,4.73866
S-N + GP,leave-one-yarn-out,0,7,4.9632,4.62351
S-N + GP,leave-one-yarn-out,0,8,2.6377,4.64429
S-N + GP,leave-one-yarn-out,0,9,3.2205,4.82261
S-N + GP,leave-one-yarn-out,0,10,6.1613,4.63453
S-N + GP,leave-one-yarn-out,0,11,4.3968,4.74606
S-N + GP,leave-one-yarn-out,0,12,6.2537,4.58022
S-N + GP,leave-one-yarn-out,0,13,5.1807,4.73987
S-N + GP,leave-one-yarn-out,0,14,7.7373,4.60974
S-N + GP,leave-one-yarn-out,0,15,5.0299,4.60274
S-N + GP,leave-one-yarn-out,0,16,5.7798,4.55794
S-N + GP,leave-one-yarn-out,0,17,6.1525,4.60086
S-N + GP,leave-one-yarn-out,0,18,4.8732,4.67660
S-N + GP,leave-one-yarn-out,0,19,7.5649,4.61720
S-N + GP,leave-one-yarn-out,0,20,5.5296,4.55817
S-N + GP,leave-one-yarn-out,0,21,4.4625,4.61308
S-N + GP,leave-one-yarn-out,0,22,5.3210,4.57375
S-N + GP,leave-one-yarn-out,0,23,3.1311,4.62912
S-N + GP,leave-one-yarn-out,0,24,2.4117,4.76594
S-N + GP,leave-one-yarn-out,0,25,1.1198,5.27639
S-N + GP,leave-one-yarn-out,0,50,1.4310,5.26762
S-N + GP,leave-one-yarn-out,0,75,2.2446,5.19262
S-N + GP,leave-one-yarn-out,0,100,2.1307,5.21813
S-N + GP,leave-one-yarn-out,0,125,3.5567,5.17978
S-N + GP,leave-one-yarn-out,0,150,3.9326,5.25976
S-N + GP,leave-one-yarn-out,0,175,3.9570,5.07503
S-N + GP,leave-one-yarn-out,0,200,2.7765,5.26129
S-N + GP,leave-one-yarn-out,0,225,2.3669,5.26912
S-N + GP,leave-one-yarn-out,0,250,3.3056,5.12127
S-N + GP,leave-one-yarn-out,0,275,3.5532,5.21242
S-N + GP,leave-one-yarn-out,0,300,4.2630,5.07671
S-N + GP,leave-one-yarn-out,0,325,2.7099,5.26093
S-N + GP,leave-one-yarn-out,0,350,6.4894,5.00288
S-N + GP,leave-one-yarn-out,0,375,2.4262,4.97954
S-N + GP,leave-one-yarn-out,0,400,1.1770,5.11445
S-N + GP,leave-one-yarn-out,0,425,3.1367,5.01532
S-N + GP,leave-one-yarn-out,0,450,3.4019,5.10996
S-N + GP,leave-one-yarn-out,0,475,3.9781,5.01192
S-N + GP,leave-one-yarn-out,0,500,4.3845,5.14528
S-N + GP,leave-one-yarn-out,0,525,3.1798,5.15871
S-N + GP,leave-one-yarn-out,0,550,4.1007,5.06475
S-N + GP,leave-one-yarn-out,0,575,3.3200,5.06986
S-N + GP,leave-one-yarn-out,0,600,2.9006,5.13788
S-N + GP,leave-one-yarn-out,1,1,1.6084,4.34005
S-N + GP,leave-one-yarn-out,1,25,2.7633,6.42114
S-N + GP,leave-one-yarn-out,1,26,2.9128,6.44304
S-N + GP,leave-one-yarn-out,1,27,1.2876,6.41422
S-N + GP,leave-one-yarn-out,1,28,1.9165,6.39857
S-N + GP,leave-one-yarn-out,1,29,2.9109,6.39755
S-N + GP,leave-one-yarn-out,1,30,4.9794,6.39308
S-N + GP,leave-one-yarn-out,1,31,10.7674,6.40212
S-N + GP,leave-one-yarn-out,1,32,7.2325,6.39062
S-N + GP,leave-one-yarn-out,1,33,2.1080,6.39310
S-N + GP,leave-one-yarn-out,1,34,3.2714,6.40678
S-N + GP,leave-one-yarn-out,1,35,6.6370,6.39034
S-N + GP,leave-one-yarn-out,1,36,2.7001,6.39930
S-N + GP,leave-one-yarn-out,1,37,3.7015,6.38756
S-N + GP,leave-one-yarn-out,1,38,5.1501,6.39888
S-N + GP,leave-one-yarn-out,1,39,6.9574,6.38865
S-N + GP,leave-one-yarn-out,1,40,5.1475,6.38804
S-N + GP,leave-one-yarn-out,1,41,3.9518,6.38678
S-N + GP,leave-one-yarn-out,1,42,4.8761,6.38792
S-N + GP,leave-one-yarn-out,1,43,2.7691,6.39398
S-N + GP,leave-one-yarn-out,1,44,5.6071,6.38919
S-N + GP,leave-one-yarn-out,1,45,6.0918,6.38639
S-N + GP,leave-one-yarn-out,1,46,3.6158,6.38969
S-N + GP,leave-one-yarn-out,1,47,3.7684,6.38738
S-N + GP,leave-one-yarn-out,1,48,2.6823,6.38981
S-N + GP,leave-one-yarn-out,1,49,1.3213,6.39808
S-N + GP,leave-one-yarn-out,1,51,1.5039,4.51576
S-N + GP,leave-one-yarn-out,1,76,1.1894,4.40173
S-N + GP,leave-one-yarn-out,1,101,1.9677,4.43664
S-N + GP,leave-one-yarn-out,1,126,3.1413,4.39016
S-N + GP,leave-one-yarn-out,1,151,4.9175,4.49418
S-N + GP,leave-one-yarn-out,1,176,3.0032,4.24781
S-N + GP,leave-one-yarn-out,1,201,0.9143,4.49249
S-N + GP,leave-one-yarn-out,1,226,1.2916,4.50341
S-N + GP,leave-one-yarn-out,1,251,2.3611,4.30210
S-N + GP,leave-one-yarn-out,1,276,0.6977,4.43089
S-N + GP,leave-one-yarn-out,1,301,2.6108,4.25489
S-N + GP,leave-one-yarn-out,1,326,2.0686,4.49408
S-N + GP,leave-one-yarn-out,1,351,3.2514,4.14982
S-N + GP,leave-one-yarn-out,1,376,2.6031,4.11588
S-N + GP,leave-one-yarn-out,1,401,4.0336,4.29776
S-N + GP,leave-one-yarn-out,1,426,3.6236,4.17493
S-N + GP,leave-one-yarn-out,1,451,2.7918,4.29646
S-N + GP,leave-one-yarn-out,1,476,2.2691,4.11734
S-N + GP,leave-one-yarn-out,1,501,4.4671,4.34484
S-N + GP,leave-one-yarn-out,1,526,3.5079,4.35613
S-N + GP,leave-one-yarn-out,1,551,2.7274,4.20505
S-N + GP,leave-one-yarn-out,1,576,1.8305,4.24717
S-N + GP,leave-one-yarn-out,1,601,1.2388,4.34158
S-N + GP,leave-one-yarn-out,2,2,1.8822,3.71006
S-N + GP,leave-one-yarn-out,2,27,0.6037,3.82320
S-N + GP,leave-one-yarn-out,2,50,1.1452,6.21813
S-N + GP,leave-one-yarn-out,2,51,1.8177,6.22048
S-N + GP,leave-one-yarn-out,2,52,1.3140,6.20617
S-N + GP,leave-one-yarn-out,2,53,2.9295,6.17694
S-N + GP,leave-one-yarn-out,2,54,3.3445,6.17565
S-N + GP,leave-one-yarn-out,2,55,3.5588,6.16594
S-N + GP,leave-one-yarn-out,2,56,6.7454,6.18352
S-N + GP,leave-one-yarn-out,2,57,2.9320,6.16088
S-N + GP,leave-one-yarn-out,2,58,1.0948,6.16955
S-N + GP,leave-one-yarn-out,2,59,1.2426,6.18995
S-N + GP,leave-one-yarn-out,2,60,4.0825,6.16146
S-N + GP,leave-one-yarn-out,2,61,0.7741,6.18059
S-N + GP,leave-one-yarn-out,2,62,2.3189,6.15629
S-N + GP,leave-one-yarn-out,2,63,4.2899,6.17857
S-N + GP,leave-one-yarn-out,2,64,3.8343,6.15743
S-N + GP,leave-one-yarn-out,2,65,2.6912,6.15657
S-N + GP,leave-one-yarn-out,2,66,1.8614,6.15488
S-N + GP,leave-one-yarn-out,2,67,2.7057,6.15636
S-N + GP,leave-one-yarn-out,2,68,1.4677,6.16829
S-N + GP,leave-one-yarn-out,2,69,3.3422,6.15952
S-N + GP,leave-one-yarn-out,2,70,8.3907,6.15461
S-N + GP,leave-one-yarn-out,2,71,1.4722,6.15935
S-N + GP,leave-one-yarn-out,2,72,0.9501,6.15545
S-N + GP,leave-one-yarn-out,2,73,1.4241,6.16153
S-N + GP,leave-one-yarn-out,2,74,1.2316,6.17893
S-N + GP,leave-one-yarn-out,2,77,1.3703,3.74475
S-N + GP,leave-one-yarn-out,2,102,1.1781,3.76405
S-N + GP,leave-one-yarn-out,2,127,0.3737,3.72424
S-N + GP,leave-one-yarn-out,2,152,0.6547,3.80249
S-N + GP,leave-one-yarn-out,2,177,0.7732,3.62169
S-N + GP,leave-one-yarn-out,2,202,0.2934,3.81096
S-N + GP,leave-one-yarn-out,2,227,0.6085,3.80895
S-N + GP,leave-one-yarn-out,2,252,2.0657,3.67236
S-N + GP,leave-one-yarn-out,2,277,1.2874,3.76122
S-N + GP,leave-one-yarn-out,2,302,2.0820,3.63139
S-N + GP,leave-one-yarn-out,2,327,1.0148,3.80119
S-N + GP,leave-one-yarn-out,2,352,1.6883,3.55685
S-N + GP,leave-one-yarn-out,2,377,0.4519,3.52709
S-N + GP,leave-one-yarn-out,2,402,1.0838,3.65384
S-N + GP,leave-one-yarn-out,2,427,1.8439,3.58214
S-N + GP,leave-one-yarn-out,2,452,0.8520,3.66647
S-N + GP,leave-one-yarn-out,2,477,0.8158,3.53244
S-N + GP,leave-one-yarn-out,2,502,10.4436,3.70236
S-N + GP,leave-one-yarn-out,2,527,8.7958,3.70385
S-N + GP,leave-one-yarn-out,2,552,10.0012,3.58436
S-N + GP,leave-one-yarn-out,2,577,10.2672,3.62647
S-N + GP,leave-one-yarn-out,2,602,10.0550,3.69201
S-N + GP,leave-one-yarn-out,3,3,2.2498,4.71109
S-N + GP,leave-one-yarn-out,3,28,1.4497,4.77401
S-N + GP,leave-one-yarn-out,3,53,2.2212,4.77206
S-N + GP,leave-one-yarn-out,3,75,1.3749,5.02271
S-N + GP,leave-one-yarn-out,3,76,0.7121,5.00855
S-N + GP,leave-one-yarn-out,3,77,1.2105,4.97202
S-N + GP,leave-one-yarn-out,3,78,1.2052,5.43607
S-N + GP,leave-one-yarn-out,3,79,1.3642,4.92603
S-N + GP,leave-one-yarn-out,3,80,1.4257,4.86215
S-N + GP,leave-one-yarn-out,3,81,1.7196,4.95324
S-N + GP,leave-one-yarn-out,3,82,1.4667,4.81127
S-N + GP,leave-one-yarn-out,3,83,0.3640,4.94163
S-N + GP,leave-one-yarn-out,3,84,1.2788,4.99962
S-N + GP,leave-one-yarn-out,3,85,1.6039,4.88611
S-N + GP,leave-one-yarn-out,3,86,0.4735,4.96158
S-N + GP,leave-one-yarn-out,3,87,0.7681,4.87255
S-N + GP,leave-one-yarn-out,3,88,1.9257,4.95258
S-N + GP,leave-one-yarn-out,3,89,1.5941,4.79594
S-N + GP,leave-one-yarn-out,3,90,1.6218,4.80623
S-N + GP,leave-one-yarn-out,3,91,0.7446,4.83277
S-N + GP,leave-one-yarn-out,3,92,1.0446,4.81368
S-N + GP,leave-one-yarn-out,3,93,0.6824,4.89841
S-N + GP,leave-one-yarn-out,3,94,1.7071,4.90414
S-N + GP,leave-one-yarn-out,3,95,5.1234,4.88646
S-N + GP,leave-one-yarn-out,3,96,2.0111,4.85793
S-N + GP,leave-one-yarn-out,3,97,1.6586,4.83650
S-N + GP,leave-one-yarn-out,3,98,0.8445,4.95056
S-N + GP,leave-one-yarn-out,3,99,1.0519,4.98578
S-N + GP,leave-one-yarn-out,3,103,1.1723,4.77593
S-N + GP,leave-one-yarn-out,3,128,1.2568,4.70265
S-N + GP,leave-one-yarn-out,3,153,1.6344,4.76592
S-N + GP,leave-one-yarn-out,3,178,1.2335,4.63656
S-N + GP,leave-one-yarn-out,3,203,0.8083,4.77411
S-N + GP,leave-one-yarn-out,3,228,3.1873,4.77365
S-N + GP,leave-one-yarn-out,3,253,1.5845,4.66507
S-N + GP,leave-one-yarn-out,3,278,0.7951,4.73375
S-N + GP,leave-one-yarn-out,3,303,1.7487,4.65121
S-N + GP,leave-one-yarn-out,3,328,1.7413,4.76513
S-N + GP,leave-one-yarn-out,3,353,1.0970,4.60036
S-N + GP,leave-one-yarn-out,3,378,1.9025,4.56953
S-N + GP,leave-one-yarn-out,3,403,2.8787,4.64794
S-N + GP,leave-one-yarn-out,3,428,1.8113,4.61050
S-N + GP,leave-one-yarn-out,3,453,2.0064,4.68976
S-N + GP,leave-one-yarn-out,3,478,2.2511,4.58118
S-N + GP,leave-one-yarn-out,3,503,1.8320,4.69527
S-N + GP,leave-one-yarn-out,3,528,1.8902,4.69257
S-N + GP,leave-one-yarn-out,3,553,1.9037,4.61564
S-N + GP,leave-one-yarn-out,3,578,1.6033,4.64649
S-N + GP,leave-one-yarn-out,3,603,1.1838,4.68355
S-N + GP,leave-one-yarn-out,4,4,1.4159,3.84905
S-N + GP,leave-one-yarn-out,4,29,1.0079,3.92124
S-N + GP,leave-one-yarn-out,4,54,1.0685,3.91726
S-N + GP,leave-one-yarn-out,4,79,0.7392,3.91198
S-N + GP,leave-one-yarn-out,4,100,1.3792,5.67098
S-N + GP,leave-one-yarn-out,4,101,3.2621,5.64543
S-N + GP,leave-one-yarn-out,4,102,2.6756,5.55700
S-N + GP,leave-one-yarn-out,4,103,2.1128,5.52747
S-N + GP,leave-one-yarn-out,4,104,1.5868,5.53857
S-N + GP,leave-one-yarn-out,4,105,0.9502,5.48077
S-N + GP,leave-one-yarn-out,4,106,2.6121,5.52589
S-N + GP,leave-one-yarn-out,4,107,0.8793,5.45335
S-N + GP,leave-one-yarn-out,4,108,2.5094,5.45112
S-N + GP,leave-one-yarn-out,4,109,4.0122,5.56231
S-N + GP,leave-one-yarn-out,4,110,1.2706,5.43997
S-N + GP,leave-one-yarn-out,4,111,0.7299,5.52638
S-N + GP,leave-one-yarn-out,4,112,0.9713,5.41911
S-N + GP,leave-one-yarn-out,4,113,4.9096,5.51554
S-N + GP,leave-one-yarn-out,4,114,0.4791,5.43175
S-N + GP,leave-one-yarn-out,4,115,0.7856,5.42223
S-N + GP,leave-one-yarn-out,4,116,1.0956,5.40564
S-N + GP,leave-one-yarn-out,4,117,3.1252,5.42425
S-N + GP,leave-one-yarn-out,4,118,1.1917,5.48485
S-N + GP,leave-one-yarn-out,4,119,0.8868,5.42195
S-N + GP,leave-one-yarn-out,4,120,6.4415,5.40486
S-N + GP,leave-one-yarn-out,4,121,2.5197,5.43585
S-N + GP,leave-one-yarn-out,4,122,0.9920,5.41372
S-N + GP,leave-one-yarn-out,4,123,2.6954,5.42677
S-N + GP,leave-one-yarn-out,4,124,0.8151,5.49784
S-N + GP,leave-one-yarn-out,4,129,0.8505,3.87015
S-N + GP,leave-one-yarn-out,4,154,1.2350,3.91340
S-N + GP,leave-one-yarn-out,4,179,0.7952,3.80225
S-N + GP,leave-one-yarn-out,4,204,0.3345,3.91472
S-N + GP,leave-one-yarn-out,4,229,2.3758,3.91793
S-N + GP,leave-one-yarn-out,4,254,0.6090,3.83099
S-N + GP,leave-one-yarn-out,4,279,0.5804,3.88845
S-N + GP,leave-one-yarn-out,4,304,0.8252,3.80581
S-N + GP,leave-one-yarn-out,4,329,0.9479,3.91350
S-N + GP,leave-one-yarn-out,4,354,1.1013,3.75594
S-N + GP,leave-one-yarn-out,4,379,0.7029,3.73573
S-N + GP,leave-one-yarn-out,4,404,1.1304,3.82265
S-N + GP,leave-one-yarn-out,4,429,0.5542,3.77335
S-N + GP,leave-one-yarn-out,4,454,0.8490,3.83032
S-N + GP,leave-one-yarn-out,4,479,0.7029,3.73814
S-N + GP,leave-one-yarn-out,4,504,0.7521,3.85200
S-N + GP,leave-one-yarn-out,4,529,1.2242,3.85339
S-N + GP,leave-one-yarn-out,4,554,0.5437,3.77728
S-N + GP,leave-one-yarn-out,4,579,0.7714,3.80161
S-N + GP,leave-one-yarn-out,4,604,0.9784,3.84613
S-N + GP,leave-one-yarn-out,5,5,0.9211,3.72542
S-N + GP,leave-one-yarn-out,5,30,0.1841,3.78160
S-N + GP,leave-one-yarn-out,5,55,0.5709,3.77824
S-N + GP,leave-one-yarn-out,5,80,0.6345,3.74714
S-N + GP,leave-one-yarn-out,5,105,0.5286,3.75966
S-N + GP,leave-one-yarn-out,5,125,2.7727,5.15060
S-N + GP,leave-one-yarn-out,5,126,3.7396,5.13378
S-N + GP,leave-one-yarn-out,5,127,2.3044,4.98535
S-N + GP,leave-one-yarn-out,5,128,1.9339,4.88795
S-N + GP,leave-one-yarn-out,5,129,1.7176,4.89140
S-N + GP,leave-one-yarn-out,5,130,1.4508,4.84672
S-N + GP,leave-one-yarn-out,5,131,1.8871,4.92099
S-N + GP,leave-one-yarn-out,5,132,1.6910,4.81132
S-N + GP,leave-one-yarn-out,5,133,2.3539,4.78814
S-N + GP,leave-one-yarn-out,5,134,2.9362,4.97540
S-N + GP,leave-one-yarn-out,5,135,1.9523,4.77104
S-N + GP,leave-one-yarn-out,5,136,2.4109,4.90379
S-N + GP,leave-one-yarn-out,5,137,2.0391,4.72094
S-N + GP,leave-one-yarn-out,5,138,2.4003,4.89368
S-N + GP,leave-one-yarn-out,5,139,2.3343,4.77056
S-N + GP,leave-one-yarn-out,5,140,1.7825,4.74552
S-N + GP,leave-one-yarn-out,5,141,2.4549,4.69738
S-N + GP,leave-one-yarn-out,5,142,2.6901,4.75020
S-N + GP,leave-one-yarn-out,5,143,2.2196,4.82526
S-N + GP,leave-one-yarn-out,5,144,1.9502,4.73341
S-N + GP,leave-one-yarn-out,5,145,3.1151,4.69426
S-N + GP,leave-one-yarn-out,5,146,2.4172,4.75849
S-N + GP,leave-one-yarn-out,5,147,2.8833,4.71579
S-N + GP,leave-one-yarn-out,5,148,4.8078,4.73114
S-N + GP,leave-one-yarn-out,5,149,6.6397,4.86307
S-N + GP,leave-one-yarn-out,5,155,0.4942,3.77627
S-N + GP,leave-one-yarn-out,5,180,0.2666,3.73546
S-N + GP,leave-one-yarn-out,5,205,1.7837,3.77574
S-N + GP,leave-one-yarn-out,5,230,2.5376,3.77870
S-N + GP,leave-one-yarn-out,5,255,1.6349,3.71585
S-N + GP,leave-one-yarn-out,5,280,0.4008,3.75763
S-N + GP,leave-one-yarn-out,5,305,0.9585,3.69159
S-N + GP,leave-one-yarn-out,5,330,3.9304,3.77598
S-N + GP,leave-one-yarn-out,5,355,1.1692,3.65899
S-N + GP,leave-one-yarn-out,5,380,0.3813,3.63832
S-N + GP,leave-one-yarn-out,5,405,1.0778,3.70933
S-N + GP,leave-one-yarn-out,5,430,0.5872,3.67187
S-N + GP,leave-one-yarn-out,5,455,0.5264,3.70943
S-N + GP,leave-one-yarn-out,5,480,0.3789,3.63811
S-N + GP,leave-one-yarn-out,5,505,0.7881,3.73010
S-N + GP,leave-one-yarn-out,5,530,3.2568,3.73125
S-N + GP,leave-one-yarn-out,5,555,2.5272,3.67042
S-N + GP,leave-one-yarn-out,5,580,1.7653,3.68859
S-N + GP,leave-one-yarn-out,5,605,1.8509,3.72532
S-N + GP,leave-one-yarn-out,6,6,2.8634,3.92991
S-N + GP,leave-one-yarn-out,6,31,4.1395,4.00737
S-N + GP,leave-one-yarn-out,6,56,3.4337,4.00211
S-N + GP,leave-one-yarn-out,6,81,2.1891,3.95784
S-N + GP,leave-one-yarn-out,6,106,2.4105,3.97347
S-N + GP,leave-one-yarn-out,6,131,1.3575,3.95133
S-N + GP,leave-one-yarn-out,6,150,2.9468,6.17697
S-N + GP,leave-one-yarn-out,6,151,9.1288,6.21639
S-N + GP,leave-one-yarn-out,6,152,7.1558,6.17008
S-N + GP,leave-one-yarn-out,6,153,4.7730,6.11948
S-N + GP,leave-one-yarn-out,6,154,4.4725,6.11865
S-N + GP,leave-one-yarn-out,6,155,4.4183,6.10382
S-N + GP,leave-one-yarn-out,6,156,4.6718,6.15159
S-N + GP,leave-one-yarn-out,6,157,4.2425,6.09533
S-N + GP,leave-one-yarn-out,6,158,5.3183,6.09317
S-N + GP,leave-one-yarn-out,6,159,4.6343,6.15962
S-N + GP,leave-one-yarn-out,6,160,4.0613,6.08433
S-N + GP,leave-one-yarn-out,6,161,4.6315,6.13444
S-N + GP,leave-one-yarn-out,6,162,3.8159,6.05622
S-N + GP,leave-one-yarn-out,6,163,4.1659,6.13398
S-N + GP,leave-one-yarn-out,6,164,3.6882,6.08103
S-N + GP,leave-one-yarn-out,6,165,4.3335,6.07230
S-N + GP,leave-one-yarn-out,6,166,4.5443,6.05307
S-N + GP,leave-one-yarn-out,6,167,5.3122,6.06919
S-N + GP,leave-one-yarn-out,6,168,4.6566,6.10102
S-N + GP,leave-one-yarn-out,6,169,4.5863,6.06897
S-N + GP,leave-one-yarn-out,6,170,9.0971,6.05197
S-N + GP,leave-one-yarn-out,6,171,4.7134,6.08103
S-N + GP,leave-one-yarn-out,6,172,4.4480,6.06182
S-N + GP,leave-one-yarn-out,6,173,8.2941,6.05795
S-N + GP,leave-one-yarn-out,6,174,9.1965,6.10658
S-N + GP,leave-one-yarn-out,6,181,1.3469,3.88603
S-N + GP,leave-one-yarn-out,6,206,2.5987,3.99780
S-N + GP,leave-one-yarn-out,6,231,1.8925,4.00271
S-N + GP,leave-one-yarn-out,6,256,0.6209,3.91263
S-N + GP,leave-one-yarn-out,6,281,1.3384,3.97123
S-N + GP,leave-one-yarn-out,6,306,1.3860,3.88851
S-N + GP,leave-one-yarn-out,6,331,1.3963,3.99846
S-N + GP,leave-one-yarn-out,6,356,1.7487,3.84263
S-N + GP,leave-one-yarn-out,6,381,2.1392,3.81868
S-N + GP,leave-one-yarn-out,6,406,2.5072,3.90697
S-N + GP,leave-one-yarn-out,6,431,2.3199,3.85394
S-N + GP,leave-one-yarn-out,6,456,2.4094,3.91016
S-N + GP,leave-one-yarn-out,6,481,2.6955,3.82112
S-N + GP,leave-one-yarn-out,6,506,2.1258,3.93162
S-N + GP,leave-one-yarn-out,6,531,2.2068,3.93568
S-N + GP,leave-one-yarn-out,6,556,1.3769,3.86151
S-N + GP,leave-one-yarn-out,6,581,1.8825,3.88511
S-N + GP,leave-one-yarn-out,6,606,2.0588,3.93080
S-N + GP,leave-one-yarn-out,7,7,1.0243,3.62848
S-N + GP,leave-one-yarn-out,7,32,2.9132,3.67095
S-N + GP,leave-one-yarn-out,7,57,1.7520,3.66797
S-N + GP,leave-one-yarn-out,7,82,0.5768,3.64168
S-N + GP,leave-one-yarn-out,7,107,0.6093,3.65092
S-N + GP,leave-one-yarn-out,7,132,0.4687,3.66264
S-N + GP,leave-one-yarn-out,7,157,0.3501,3.66731
S-N + GP,leave-one-yarn-out,7,175,1.6255,4.32928
S-N + GP,leave-one-yarn-out,7,176,2.6795,4.27733
S-N + GP,leave-one-yarn-out,7,177,1.6624,4.13233
S-N + GP,leave-one-yarn-out,7,178,2.0054,4.06406
S-N + GP,leave-one-yarn-out,7,179,1.5480,4.05997
S-N + GP,leave-one-yarn-out,7,180,1.5096,4.02041
S-N + GP,leave-one-yarn-out,7,181,1.9102,4.11792
S-N + GP,leave-one-yarn-out,7,182,1.5015,3.99014
S-N + GP,leave-one-yarn-out,7,183,1.9402,3.96826
S-N + GP,leave-one-yarn-out,7,184,1.9400,4.14967
S-N + GP,leave-one-yarn-out,7,185,1.8227,3.96259
S-N + GP,leave-one-yarn-out,7,186,1.0141,4.07972
S-N + GP,leave-one-yarn-out,7,187,1.1729,3.91875
S-N + GP,leave-one-yarn-out,7,188,2.0222,4.07358
S-N + GP,leave-one-yarn-out,7,189,1.0304,3.95676
S-N + GP,leave-one-yarn-out,7,190,1.8334,3.93736
S-N + GP,leave-one-yarn-out,7,191,1.9388,3.90069
S-N + GP,leave-one-yarn-out,7,192,3.1531,3.94056
S-N + GP,leave-one-yarn-out,7,193,1.1543,4.00445
S-N + GP,leave-one-yarn-out,7,194,1.9101,3.93303
S-N + GP,leave-one-yarn-out,7,195,6.2224,3.89584
S-N + GP,leave-one-yarn-out,7,196,2.0872,3.94329
S-N + GP,leave-one-yarn-out,7,197,2.2970,3.91193
S-N + GP,leave-one-yarn-out,7,198,6.5390,3.93556
S-N + GP,leave-one-yarn-out,7,199,4.5382,4.04944
S-N + GP,leave-one-yarn-out,7,207,0.7800,3.66578
S-N + GP,leave-one-yarn-out,7,232,0.8460,3.66843
S-N + GP,leave-one-yarn-out,7,257,0.5173,3.61732
S-N + GP,leave-one-yarn-out,7,282,0.5067,3.65131
S-N + GP,leave-one-yarn-out,7,307,0.6096,3.59598
S-N + GP,leave-one-yarn-out,7,332,0.5812,3.66614
S-N + GP,leave-one-yarn-out,7,357,0.7935,3.59253
S-N + GP,leave-one-yarn-out,7,382,1.3998,3.55135
S-N + GP,leave-one-yarn-out,7,407,1.6189,3.60905
S-N + GP,leave-one-yarn-out,7,432,0.6053,3.58133
S-N + GP,leave-one-yarn-out,7,457,1.2978,3.61074
S-N + GP,leave-one-yarn-out,7,482,0.8062,3.55121
S-N + GP,leave-one-yarn-out,7,507,4.4797,3.62720
S-N + GP,leave-one-yarn-out,7,532,5.7871,3.62815
S-N + GP,leave-one-yarn-out,7,557,6.4519,3.57493
S-N + GP,leave-one-yarn-out,7,582,4.2361,3.59429
S-N + GP,leave-one-yarn-out,7,607,4.6072,3.62477
S-N + GP,leave-one-yarn-out,8,8,1.6359,3.26007
S-N + GP,leave-one-yarn-out,8,33,0.7990,3.29250
S-N + GP,leave-one-yarn-out,8,58,0.7614,3.29246
S-N + GP,leave-one-yarn-out,8,83,0.4192,3.26154
S-N + GP,leave-one-yarn-out,8,108,0.9954,3.27253
S-N + GP,leave-one-yarn-out,8,133,2.0926,3.26299
S-N + GP,leave-one-yarn-out,8,158,2.1166,3.28715
S-N + GP,leave-one-yarn-out,8,183,1.3897,3.21725
S-N + GP,leave-one-yarn-out,8,200,6.6987,6.06480
S-N + GP,leave-one-yarn-out,8,201,4.6949,6.05681
S-N + GP,leave-one-yarn-out,8,202,5.1438,6.00604
S-N + GP,leave-one-yarn-out,8,203,5.3861,5.96050
S-N + GP,leave-one-yarn-out,8,204,5.4981,5.95576
S-N + GP,leave-one-yarn-out,8,205,7.1320,5.93263
S-N + GP,leave-one-yarn-out,8,206,5.7087,5.97482
S-N + GP,leave-one-yarn-out,8,207,6.4113,5.92026
S-N + GP,leave-one-yarn-out,8,208,5.8645,5.93743
S-N + GP,leave-one-yarn-out,8,209,3.6038,5.99788
S-N + GP,leave-one-yarn-out,8,210,5.1999,5.91642
S-N + GP,leave-one-yarn-out,8,211,5.8193,5.97382
S-N + GP,leave-one-yarn-out,8,212,6.0131,5.90066
S-N + GP,leave-one-yarn-out,8,213,3.6021,5.96568
S-N + GP,leave-one-yarn-out,8,214,7.1067,5.90886
S-N + GP,leave-one-yarn-out,8,215,5.6452,5.90438
S-N + GP,leave-one-yarn-out,8,216,6.0941,5.89878
S-N + GP,leave-one-yarn-out,8,217,7.0096,5.90353
S-N + GP,leave-one-yarn-out,8,218,5.8628,5.94077
S-N + GP,leave-one-yarn-out,8,219,6.9358,5.90526
S-N + GP,leave-one-yarn-out,8,220,1.4440,5.89854
S-N + GP,leave-one-yarn-out,8,221,5.1100,5.91582
S-N + GP,leave-one-yarn-out,8,222,5.2005,5.90227
S-N + GP,leave-one-yarn-out,8,223,6.8675,5.90847
S-N + GP,leave-one-yarn-out,8,224,10.8825,5.95752
S-N + GP,leave-one-yarn-out,8,233,0.9345,3.28842
S-N + GP,leave-one-yarn-out,8,258,1.5415,3.24514
S-N + GP,leave-one-yarn-out,8,283,0.9387,3.27463
S-N + GP,leave-one-yarn-out,8,308,1.6177,3.22686
S-N + GP,leave-one-yarn-out,8,333,0.8116,3.28717
S-N + GP,leave-one-yarn-out,8,358,1.9246,3.18083
S-N + GP,leave-one-yarn-out,8,383,1.6032,3.17812
S-N + GP,leave-one-yarn-out,8,408,2.0125,3.23883
S-N + GP,leave-one-yarn-out,8,433,2.3595,3.20125
S-N + GP,leave-one-yarn-out,8,458,2.0252,3.23807
S-N + GP,leave-one-yarn-out,8,483,2.5129,3.18488
S-N + GP,leave-one-yarn-out,8,508,10.8699,3.25521
S-N + GP,leave-one-yarn-out,8,533,9.4519,3.25285
S-N + GP,leave-one-yarn-out,8,558,8.7556,3.20285
S-N + GP,leave-one-yarn-out,8,583,11.0010,3.22806
S-N + GP,leave-one-yarn-out,8,608,10.4913,3.25851
S-N + GP,leave-one-yarn-out,9,9,1.2109,5.25051
S-N + GP,leave-one-yarn-out,9,34,1.7348,5.30105
S-N + GP,leave-one-yarn-out,9,59,0.7425,5.29903
S-N + GP,leave-one-yarn-out,9,84,1.1427,5.27111
S-N + GP,leave-one-yarn-out,9,109,2.8755,5.27795
S-N + GP,leave-one-yarn-out,9,134,2.6719,5.25144
S-N + GP,leave-one-yarn-out,9,159,3.5813,5.29493
S-N + GP,leave-one-yarn-out,9,184,1.7594,5.20580
S-N + GP,leave-one-yarn-out,9,209,1.9664,5.29978
S-N + GP,leave-one-yarn-out,9,225,1.9177,5.69707
S-N + GP,leave-one-yarn-out,9,226,2.6955,5.69128
S-N + GP,leave-one-yarn-out,9,227,3.2696,5.67674
S-N + GP,leave-one-yarn-out,9,228,5.7912,5.67505
S-N + GP,leave-one-yarn-out,9,229,8.4119,5.65713
S-N + GP,leave-one-yarn-out,9,230,6.9445,5.63000
S-N + GP,leave-one-yarn-out,9,231,3.6427,5.66470
S-N + GP,leave-one-yarn-out,9,232,4.7693,5.61256
S-N + GP,leave-one-yarn-out,9,233,2.0150,5.66160
S-N + GP,leave-one-yarn-out,9,234,1.8104,5.83740
S-N + GP,leave-one-yarn-out,9,235,3.0499,5.63920
S-N + GP,leave-one-yarn-out,9,236,4.2754,5.66559
S-N + GP,leave-one-yarn-out,9,237,3.4603,5.63006
S-N + GP,leave-one-yarn-out,9,238,2.2562,5.66842
S-N + GP,leave-one-yarn-out,9,239,3.8489,5.60902
S-N + GP,leave-one-yarn-out,9,240,3.1622,5.61327
S-N + GP,leave-one-yarn-out,9,241,2.8578,5.62259
S-N + GP,leave-one-yarn-out,9,242,3.7509,5.61352
S-N + GP,leave-one-yarn-out,9,243,5.0909,5.64931
S-N + GP,leave-one-yarn-out,9,244,2.4126,5.65042
S-N + GP,leave-one-yarn-out,9,245,4.4197,5.64004
S-N + GP,leave-one-yarn-out,9,246,2.2714,5.63503
S-N + GP,leave-one-yarn-out,9,247,2.9473,5.62326
S-N + GP,leave-one-yarn-out,9,248,5.7965,5.66295
S-N + GP,leave-one-yarn-out,9,249,9.0294,5.67805
S-N + GP,leave-one-yarn-out,9,259,0.8470,5.22272
S-N + GP,leave-one-yarn-out,9,284,1.2458,5.27062
S-N + GP,leave-one-yarn-out,9,309,0.6016,5.21328
S-N + GP,leave-one-yarn-out,9,334,1.2435,5.29570
S-N + GP,leave-one-yarn-out,9,359,1.1574,5.17856
S-N + GP,leave-one-yarn-out,9,384,2.1312,5.16121
S-N + GP,leave-one-yarn-out,9,409,2.1854,5.21533
S-N + GP,leave-one-yarn-out,9,434,2.8692,5.18412
S-N + GP,leave-one-yarn-out,9,459,0.4177,5.23044
S-N + GP,leave-one-yarn-out,9,484,1.6908,5.16616
S-N + GP,leave-one-yarn-out,9,509,5.9970,5.24302
S-N + GP,leave-one-yarn-out,9,534,0.9302,5.24753
S-N + GP,leave-one-yarn-out,9,559,0.8977,5.19316
S-N + GP,leave-one-yarn-out,9,584,3.3356,5.21026
S-N + GP,leave-one-yarn-out,9,609,4.3911,5.23584
S-N + GP,leave-one-yarn-out,10,10,1.2672,3.70709
S-N + GP,leave-one-yarn-out,10,35,2.2659,3.74123
S-N + GP,leave-one-yarn-out,10,60,1.4425,3.73943
S-N + GP,leave-one-yarn-out,10,85,1.2594,3.71943
S-N + GP,leave-one-yarn-out,10,110,0.8760,3.72571
S-N + GP,leave-one-yarn-out,10,135,0.6314,3.71145
S-N + GP,leave-one-yarn-out,10,160,0.4913,3.73762
S-N + GP,leave-one-yarn-out,10,185,0.6687,3.67386
S-N + GP,leave-one-yarn-out,10,210,0.4622,3.73851
S-N + GP,leave-one-yarn-out,10,235,0.4666,3.73983
S-N + GP,leave-one-yarn-out,10,250,3.7602,4.76932
S-N + GP,leave-one-yarn-out,10,251,2.9995,4.73319
S-N + GP,leave-one-yarn-out,10,252,3.5795,4.61955
S-N + GP,leave-one-yarn-out,10,253,2.0908,4.55790
S-N + GP,leave-one-yarn-out,10,254,1.6633,4.54666
S-N + GP,leave-one-yarn-out,10,255,2.9202,4.50332
S-N + GP,leave-one-yarn-out,10,256,2.1075,4.59277
S-N + GP,leave-one-yarn-out,10,257,2.2512,4.48392
S-N + GP,leave-one-yarn-out,10,258,1.9660,4.48523
S-N + GP,leave-one-yarn-out,10,259,0.8341,4.63009
S-N + GP,leave-one-yarn-out,10,260,1.0665,4.49603
S-N + GP,leave-one-yarn-out,10,261,2.2620,4.57122
S-N + GP,leave-one-yarn-out,10,262,1.8932,4.43997
S-N + GP,leave-one-yarn-out,10,263,0.9104,4.58138
S-N + GP,leave-one-yarn-out,10,264,2.8731,4.46915
S-N + GP,leave-one-yarn-out,10,265,1.1253,4.46601
S-N + GP,leave-one-yarn-out,10,266,2.1998,4.43065
S-N + GP,leave-one-yarn-out,10,267,5.0949,4.45767
S-N + GP,leave-one-yarn-out,10,268,2.9540,4.51136
S-N + GP,leave-one-yarn-out,10,269,2.4877,4.45547
S-N + GP,leave-one-yarn-out,10,270,5.8898,4.42353
S-N + GP,leave-one-yarn-out,10,271,1.2936,4.47071
S-N + GP,leave-one-yarn-out,10,272,2.0881,4.44434
S-N + GP,leave-one-yarn-out,10,273,2.6208,4.45367
S-N + GP,leave-one-yarn-out,10,274,4.6044,4.54867
S-N + GP,leave-one-yarn-out,10,285,0.9420,3.72533
S-N + GP,leave-one-yarn-out,10,310,0.6418,3.67609
S-N + GP,leave-one-yarn-out,10,335,0.6130,3.73877
S-N + GP,leave-one-yarn-out,10,360,0.9161,3.64864
S-N + GP,leave-one-yarn-out,10,385,1.1679,3.64815
S-N + GP,leave-one-yarn-out,10,410,0.8111,3.68623
S-N + GP,leave-one-yarn-out,10,435,0.7867,3.66322
S-N + GP,leave-one-yarn-out,10,460,1.5938,3.69196
S-N + GP,leave-one-yarn-out,10,485,1.2160,3.64891
S-N + GP,leave-one-yarn-out,10,510,1.6724,3.70540
S-N + GP,leave-one-yarn-out,10,535,0.7346,3.70512
S-N + GP,leave-one-yarn-out,10,560,1.1489,3.65851
S-N + GP,leave-one-yarn-out,10,585,1.4222,3.67411
S-N + GP,leave-one-yarn-out,10,610,0.4854,3.70065
S-N + GP,leave-one-yarn-out,11,11,8.6319,4.40778
S-N + GP,leave-one-yarn-out,11,36,6.6503,4.52391
S-N + GP,leave-one-yarn-out,11,61,6.5368,4.51783
S-N + GP,leave-one-yarn-out,11,86,6.1683,4.44619
S-N + GP,leave-one-yarn-out,11,111,4.6919,4.46595
S-N + GP,leave-one-yarn-out,11,136,4.5982,4.40716
S-N + GP,leave-one-yarn-out,11,161,5.0372,4.50909
S-N + GP,leave-one-yarn-out,11,186,5.4000,4.28556
S-N + GP,leave-one-yarn-out,11,211,5.2749,4.51678
S-N + GP,leave-one-yarn-out,11,236,5.9597,4.51984
S-N + GP,leave-one-yarn-out,11,261,7.4843,4.33753
S-N + GP,leave-one-yarn-out,11,275,2.6033,5.21707
S-N + GP,leave-one-yarn-out,11,276,2.2431,5.21494
S-N + GP,leave-one-yarn-out,11,277,2.0998,5.18830
S-N + GP,leave-one-yarn-out,11,278,0.9366,5.17068
S-N + GP,leave-one-yarn-out,11,279,0.9439,5.13334
S-N + GP,leave-one-yarn-out,11,280,1.0024,5.09407
S-N + GP,leave-one-yarn-out,11,281,2.4545,5.16769
S-N + GP,leave-one-yarn-out,11,282,1.9133,5.05566
S-N + GP,leave-one-yarn-out,11,283,1.8412,5.16981
S-N + GP,leave-one-yarn-out,11,284,1.9258,5.19580
S-N + GP,leave-one-yarn-out,11,285,2.3095,5.10586
S-N + GP,leave-one-yarn-out,11,286,3.1992,5.56147
S-N + GP,leave-one-yarn-out,11,287,1.2135,5.10957
S-N + GP,leave-one-yarn-out,11,288,5.1627,5.13350
S-N + GP,leave-one-yarn-out,11,289,2.2118,5.04703
S-N + GP,leave-one-yarn-out,11,290,3.2503,5.04253
S-N + GP,leave-one-yarn-out,11,291,1.5044,5.06564
S-N + GP,leave-one-yarn-out,11,292,0.4105,5.07666
S-N + GP,leave-one-yarn-out,11,293,0.4394,5.14152
S-N + GP,leave-one-yarn-out,11,294,1.4226,5.15670
S-N + GP,leave-one-yarn-out,11,295,5.4417,5.13043
S-N + GP,leave-one-yarn-out,11,296,2.7593,5.09812
S-N + GP,leave-one-yarn-out,11,297,2.3503,5.09589
S-N + GP,leave-one-yarn-out,11,298,0.9095,5.14977
S-N + GP,leave-one-yarn-out,11,299,2.5935,5.18877
S-N + GP,leave-one-yarn-out,11,311,7.0601,4.30704
S-N + GP,leave-one-yarn-out,11,336,6.2193,4.50864
S-N + GP,leave-one-yarn-out,11,361,7.6818,4.20603
S-N + GP,leave-one-yarn-out,11,386,7.3267,4.16930
S-N + GP,leave-one-yarn-out,11,411,7.3274,4.32024
S-N + GP,leave-one-yarn-out,11,436,6.6565,4.22795
S-N + GP,leave-one-yarn-out,11,461,5.8038,4.40271
S-N + GP,leave-one-yarn-out,11,486,8.1669,4.18598
S-N + GP,leave-one-yarn-out,11,511,4.4458,4.38561
S-N + GP,leave-one-yarn-out,11,536,7.4550,4.38355
S-N + GP,leave-one-yarn-out,11,561,7.6726,4.25110
S-N + GP,leave-one-yarn-out,11,586,7.7918,4.30207
S-N + GP,leave-one-yarn-out,11,611,7.2140,4.39335
S-N + GP,leave-one-yarn-out,12,12,2.2110,3.61703
S-N + GP,leave-one-yarn-out,12,37,1.1935,3.63813
S-N + GP,leave-one-yarn-out,12,62,1.4875,3.63064
S-N + GP,leave-one-yarn-out,12,87,1.6128,3.60483
S-N + GP,leave-one-yarn-out,12,112,1.2643,3.61648
S-N + GP,leave-one-yarn-out,12,137,1.0439,3.60228
S-N + GP,leave-one-yarn-out,12,162,1.0310,3.62887
S-N + GP,leave-one-yarn-out,12,187,0.6061,3.55916
S-N + GP,leave-one-yarn-out,12,212,1.3076,3.62247
S-N + GP,leave-one-yarn-out,12,237,0.6994,3.63166
S-N + GP,leave-one-yarn-out,12,262,0.9323,3.58311
S-N + GP,leave-one-yarn-out,12,287,0.7662,3.61614
S-N + GP,leave-one-yarn-out,12,300,7.3731,4.33583
S-N + GP,leave-one-yarn-out,12,301,6.0028,4.30372
S-N + GP,leave-one-yarn-out,12,302,6.0407,4.18353
S-N + GP,leave-one-yarn-out,12,303,6.1163,4.12887
S-N + GP,leave-one-yarn-out,12,304,5.2713,4.13194
S-N + GP,leave-one-yarn-out,12,305,5.0998,4.06304
S-N + GP,leave-one-yarn-out,12,306,4.4234,4.16405
S-N + GP,leave-one-yarn-out,12,307,4.9376,4.02349
S-N + GP,leave-one-yarn-out,12,308,7.6079,4.04181
S-N + GP,leave-one-yarn-out,12,309,5.1082,4.21860
S-N + GP,leave-one-yarn-out,12,310,5.0307,4.02380
S-N + GP,leave-one-yarn-out,12,311,5.4055,4.15987
S-N + GP,leave-one-yarn-out,12,312,6.5687,4.00541
S-N + GP,leave-one-yarn-out,12,313,4.2287,4.15833
S-N + GP,leave-one-yarn-out,12,314,5.6710,3.99668
S-N + GP,leave-one-yarn-out,12,315,5.4418,3.98923
S-N + GP,leave-one-yarn-out,12,316,7.5088,3.97979
S-N + GP,leave-one-yarn-out,12,317,5.0853,3.99199
S-N + GP,leave-one-yarn-out,12,318,6.3892,4.08071
S-N + GP,leave-one-yarn-out,12,319,6.2555,3.99464
S-N + GP,leave-one-yarn-out,12,320,4.6296,3.98231
S-N + GP,leave-one-yarn-out,12,321,6.3050,4.01184
S-N + GP,leave-one-yarn-out,12,322,6.9595,3.98379
S-N + GP,leave-one-yarn-out,12,323,7.5143,4.01130
S-N + GP,leave-one-yarn-out,12,324,9.2172,4.11596
S-N + GP,leave-one-yarn-out,12,337,1.1288,3.62836
S-N + GP,leave-one-yarn-out,12,362,1.6812,3.52784
S-N + GP,leave-one-yarn-out,12,387,1.3910,3.53126
S-N + GP,leave-one-yarn-out,12,412,1.7242,3.57345
S-N + GP,leave-one-yarn-out,12,437,1.0988,3.55183
S-N + GP,leave-one-yarn-out,12,462,1.6537,3.58884
S-N + GP,leave-one-yarn-out,12,487,1.1493,3.55533
S-N + GP,leave-one-yarn-out,12,512,2.8835,3.59338
S-N + GP,leave-one-yarn-out,12,537,2.8314,3.58877
S-N + GP,leave-one-yarn-out,12,562,1.3440,3.54570
S-N + GP,leave-one-yarn-out,12,587,3.1684,3.59866
S-N + GP,leave-one-yarn-out,12,612,2.6225,3.60289
S-N + GP,leave-one-yarn-out,13,13,1.2551,3.90022
S-N + GP,leave-one-yarn-out,13,38,1.0067,3.99196
S-N + GP,leave-one-yarn-out,13,63,1.6758,3.98605
S-N + GP,leave-one-yarn-out,13,88,1.4944,3.93452
S-N + GP,leave-one-yarn-out,13,113,3.1106,3.95237
S-N + GP,leave-one-yarn-out,13,138,0.6978,3.92649
S-N + GP,leave-one-yarn-out,13,163,0.4276,3.98207
S-N + GP,leave-one-yarn-out,13,188,0.8624,3.84668
S-N + GP,leave-one-yarn-out,13,213,0.7931,3.98158
S-N + GP,leave-one-yarn-out,13,238,0.1402,3.99122
S-N + GP,leave-one-yarn-out,13,263,0.7732,3.88781
S-N + GP,leave-one-yarn-out,13,288,1.8134,3.95146
S-N + GP,leave-one-yarn-out,13,313,0.9678,3.84943
S-N + GP,leave-one-yarn-out,13,325,1.7816,6.45772
S-N + GP,leave-one-yarn-out,13,326,2.7984,6.45146
S-N + GP,leave-one-yarn-out,13,327,2.0517,6.41103
S-N + GP,leave-one-yarn-out,13,328,3.9589,6.38411
S-N + GP,leave-one-yarn-out,13,329,2.1163,6.38035
S-N + GP,leave-one-yarn-out,13,330,1.8490,6.36247
S-N + GP,leave-one-yarn-out,13,331,0.8685,6.39237
S-N + GP,leave-one-yarn-out,13,332,1.1168,6.35471
S-N + GP,leave-one-yarn-out,13,333,0.7736,6.35796
S-N + GP,leave-one-yarn-out,13,334,1.0903,6.42666
S-N + GP,leave-one-yarn-out,13,335,0.4793,6.35898
S-N + GP,leave-one-yarn-out,13,336,2.6822,6.39166
S-N + GP,leave-one-yarn-out,13,337,1.0214,6.33710
S-N + GP,leave-one-yarn-out,13,338,0.5160,6.41158
S-N + GP,leave-one-yarn-out,13,339,2.1448,6.34775
S-N + GP,leave-one-yarn-out,13,340,1.2886,6.34587
S-N + GP,leave-one-yarn-out,13,341,0.9411,6.33493
S-N + GP,leave-one-yarn-out,13,342,2.5300,6.34292
S-N + GP,leave-one-yarn-out,13,343,1.4474,6.36801
S-N + GP,leave-one-yarn-out,13,344,0.6229,6.34459
S-N + GP,leave-one-yarn-out,13,345,8.6625,6.33224
S-N + GP,leave-one-yarn-out,13,346,0.5717,6.35786
S-N + GP,leave-one-yarn-out,13,347,0.8555,6.34223
S-N + GP,leave-one-yarn-out,13,348,2.1197,6.34158
S-N + GP,leave-one-yarn-out,13,349,2.7337,6.37905
S-N + GP,leave-one-yarn-out,13,363,1.1903,3.79077
S-N + GP,leave-one-yarn-out,13,388,0.9855,3.76969
S-N + GP,leave-one-yarn-out,13,413,0.6935,3.87479
S-N + GP,leave-one-yarn-out,13,438,1.9118,3.81139
S-N + GP,leave-one-yarn-out,13,463,4.4286,3.87552
S-N + GP,leave-one-yarn-out,13,488,1.1158,3.76991
S-N + GP,leave-one-yarn-out,13,513,0.7124,3.90509
S-N + GP,leave-one-yarn-out,13,538,0.5985,3.91614
S-N + GP,leave-one-yarn-out,13,563,0.6354,3.81829
S-N + GP,leave-one-yarn-out,13,588,0.4511,3.84482
S-N + GP,leave-one-yarn-out,13,613,0.6351,3.90004
S-N + GP,leave-one-yarn-out,14,14,2.7888,3.57550
S-N + GP,leave-one-yarn-out,14,39,2.5492,3.61743
S-N + GP,leave-one-yarn-out,14,64,1.6162,3.61319
S-N + GP,leave-one-yarn-out,14,89,1.5019,3.58597
S-N + GP,leave-one-yarn-out,14,114,1.3268,3.59633
S-N + GP,leave-one-yarn-out,14,139,0.9082,3.58622
S-N + GP,leave-one-yarn-out,14,164,0.8995,3.61393
S-N + GP,leave-one-yarn-out,14,189,1.3387,3.56337
S-N + GP,leave-one-yarn-out,14,214,1.2624,3.60933
S-N + GP,leave-one-yarn-out,14,239,1.2429,3.61388
S-N + GP,leave-one-yarn-out,14,264,1.4057,3.56570
S-N + GP,leave-one-yarn-out,14,289,1.3400,3.59868
S-N + GP,leave-one-yarn-out,14,314,1.4949,3.54573
S-N + GP,leave-one-yarn-out,14,339,1.8200,3.61148
S-N + GP,leave-one-yarn-out,14,350,6.2413,3.94528
S-N + GP,leave-one-yarn-out,14,351,5.3325,3.88214
S-N + GP,leave-one-yarn-out,14,352,4.3399,3.76505
S-N + GP,leave-one-yarn-out,14,353,2.3298,3.72390
S-N + GP,leave-one-yarn-out,14,354,2.7902,3.71408
S-N + GP,leave-one-yarn-out,14,355,3.1317,3.66798
S-N + GP,leave-one-yarn-out,14,356,3.1433,3.76998
S-N + GP,leave-one-yarn-out,14,357,2.6120,3.64372
S-N + GP,leave-one-yarn-out,14,358,4.4491,3.64098
S-N + GP,leave-one-yarn-out,14,359,2.7425,3.79705
S-N + GP,leave-one-yarn-out,14,360,2.4426,3.64337
S-N + GP,leave-one-yarn-out,14,361,3.5037,3.73636
S-N + GP,leave-one-yarn-out,14,362,3.0248,3.60345
S-N + GP,leave-one-yarn-out,14,363,2.6415,3.73310
S-N + GP,leave-one-yarn-out,14,364,3.5552,3.62509
S-N + GP,leave-one-yarn-out,14,365,2.5346,3.61645
S-N + GP,leave-one-yarn-out,14,366,3.9775,3.58814
S-N + GP,leave-one-yarn-out,14,367,3.3837,3.61562
S-N + GP,leave-one-yarn-out,14,368,3.3547,3.66995
S-N + GP,leave-one-yarn-out,14,369,3.3567,3.61944
S-N + GP,leave-one-yarn-out,14,370,3.6498,3.58466
S-N + GP,leave-one-yarn-out,14,371,2.9968,3.61556
S-N + GP,leave-one-yarn-out,14,372,3.5560,3.59374
S-N + GP,leave-one-yarn-out,14,373,4.4652,3.62686
S-N + GP,leave-one-yarn-out,14,374,5.5802,3.72091
S-N + GP,leave-one-yarn-out,14,389,1.6577,3.51143
S-N + GP,leave-one-yarn-out,14,414,1.9653,3.55602
S-N + GP,leave-one-yarn-out,14,439,1.8055,3.54311
S-N + GP,leave-one-yarn-out,14,464,1.6211,3.55757
S-N + GP,leave-one-yarn-out,14,489,1.0618,3.50522
S-N + GP,leave-one-yarn-out,14,514,4.1983,3.56987
S-N + GP,leave-one-yarn-out,14,539,5.1158,3.57433
S-N + GP,leave-one-yarn-out,14,564,6.5393,3.52305
S-N + GP,leave-one-yarn-out,14,589,4.3388,3.54452
S-N + GP,leave-one-yarn-out,14,614,4.0332,3.57266
S-N + GP,leave-one-yarn-out,15,15,0.9278,3.66719
S-N + GP,leave-one-yarn-out,15,40,1.6043,3.68978
S-N + GP,leave-one-yarn-out,15,65,0.3218,3.68804
S-N + GP,leave-one-yarn-out,15,90,0.6228,3.67166
S-N + GP,leave-one-yarn-out,15,115,0.3393,3.67724
S-N + GP,leave-one-yarn-out,15,140,0.7470,3.66744
S-N + GP,leave-one-yarn-out,15,165,0.3197,3.68708
S-N + GP,leave-one-yarn-out,15,190,0.6610,3.63751
S-N + GP,leave-one-yarn-out,15,215,0.4717,3.68669
S-N + GP,leave-one-yarn-out,15,240,0.6258,3.68826
S-N + GP,leave-one-yarn-out,15,265,1.1566,3.66271
S-N + GP,leave-one-yarn-out,15,290,2.4408,3.67761
S-N + GP,leave-one-yarn-out,15,315,1.0776,3.64171
S-N + GP,leave-one-yarn-out,15,340,1.0785,3.68689
S-N + GP,leave-one-yarn-out,15,365,0.8123,3.62036
S-N + GP,leave-one-yarn-out,15,375,2.6063,4.04222
S-N + GP,leave-one-yarn-out,15,376,1.8053,4.00161
S-N + GP,leave-one-yarn-out,15,377,1.3411,3.89087
S-N + GP,leave-one-yarn-out,15,378,1.9659,3.84534
S-N + GP,leave-one-yarn-out,15,379,0.8271,3.83704
S-N + GP,leave-one-yarn-out,15,380,0.5233,3.79563
S-N + GP,leave-one-yarn-out,15,381,1.4835,3.88945
S-N + GP,leave-one-yarn-out,15,382,1.5046,3.77409
S-N + GP,leave-one-yarn-out,15,383,1.2695,3.77348
S-N + GP,leave-one-yarn-out,15,384,0.9778,3.91124
S-N + GP,leave-one-yarn-out,15,385,1.2746,3.77920
S-N + GP,leave-one-yarn-out,15,386,0.7688,3.85696
S-N + GP,leave-one-yarn-out,15,387,1.1677,3.73912
S-N + GP,leave-one-yarn-out,15,388,0.7875,3.85559
S-N + GP,leave-one-yarn-out,15,389,0.8625,3.75863
S-N + GP,leave-one-yarn-out,15,390,1.0539,3.75474
S-N + GP,leave-one-yarn-out,15,391,1.3374,3.72975
S-N + GP,leave-one-yarn-out,15,392,3.2902,3.75013
S-N + GP,leave-one-yarn-out,15,393,1.3837,3.79843
S-N + GP,leave-one-yarn-out,15,394,1.7850,3.74946
S-N + GP,leave-one-yarn-out,15,395,6.9246,3.72382
S-N + GP,leave-one-yarn-out,15,396,1.1466,3.75552
S-N + GP,leave-one-yarn-out,15,397,2.1666,3.73694
S-N + GP,leave-one-yarn-out,15,398,2.6161,3.75277
S-N + GP,leave-one-yarn-out,15,399,2.6028,3.83580
S-N + GP,leave-one-yarn-out,15,415,1.0289,3.64787
S-N + GP,leave-one-yarn-out,15,440,0.6941,3.63205
S-N + GP,leave-one-yarn-out,15,465,2.0234,3.65230
S-N + GP,leave-one-yarn-out,15,490,1.5441,3.63325
S-N + GP,leave-one-yarn-out,15,515,0.8293,3.66185
S-N + GP,leave-one-yarn-out,15,540,0.8577,3.66169
S-N + GP,leave-one-yarn-out,15,565,0.6703,3.62367
S-N + GP,leave-one-yarn-out,15,590,0.5069,3.64161
S-N + GP,leave-one-yarn-out,15,615,0.2674,3.66173
S-N + GP,leave-one-yarn-out,16,16,2.6894,3.50722
S-N + GP,leave-one-yarn-out,16,41,1.2509,3.53556
S-N + GP,leave-one-yarn-out,16,66,1.6852,3.53456
S-N + GP,leave-one-yarn-out,16,91,1.3604,3.51913
S-N + GP,leave-one-yarn-out,16,116,1.4513,3.52139
S-N + GP,leave-one-yarn-out,16,141,1.6247,3.49525
S-N + GP,leave-one-yarn-out,16,166,1.2294,3.52921
S-N + GP,leave-one-yarn-out,16,191,1.7826,3.46183
S-N + GP,leave-one-yarn-out,16,216,1.3701,3.53689
S-N + GP,leave-one-yarn-out,16,241,1.3511,3.53618
S-N + GP,leave-one-yarn-out,16,266,1.1558,3.48135
S-N + GP,leave-one-yarn-out,16,291,1.6222,3.51514
S-N + GP,leave-one-yarn-out,16,316,2.0249,3.47769
S-N + GP,leave-one-yarn-out,16,341,1.4915,3.52760
S-N + GP,leave-one-yarn-out,16,366,2.0613,3.45372
S-N + GP,leave-one-yarn-out,16,391,1.8885,3.43326
S-N + GP,leave-one-yarn-out,16,400,4.8642,4.05777
S-N + GP,leave-one-yarn-out,16,401,4.7686,3.99294
S-N + GP,leave-one-yarn-out,16,402,4.4999,3.85240
S-N + GP,leave-one-yarn-out,16,403,2.4790,3.79056
S-N + GP,leave-one-yarn-out,16,404,2.8359,3.78345
S-N + GP,leave-one-yarn-out,16,405,3.5760,3.70652
S-N + GP,leave-one-yarn-out,16,406,4.5997,3.84124
S-N + GP,leave-one-yarn-out,16,407,4.1179,3.66248
S-N + GP,leave-one-yarn-out,16,408,4.8111,3.70207
S-N + GP,leave-one-yarn-out,16,409,3.9603,3.89583
S-N + GP,leave-one-yarn-out,16,410,5.6644,3.67445
S-N + GP,leave-one-yarn-out,16,411,2.9201,3.81400
S-N + GP,leave-one-yarn-out,16,412,4.6737,3.63694
S-N + GP,leave-one-yarn-out,16,413,4.1178,3.81436
S-N + GP,leave-one-yarn-out,16,414,4.6662,3.63361
S-N + GP,leave-one-yarn-out,16,415,5.1949,3.63064
S-N + GP,leave-one-yarn-out,16,416,6.6265,3.63557
S-N + GP,leave-one-yarn-out,16,417,5.0986,3.62627
S-N + GP,leave-one-yarn-out,16,418,3.9670,3.72308
S-N + GP,leave-one-yarn-out,16,419,6.2480,3.65481
S-N + GP,leave-one-yarn-out,16,420,3.6466,3.62554
S-N + GP,leave-one-yarn-out,16,421,6.2710,3.66881
S-N + GP,leave-one-yarn-out,16,422,6.5371,3.63947
S-N + GP,leave-one-yarn-out,16,423,3.1673,3.67253
S-N + GP,leave-one-yarn-out,16,424,1.6111,3.78794
S-N + GP,leave-one-yarn-out,16,441,1.3982,3.45694
S-N + GP,leave-one-yarn-out,16,466,1.6562,3.49313
S-N + GP,leave-one-yarn-out,16,491,1.8622,3.44716
S-N + GP,leave-one-yarn-out,16,516,4.1879,3.50085
S-N + GP,leave-one-yarn-out,16,541,5.7174,3.49710
S-N + GP,leave-one-yarn-out,16,566,6.4111,3.48939
S-N + GP,leave-one-yarn-out,16,591,3.3809,3.47429
S-N + GP,leave-one-yarn-out,16,616,3.8594,3.48850
S-N + GP,leave-one-yarn-out,17,17,2.8025,3.55607
S-N + GP,leave-one-yarn-out,17,42,0.6387,3.58390
S-N + GP,leave-one-yarn-out,17,67,0.6055,3.57909
S-N + GP,leave-one-yarn-out,17,92,2.3192,3.55504
S-N + GP,leave-one-yarn-out,17,117,3.0198,3.56476
S-N + GP,leave-one-yarn-out,17,142,3.1251,3.55495
S-N + GP,leave-one-yarn-out,17,167,1.9902,3.57887
S-N + GP,leave-one-yarn-out,17,192,3.1118,3.51814
S-N + GP,leave-one-yarn-out,17,217,1.9839,3.57398
S-N + GP,leave-one-yarn-out,17,242,1.0446,3.57972
S-N + GP,leave-one-yarn-out,17,267,3.9597,3.53866
S-N + GP,leave-one-yarn-out,17,292,2.2769,3.56676
S-N + GP,leave-one-yarn-out,17,317,3.3348,3.53008
S-N + GP,leave-one-yarn-out,17,342,2.4605,3.57767
S-N + GP,leave-one-yarn-out,17,367,3.9822,3.50393
S-N + GP,leave-one-yarn-out,17,392,4.0580,3.49106
S-N + GP,leave-one-yarn-out,17,417,3.3057,3.52929
S-N + GP,leave-one-yarn-out,17,425,4.8230,3.94852
S-N + GP,leave-one-yarn-out,17,426,6.3570,3.90430
S-N + GP,leave-one-yarn-out,17,427,5.9930,3.80380
S-N + GP,leave-one-yarn-out,17,428,4.8301,3.76378
S-N + GP,leave-one-yarn-out,17,429,3.4321,3.75758
S-N + GP,leave-one-yarn-out,17,430,3.4043,3.71664
S-N + GP,leave-one-yarn-out,17,431,3.7693,3.80171
S-N + GP,leave-one-yarn-out,17,432,3.1058,3.69350
S-N + GP,leave-one-yarn-out,17,433,5.6870,3.69445
S-N + GP,leave-one-yarn-out,17,434,4.2017,3.82767
S-N + GP,leave-one-yarn-out,17,435,3.7050,3.69240
S-N + GP,leave-one-yarn-out,17,436,3.6803,3.77563
S-N + GP,leave-one-yarn-out,17,437,3.5467,3.66369
S-N + GP,leave-one-yarn-out,17,438,4.3871,3.77169
S-N + GP,leave-one-yarn-out,17,439,3.7896,3.67699
S-N + GP,leave-one-yarn-out,17,440,4.0750,3.67050
S-N + GP,leave-one-yarn-out,17,441,3.7199,3.64893
S-N + GP,leave-one-yarn-out,17,442,6.6993,3.67128
S-N + GP,leave-one-yarn-out,17,443,3.1478,3.71841
S-N + GP,leave-one-yarn-out,17,444,2.5687,3.67183
S-N + GP,leave-one-yarn-out,17,445,8.8695,3.64544
S-N + GP,leave-one-yarn-out,17,446,4.1667,3.67225
S-N + GP,leave-one-yarn-out,17,447,2.5481,3.65390
S-N + GP,leave-one-yarn-out,17,448,5.6046,3.67751
S-N + GP,leave-one-yarn-out,17,449,6.1895,3.75922
S-N + GP,leave-one-yarn-out,17,467,3.0836,3.53500
S-N + GP,leave-one-yarn-out,17,492,2.4185,3.49466
S-N + GP,leave-one-yarn-out,17,517,2.0770,3.53981
S-N + GP,leave-one-yarn-out,17,542,1.0662,3.54404
S-N + GP,leave-one-yarn-out,17,567,2.4322,3.50028
S-N + GP,leave-one-yarn-out,17,592,1.8657,3.53091
S-N + GP,leave-one-yarn-out,17,617,1.5864,3.54949
S-N + GP,leave-one-yarn-out,18,18,1.7342,3.73881
S-N + GP,leave-one-yarn-out,18,43,1.5600,3.79261
S-N + GP,leave-one-yarn-out,18,68,1.4466,3.79030
S-N + GP,leave-one-yarn-out,18,93,0.9998,3.77005
S-N + GP,leave-one-yarn-out,18,118,0.8776,3.77039
S-N + GP,leave-one-yarn-out,18,143,0.9887,3.74635
S-N + GP,leave-one-yarn-out,18,168,1.3563,3.78729
S-N + GP,leave-one-yarn-out,18,193,0.8254,3.69375
S-N + GP,leave-one-yarn-out,18,218,0.7467,3.79015
S-N + GP,leave-one-yarn-out,18,243,1.2968,3.79105
S-N + GP,leave-one-yarn-out,18,268,2.0862,3.72018
S-N + GP,leave-one-yarn-out,18,293,1.0489,3.78103
S-N + GP,leave-one-yarn-out,18,318,1.5380,3.69781
S-N + GP,leave-one-yarn-out,18,343,2.4419,3.78690
S-N + GP,leave-one-yarn-out,18,368,1.9171,3.66111
S-N + GP,leave-one-yarn-out,18,393,1.9598,3.63939
S-N + GP,leave-one-yarn-out,18,418,2.1175,3.70836
S-N + GP,leave-one-yarn-out,18,443,1.6986,3.67621
S-N + GP,leave-one-yarn-out,18,450,1.7742,4.67133
S-N + GP,leave-one-yarn-out,18,451,4.7675,4.62668
S-N + GP,leave-one-yarn-out,18,452,3.9789,4.51603
S-N + GP,leave-one-yarn-out,18,453,2.6949,4.47492
S-N + GP,leave-one-yarn-out,18,454,1.1665,4.47215
S-N + GP,leave-one-yarn-out,18,455,0.8087,4.41480
S-N + GP,leave-one-yarn-out,18,456,2.8014,4.50645
S-N + GP,leave-one-yarn-out,18,457,1.4236,4.38885
S-N + GP,leave-one-yarn-out,18,458,3.3753,4.40313
S-N + GP,leave-one-yarn-out,18,459,3.4721,4.53277
S-N + GP,leave-one-yarn-out,18,460,1.4345,4.38415
S-N + GP,leave-one-yarn-out,18,461,0.8155,4.51530
S-N + GP,leave-one-yarn-out,18,462,0.6719,4.36545
S-N + GP,leave-one-yarn-out,18,463,7.1573,4.47158
S-N + GP,leave-one-yarn-out,18,464,1.4657,4.36798
S-N + GP,leave-one-yarn-out,18,465,2.3539,4.36137
S-N + GP,leave-one-yarn-out,18,466,2.2736,4.35067
S-N + GP,leave-one-yarn-out,18,467,3.5250,4.36117
S-N + GP,leave-one-yarn-out,18,468,0.8963,4.45677
S-N + GP,leave-one-yarn-out,18,469,1.4305,4.36892
S-N + GP,leave-one-yarn-out,18,470,6.7738,4.35243
S-N + GP,leave-one-yarn-out,18,471,4.1352,4.37599
S-N + GP,leave-one-yarn-out,18,472,0.8763,4.35530
S-N + GP,leave-one-yarn-out,18,473,3.4624,4.37518
S-N + GP,leave-one-yarn-out,18,474,2.5085,4.45900
S-N + GP,leave-one-yarn-out,18,493,1.8453,3.64253
S-N + GP,leave-one-yarn-out,18,518,1.0184,3.73914
S-N + GP,leave-one-yarn-out,18,543,1.1839,3.73777
S-N + GP,leave-one-yarn-out,18,568,1.5834,3.67201
S-N + GP,leave-one-yarn-out,18,593,1.0355,3.69401
S-N + GP,leave-one-yarn-out,18,618,1.9613,3.76343
S-N + GP,leave-one-yarn-out,19,19,4.3196,3.67722
S-N + GP,leave-one-yarn-out,19,44,2.4199,3.69922
S-N + GP,leave-one-yarn-out,19,69,1.7026,3.69706
S-N + GP,leave-one-yarn-out,19,94,1.9092,3.67822
S-N + GP,leave-one-yarn-out,19,119,1.7395,3.68452
S-N + GP,leave-one-yarn-out,19,144,0.7485,3.67303
S-N + GP,leave-one-yarn-out,19,169,0.4646,3.69566
S-N + GP,leave-one-yarn-out,19,194,1.0310,3.64035
S-N + GP,leave-one-yarn-out,19,219,1.1237,3.69560
S-N + GP,leave-one-yarn-out,19,244,0.8037,3.69744
S-N + GP,leave-one-yarn-out,19,269,0.5494,3.66599
S-N + GP,leave-one-yarn-out,19,294,0.5869,3.68387
S-N + GP,leave-one-yarn-out,19,319,1.1992,3.64590
S-N + GP,leave-one-yarn-out,19,344,0.4225,3.69538
S-N + GP,leave-one-yarn-out,19,369,1.4348,3.61839
S-N + GP,leave-one-yarn-out,19,394,2.3261,3.63314
S-N + GP,leave-one-yarn-out,19,419,2.6940,3.65112
S-N + GP,leave-one-yarn-out,19,444,2.1722,3.63072
S-N + GP,leave-one-yarn-out,19,469,1.4517,3.65663
S-N + GP,leave-one-yarn-out,19,475,1.9137,4.07338
S-N + GP,leave-one-yarn-out,19,476,0.9269,4.00424
S-N + GP,leave-one-yarn-out,19,477,1.2447,3.89598
S-N + GP,leave-one-yarn-out,19,478,1.4628,3.86251
S-N + GP,leave-one-yarn-out,19,479,1.1160,3.85001
S-N + GP,leave-one-yarn-out,19,480,0.5970,3.80420
S-N + GP,leave-one-yarn-out,19,481,1.7362,3.92014
S-N + GP,leave-one-yarn-out,19,482,1.3380,3.77993
S-N + GP,leave-one-yarn-out,19,483,1.7979,3.78823
S-N + GP,leave-one-yarn-out,19,484,0.7418,3.92523
S-N + GP,leave-one-yarn-out,19,485,1.7008,3.78493
S-N + GP,leave-one-yarn-out,19,486,1.0503,3.87051
S-N + GP,leave-one-yarn-out,19,487,0.4965,3.75367
S-N + GP,leave-one-yarn-out,19,488,0.5621,3.86963
S-N + GP,leave-one-yarn-out,19,489,1.2996,3.76304
S-N + GP,leave-one-yarn-out,19,490,1.8954,3.75928
S-N + GP,leave-one-yarn-out,19,491,0.8617,3.74650
S-N + GP,leave-one-yarn-out,19,492,1.6324,3.75703
S-N + GP,leave-one-yarn-out,19,493,1.4914,3.81494
S-N + GP,leave-one-yarn-out,19,494,2.4666,3.79286
S-N + GP,leave-one-yarn-out,19,495,6.7353,3.74277
S-N + GP,leave-one-yarn-out,19,496,0.7183,3.77044
S-N + GP,leave-one-yarn-out,19,497,1.4247,3.75086
S-N + GP,leave-one-yarn-out,19,498,1.2007,3.79015
S-N + GP,leave-one-yarn-out,19,499,1.2145,3.86028
S-N + GP,leave-one-yarn-out,19,519,1.1333,3.66565
S-N + GP,leave-one-yarn-out,19,544,0.8352,3.66635
S-N + GP,leave-one-yarn-out,19,569,0.3596,3.62847
S-N + GP,leave-one-yarn-out,19,594,0.5189,3.64521
S-N + GP,leave-one-yarn-out,19,619,0.8272,3.66533
S-N + GP,leave-one-yarn-out,20,20,9.4256,2.89267
S-N + GP,leave-one-yarn-out,20,45,8.6984,2.89499
S-N + GP,leave-one-yarn-out,20,70,8.8480,2.89495
S-N + GP,leave-one-yarn-out,20,95,6.9214,2.87260
S-N + GP,leave-one-yarn-out,20,120,5.7873,2.86999
S-N + GP,leave-one-yarn-out,20,145,4.7181,2.84997
S-N + GP,leave-one-yarn-out,20,170,6.0583,2.87896
S-N + GP,leave-one-yarn-out,20,195,5.3345,2.83865
S-N + GP,leave-one-yarn-out,20,220,6.6418,2.88510
S-N + GP,leave-one-yarn-out,20,245,5.8487,2.88533
S-N + GP,leave-one-yarn-out,20,270,8.7019,2.85051
S-N + GP,leave-one-yarn-out,20,295,7.5112,2.87747
S-N + GP,leave-one-yarn-out,20,320,7.1470,2.86535
S-N + GP,leave-one-yarn-out,20,345,8.8717,2.86518
S-N + GP,leave-one-yarn-out,20,370,6.2965,2.84950
S-N + GP,leave-one-yarn-out,20,395,7.9637,2.82487
S-N + GP,leave-one-yarn-out,20,420,8.4476,2.81353
S-N + GP,leave-one-yarn-out,20,445,7.2523,2.82961
S-N + GP,leave-one-yarn-out,20,470,6.9722,2.86733
S-N + GP,leave-one-yarn-out,20,495,7.2599,2.86186
S-N + GP,leave-one-yarn-out,20,500,8.4775,3.11911
S-N + GP,leave-one-yarn-out,20,501,8.5990,3.07796
S-N + GP,leave-one-yarn-out,20,502,11.1849,3.00101
S-N + GP,leave-one-yarn-out,20,503,6.0746,2.98041
S-N + GP,leave-one-yarn-out,20,504,5.4881,2.97192
S-N + GP,leave-one-yarn-out,20,505,6.1848,2.93241
S-N + GP,leave-one-yarn-out,20,506,8.3278,3.01238
S-N + GP,leave-one-yarn-out,20,507,5.9458,2.91037
S-N + GP,leave-one-yarn-out,20,508,12.2080,2.92941
S-N + GP,leave-one-yarn-out,20,509,9.1411,3.02633
S-N + GP,leave-one-yarn-out,20,510,10.0452,2.91868
S-N + GP,leave-one-yarn-out,20,511,6.7819,2.98969
S-N + GP,leave-one-yarn-out,20,512,6.4191,2.90112
S-N + GP,leave-one-yarn-out,20,513,11.2023,2.98475
S-N + GP,leave-one-yarn-out,20,514,9.4406,2.89744
S-N + GP,leave-one-yarn-out,20,515,8.5018,2.89621
S-N + GP,leave-one-yarn-out,20,516,6.8097,2.89423
S-N + GP,leave-one-yarn-out,20,517,7.5920,2.89455
S-N + GP,leave-one-yarn-out,20,518,6.2513,2.94480
S-N + GP,leave-one-yarn-out,20,519,7.8544,2.91188
S-N + GP,leave-one-yarn-out,20,520,13.3530,2.89605
S-N + GP,leave-one-yarn-out,20,521,10.1374,2.90404
S-N + GP,leave-one-yarn-out,20,522,11.3618,2.89329
S-N + GP,leave-one-yarn-out,20,523,6.5182,2.92119
S-N + GP,leave-one-yarn-out,20,524,5.9818,2.98175
S-N + GP,leave-one-yarn-out,20,545,8.3004,2.86326
S-N + GP,leave-one-yarn-out,20,570,7.2328,2.81369
S-N + GP,leave-one-yarn-out,20,595,6.4497,2.86259
S-N + GP,leave-one-yarn-out,20,620,6.5428,2.88135
S-N + GP,leave-one-yarn-out,21,21,0.8479,3.57114
S-N + GP,leave-one-yarn-out,21,46,0.4322,3.60959
S-N + GP,leave-one-yarn-out,21,71,0.5264,3.60686
S-N + GP,leave-one-yarn-out,21,96,0.4973,3.58270
S-N + GP,leave-one-yarn-out,21,121,0.6431,3.59133
S-N + GP,leave-one-yarn-out,21,146,2.3858,3.58131
S-N + GP,leave-one-yarn-out,21,171,2.0221,3.60588
S-N + GP,leave-one-yarn-out,21,196,1.6987,3.54140
S-N + GP,leave-one-yarn-out,21,221,0.7610,3.60444
S-N + GP,leave-one-yarn-out,21,246,0.2812,3.60934
S-N + GP,leave-one-yarn-out,21,271,0.8333,3.56426
S-N + GP,leave-one-yarn-out,21,296,0.3051,3.59308
S-N + GP,leave-one-yarn-out,21,321,1.0118,3.54197
S-N + GP,leave-one-yarn-out,21,346,0.3898,3.60730
S-N + GP,leave-one-yarn-out,21,371,0.8038,3.51203
S-N + GP,leave-one-yarn-out,21,396,0.9907,3.50095
S-N + GP,leave-one-yarn-out,21,421,1.3528,3.56102
S-N + GP,leave-one-yarn-out,21,446,1.5275,3.52788
S-N + GP,leave-one-yarn-out,21,471,1.8668,3.55507
S-N + GP,leave-one-yarn-out,21,496,1.3038,3.50060
S-N + GP,leave-one-yarn-out,21,521,0.9027,3.57229
S-N + GP,leave-one-yarn-out,21,525,1.1390,4.93382
S-N + GP,leave-one-yarn-out,21,526,2.1276,4.90583
S-N + GP,leave-one-yarn-out,21,527,5.2812,4.75173
S-N + GP,leave-one-yarn-out,21,528,0.8396,4.64648
S-N + GP,leave-one-yarn-out,21,529,1.5162,4.62986
S-N + GP,leave-one-yarn-out,21,530,1.8305,4.56987
S-N + GP,leave-one-yarn-out,21,531,2.3993,4.67538
S-N + GP,leave-one-yarn-out,21,532,4.6713,4.54203
S-N + GP,leave-one-yarn-out,21,533,8.0334,4.55634
S-N + GP,leave-one-yarn-out,21,534,0.3923,4.77575
S-N + GP,leave-one-yarn-out,21,535,0.9113,4.54211
S-N + GP,leave-one-yarn-out,21,536,0.6253,4.66937
S-N + GP,leave-one-yarn-out,21,537,3.0404,4.47652
S-N + GP,leave-one-yarn-out,21,538,1.1225,4.68638
S-N + GP,leave-one-yarn-out,21,539,4.7932,4.51524
S-N + GP,leave-one-yarn-out,21,540,1.3369,4.50494
S-N + GP,leave-one-yarn-out,21,541,4.4038,4.47153
S-N + GP,leave-one-yarn-out,21,542,0.5264,4.49882
S-N + GP,leave-one-yarn-out,21,543,0.9195,4.58577
S-N + GP,leave-one-yarn-out,21,544,1.0200,4.50036
S-N + GP,leave-one-yarn-out,21,545,7.9207,4.45847
S-N + GP,leave-one-yarn-out,21,546,0.7632,4.54501
S-N + GP,leave-one-yarn-out,21,547,2.7369,4.49463
S-N + GP,leave-one-yarn-out,21,548,3.1032,4.49422
S-N + GP,leave-one-yarn-out,21,549,1.3898,4.63281
S-N + GP,leave-one-yarn-out,21,571,0.4590,3.56256
S-N + GP,leave-one-yarn-out,21,596,0.9591,3.54032
S-N + GP,leave-one-yarn-out,21,621,0.6132,3.56984
S-N + GP,leave-one-yarn-out,22,22,1.8103,3.50153
S-N + GP,leave-one-yarn-out,22,47,0.7064,3.53138
S-N + GP,leave-one-yarn-out,22,72,0.7503,3.52941
S-N + GP,leave-one-yarn-out,22,97,1.1130,3.51216
S-N + GP,leave-one-yarn-out,22,122,0.7883,3.51815
S-N + GP,leave-one-yarn-out,22,147,1.8964,3.50959
S-N + GP,leave-one-yarn-out,22,172,1.2070,3.52831
S-N + GP,leave-one-yarn-out,22,197,1.5854,3.48066
S-N + GP,leave-one-yarn-out,22,222,0.3851,3.52795
S-N + GP,leave-one-yarn-out,22,247,0.6112,3.52985
S-N + GP,leave-one-yarn-out,22,272,1.6498,3.49617
S-N + GP,leave-one-yarn-out,22,297,0.7387,3.51868
S-N + GP,leave-one-yarn-out,22,322,1.3789,3.48045
S-N + GP,leave-one-yarn-out,22,347,0.9469,3.52825
S-N + GP,leave-one-yarn-out,22,372,1.6336,3.45863
S-N + GP,leave-one-yarn-out,22,397,2.2455,3.44726
S-N + GP,leave-one-yarn-out,22,422,1.0908,3.51272
S-N + GP,leave-one-yarn-out,22,447,1.5513,3.47051
S-N + GP,leave-one-yarn-out,22,472,1.7670,3.49126
S-N + GP,leave-one-yarn-out,22,497,1.7241,3.44686
S-N + GP,leave-one-yarn-out,22,522,2.1203,3.50347
S-N + GP,leave-one-yarn-out,22,547,3.0760,3.51941
S-N + GP,leave-one-yarn-out,22,550,2.4113,4.07743
S-N + GP,leave-one-yarn-out,22,551,1.0124,4.01120
S-N + GP,leave-one-yarn-out,22,552,7.9453,3.87628
S-N + GP,leave-one-yarn-out,22,553,1.2130,3.82788
S-N + GP,leave-one-yarn-out,22,554,1.5853,3.81615
S-N + GP,leave-one-yarn-out,22,555,3.3332,3.76009
S-N + GP,leave-one-yarn-out,22,556,1.8824,3.87199
S-N + GP,leave-one-yarn-out,22,557,6.0241,3.72988
S-N + GP,leave-one-yarn-out,22,558,7.1833,3.74211
S-N + GP,leave-one-yarn-out,22,559,1.7648,3.91428
S-N + GP,leave-one-yarn-out,22,560,2.5398,3.73666
S-N + GP,leave-one-yarn-out,22,561,0.8725,3.84073
S-N + GP,leave-one-yarn-out,22,562,0.6213,3.69850
S-N + GP,leave-one-yarn-out,22,563,1.7054,3.84495
S-N + GP,leave-one-yarn-out,22,564,6.1625,3.70829
S-N + GP,leave-one-yarn-out,22,565,2.0770,3.70513
S-N + GP,leave-one-yarn-out,22,566,3.7048,3.69693
S-N + GP,leave-one-yarn-out,22,567,3.0746,3.70120
S-N + GP,leave-one-yarn-out,22,568,1.3831,3.77118
S-N + GP,leave-one-yarn-out,22,569,1.7228,3.71302
S-N + GP,leave-one-yarn-out,22,570,7.4035,3.68508
S-N + GP,leave-one-yarn-out,22,571,1.4805,3.72981
S-N + GP,leave-one-yarn-out,22,572,5.0228,3.70527
S-N + GP,leave-one-yarn-out,22,573,2.0977,3.72018
S-N + GP,leave-one-yarn-out,22,574,0.7988,3.81664
S-N + GP,leave-one-yarn-out,22,597,2.9039,3.47823
S-N + GP,leave-one-yarn-out,22,622,1.6687,3.49986
S-N + GP,leave-one-yarn-out,23,23,0.8932,3.43760
S-N + GP,leave-one-yarn-out,23,48,0.3893,3.47647
S-N + GP,leave-one-yarn-out,23,73,0.9090,3.47471
S-N + GP,leave-one-yarn-out,23,98,1.3435,3.45593
S-N + GP,leave-one-yarn-out,23,123,1.5309,3.46173
S-N + GP,leave-one-yarn-out,23,148,6.3195,3.44953
S-N + GP,leave-one-yarn-out,23,173,7.7025,3.47284
S-N + GP,leave-one-yarn-out,23,198,6.8750,3.41812
S-N + GP,leave-one-yarn-out,23,223,6.4945,3.47394
S-N + GP,leave-one-yarn-out,23,248,8.3366,3.47512
S-N + GP,leave-one-yarn-out,23,273,1.6168,3.43155
S-N + GP,leave-one-yarn-out,23,298,1.3179,3.46029
S-N + GP,leave-one-yarn-out,23,323,1.2160,3.45423
S-N + GP,leave-one-yarn-out,23,348,1.8169,3.47280
S-N + GP,leave-one-yarn-out,23,373,1.6421,3.39600
S-N + GP,leave-one-yarn-out,23,398,2.4774,3.38152
S-N + GP,leave-one-yarn-out,23,423,0.9197,3.42842
S-N + GP,leave-one-yarn-out,23,448,2.0631,3.40987
S-N + GP,leave-one-yarn-out,23,473,1.9172,3.43144
S-N + GP,leave-one-yarn-out,23,498,1.8761,3.38228
S-N + GP,leave-one-yarn-out,23,523,1.2298,3.44657
S-N + GP,leave-one-yarn-out,23,548,2.8302,3.44322
S-N + GP,leave-one-yarn-out,23,573,1.6361,3.40535
S-N + GP,leave-one-yarn-out,23,575,1.7987,4.19128
S-N + GP,leave-one-yarn-out,23,576,1.7557,4.09257
S-N + GP,leave-one-yarn-out,23,577,9.0260,3.95414
S-N + GP,leave-one-yarn-out,23,578,2.1448,3.91805
S-N + GP,leave-one-yarn-out,23,579,1.6537,3.88668
S-N + GP,leave-one-yarn-out,23,580,2.5064,3.83562
S-N + GP,leave-one-yarn-out,23,581,1.7979,3.94940
S-N + GP,leave-one-yarn-out,23,582,2.8776,3.80848
S-N + GP,leave-one-yarn-out,23,583,8.8174,3.81786
S-N + GP,leave-one-yarn-out,23,584,3.8051,3.97483
S-N + GP,leave-one-yarn-out,23,585,3.2228,3.80783
S-N + GP,leave-one-yarn-out,23,586,0.9254,3.90823
S-N + GP,leave-one-yarn-out,23,587,0.9030,3.77107
S-N + GP,leave-one-yarn-out,23,588,2.9056,3.90057
S-N + GP,leave-one-yarn-out,23,589,5.0175,3.78801
S-N + GP,leave-one-yarn-out,23,590,2.0249,3.78099
S-N + GP,leave-one-yarn-out,23,591,2.0647,3.76055
S-N + GP,leave-one-yarn-out,23,592,1.3405,3.78030
S-N + GP,leave-one-yarn-out,23,593,0.9563,3.84852
S-N + GP,leave-one-yarn-out,23,594,1.1170,3.80810
S-N + GP,leave-one-yarn-out,23,595,6.7139,3.75906
S-N + GP,leave-one-yarn-out,23,596,2.6979,3.79378
S-N + GP,leave-one-yarn-out,23,597,4.2784,3.76792
S-N + GP,leave-one-yarn-out,23,598,1.0681,3.82414
S-N + GP,leave-one-yarn-out,23,599,1.2205,3.91466
S-N + GP,leave-one-yarn-out,23,623,1.4281,3.43818
S-N + GP,leave-one-yarn-out,24,24,1.0568,3.57321
S-N + GP,leave-one-yarn-out,24,49,0.4848,3.63389
S-N + GP,leave-one-yarn-out,24,74,0.4761,3.62963
S-N + GP,leave-one-yarn-out,24,99,1.1509,3.59473
S-N + GP,leave-one-yarn-out,24,124,1.6945,3.60672
S-N + GP,leave-one-yarn-out,24,149,6.3160,3.58927
S-N + GP,leave-one-yarn-out,24,174,7.3060,3.62689
S-N + GP,leave-one-yarn-out,24,199,6.0771,3.53156
S-N + GP,leave-one-yarn-out,24,224,7.8841,3.62762
S-N + GP,leave-one-yarn-out,24,249,7.6206,3.63009
S-N + GP,leave-one-yarn-out,24,274,3.0103,3.56007
S-N + GP,leave-one-yarn-out,24,299,1.7145,3.61103
S-N + GP,leave-one-yarn-out,24,324,3.1605,3.53550
S-N + GP,leave-one-yarn-out,24,349,1.9353,3.62697
S-N + GP,leave-one-yarn-out,24,374,3.3558,3.48958
S-N + GP,leave-one-yarn-out,24,399,1.5751,3.47529
S-N + GP,leave-one-yarn-out,24,424,0.6048,3.55396
S-N + GP,leave-one-yarn-out,24,449,1.2338,3.50738
S-N + GP,leave-one-yarn-out,24,474,0.7691,3.59269
S-N + GP,leave-one-yarn-out,24,499,0.6572,3.47662
S-N + GP,leave-one-yarn-out,24,524,1.2809,3.58270
S-N + GP,leave-one-yarn-out,24,549,0.8255,3.57693
S-N + GP,leave-one-yarn-out,24,574,1.5017,3.51028
S-N + GP,leave-one-yarn-out,24,599,1.3613,3.53251
S-N + GP,leave-one-yarn-out,24,600,3.3201,4.67113
S-N + GP,leave-one-yarn-out,24,601,2.5607,4.64734
S-N + GP,leave-one-yarn-out,24,602,9.9895,4.54731
S-N + GP,leave-one-yarn-out,24,603,2.5947,4.50425
S-N + GP,leave-one-yarn-out,24,604,2.6590,4.47444
S-N + GP,leave-one-yarn-out,24,605,1.1793,4.42557
S-N + GP,leave-one-yarn-out,24,606,2.8578,4.51195
S-N + GP,leave-one-yarn-out,24,607,5.7655,4.39817
S-N + GP,leave-one-yarn-out,24,608,6.6636,4.41680
S-N + GP,leave-one-yarn-out,24,609,4.1317,4.55171
S-N + GP,leave-one-yarn-out,24,610,2.5564,4.39129
S-N + GP,leave-one-yarn-out,24,611,3.5882,4.51058
S-N + GP,leave-one-yarn-out,24,612,4.1746,4.36002
S-N + GP,leave-one-yarn-out,24,613,3.7488,4.49077
S-N + GP,leave-one-yarn-out,24,614,3.0440,4.37445
S-N + GP,leave-one-yarn-out,24,615,2.3258,4.36636
S-N + GP,leave-one-yarn-out,24,616,4.7247,4.35349
S-N + GP,leave-one-yarn-out,24,617,2.9974,4.36431
S-N + GP,leave-one-yarn-out,24,618,3.9235,4.43633
S-N + GP,leave-one-yarn-out,24,619,3.0228,4.36956
S-N + GP,leave-one-yarn-out,24,620,3.6803,4.35447
S-N + GP,leave-one-yarn-out,24,621,3.0300,4.38549
S-N + GP,leave-one-yarn-out,24,622,3.0972,4.36041
S-N + GP,leave-one-yarn-out,24,623,3.6000,4.38701
S-N + GP,leave-one-yarn-out,24,624,3.6517,4.51870
"S-N + XGBoost, bagged",leave-one-loom-out,0,0,2.8068,0.98309
"S-N + XGBoost, bagged",leave-one-loom-out,0,1,3.0193,1.46994
"S-N + XGBoost, bagged",leave-one-loom-out,0,2,4.9028,2.51889
"S-N + XGBoost, bagged",leave-one-loom-out,0,3,5.0037,0.83000
"S-N + XGBoost, bagged",leave-one-loom-out,0,4,5.6387,0.62209
"S-N + XGBoost, bagged",leave-one-loom-out,0,5,8.7302,1.00622
"S-N + XGBoost, bagged",leave-one-loom-out,0,6,5.1745,0.71086
"S-N + XGBoost, bagged",leave-one-loom-out,0,7,7.0731,1.33423
"S-N + XGBoost, bagged",leave-one-loom-out,0,8,6.0228,2.42443
"S-N + XGBoost, bagged",leave-one-loom-out,0,9,4.6626,1.00366
"S-N + XGBoost, bagged",leave-one-loom-out,0,10,8.2765,0.52767
"S-N + XGBoost, bagged",leave-one-loom-out,0,11,6.2256,0.94168
"S-N + XGBoost, bagged",leave-one-loom-out,0,12,8.1638,0.50466
"S-N + XGBoost, bagged",leave-one-loom-out,0,13,7.1324,0.69886
"S-N + XGBoost, bagged",leave-one-loom-out,0,14,10.2420,1.19259
"S-N + XGBoost, bagged",leave-one-loom-out,0,15,7.0517,0.54976
"S-N + XGBoost, bagged",leave-one-loom-out,0,16,6.6885,0.68993
"S-N + XGBoost, bagged",leave-one-loom-out,0,17,9.0896,0.89181
"S-N + XGBoost, bagged",leave-one-loom-out,0,18,6.6874,0.73575
"S-N + XGBoost, bagged",leave-one-loom-out,0,19,8.7574,0.51393
"S-N + XGBoost, bagged",leave-one-loom-out,0,20,3.5294,0.65873
"S-N + XGBoost, bagged",leave-one-loom-out,0,21,5.4722,0.72318
"S-N + XGBoost, bagged",leave-one-loom-out,0,22,6.3332,0.63366
"S-N + XGBoost, bagged",leave-one-loom-out,0,23,4.8677,0.96926
"S-N + XGBoost, bagged",leave-one-loom-out,0,24,3.2364,1.49323
"S-N + XGBoost, bagged",leave-one-loom-out,0,25,3.6006,2.09781
"S-N + XGBoost, bagged",leave-one-loom-out,0,26,1.7572,2.96488
"S-N + XGBoost, bagged",leave-one-loom-out,0,27,2.8355,3.46103
"S-N + XGBoost, bagged",leave-one-loom-out,0,28,4.8697,1.23655
"S-N + XGBoost, bagged",leave-one-loom-out,0,29,6.8156,0.89812
"S-N + XGBoost, bagged",leave-one-loom-out,0,30,8.3276,1.09231
"S-N + XGBoost, bagged",leave-one-loom-out,0,31,13.4768,0.76696
"S-N + XGBoost, bagged",leave-one-loom-out,0,32,7.5908,1.23815
"S-N + XGBoost, bagged",leave-one-loom-out,0,33,5.5428,2.89651
"S-N + XGBoost, bagged",leave-one-loom-out,0,34,5.7322,1.15879
"S-N + XGBoost, bagged",leave-one-loom-out,0,35,10.7022,0.66414
"S-N + XGBoost, bagged",leave-one-loom-out,0,36,5.0303,1.01246
"S-N + XGBoost, bagged",leave-one-loom-out,0,37,6.5736,0.67857
"S-N + XGBoost, bagged",leave-one-loom-out,0,38,9.2999,0.67169
"S-N + XGBoost, bagged",leave-one-loom-out,0,39,10.6250,1.21565
"S-N + XGBoost, bagged",leave-one-loom-out,0,40,7.6143,0.63453
"S-N + XGBoost, bagged",leave-one-loom-out,0,41,5.4169,0.86069
"S-N + XGBoost, bagged",leave-one-loom-out,0,42,7.7048,1.07720
"S-N + XGBoost, bagged",leave-one-loom-out,0,43,4.7945,0.73849
"S-N + XGBoost, bagged",leave-one-loom-out,0,44,8.7551,0.80472
"S-N + XGBoost, bagged",leave-one-loom-out,0,45,1.7940,0.93708
"S-N + XGBoost, bagged",leave-one-loom-out,0,46,6.0669,0.75303
"S-N + XGBoost, bagged",leave-one-loom-out,0,47,6.7308,0.64833
"S-N + XGBoost, bagged",leave-one-loom-out,0,48,5.4690,2.42564
"S-N + XGBoost, bagged",leave-one-loom-out,0,49,2.7414,3.11598
"S-N + XGBoost, bagged",leave-one-loom-out,0,50,1.9642,2.14340
"S-N + XGBoost, bagged",leave-one-loom-out,0,51,1.8827,3.13777
"S-N + XGBoost, bagged",leave-one-loom-out,0,52,2.8809,3.66010
"S-N + XGBoost, bagged",leave-one-loom-out,0,53,5.0252,1.57917
"S-N + XGBoost, bagged",leave-one-loom-out,0,54,6.7107,0.97718
"S-N + XGBoost, bagged",leave-one-loom-out,0,55,8.0833,1.06995
"S-N + XGBoost, bagged",leave-one-loom-out,0,56,10.0961,0.71787
"S-N + XGBoost, bagged",leave-one-loom-out,0,57,6.2754,1.14485
"S-N + XGBoost, bagged",leave-one-loom-out,0,58,4.8709,2.63371
"S-N + XGBoost, bagged",leave-one-loom-out,0,59,4.8142,1.25575
"S-N + XGBoost, bagged",leave-one-loom-out,0,60,8.1186,0.60450
"S-N + XGBoost, bagged",leave-one-loom-out,0,61,3.5295,1.28384
"S-N + XGBoost, bagged",leave-one-loom-out,0,62,5.7999,0.55266
"S-N + XGBoost, bagged",leave-one-loom-out,0,63,8.8172,0.78314
"S-N + XGBoost, bagged",leave-one-loom-out,0,64,7.6647,1.31709
"S-N + XGBoost, bagged",leave-one-loom-out,0,65,6.3305,0.71819
"S-N + XGBoost, bagged",leave-one-loom-out,0,66,4.7036,0.99208
"S-N + XGBoost, bagged",leave-one-loom-out,0,67,6.7726,0.95818
"S-N + XGBoost, bagged",leave-one-loom-out,0,68,4.7451,0.96457
"S-N + XGBoost, bagged",leave-one-loom-out,0,69,6.6736,0.83848
"S-N + XGBoost, bagged",leave-one-loom-out,0,70,2.6848,1.05872
"S-N + XGBoost, bagged",leave-one-loom-out,0,71,5.2583,0.76912
"S-N + XGBoost, bagged",leave-one-loom-out,0,72,4.9951,0.61976
"S-N + XGBoost, bagged",leave-one-loom-out,0,73,4.9847,3.25185
"S-N + XGBoost, bagged",leave-one-loom-out,0,74,2.7320,4.03639
"S-N + XGBoost, bagged",leave-one-loom-out,0,75,1.8194,1.65001
"S-N + XGBoost, bagged",leave-one-loom-out,0,76,3.5250,1.74323
"S-N + XGBoost, bagged",leave-one-loom-out,0,77,4.8968,2.96696
"S-N + XGBoost, bagged",leave-one-loom-out,0,78,0.9469,0.81122
"S-N + XGBoost, bagged",leave-one-loom-out,0,79,1.0397,0.68837
"S-N + XGBoost, bagged",leave-one-loom-out,0,80,1.7553,0.95813
"S-N + XGBoost, bagged",leave-one-loom-out,0,81,2.4822,1.06446
"S-N + XGBoost, bagged",leave-one-loom-out,0,82,1.3854,1.37422
"S-N + XGBoost, bagged",leave-one-loom-out,0,83,2.1409,1.99085
"S-N + XGBoost, bagged",leave-one-loom-out,0,84,5.3385,0.90552
"S-N + XGBoost, bagged",leave-one-loom-out,0,85,3.0993,0.64209
"S-N + XGBoost, bagged",leave-one-loom-out,0,86,0.9188,0.87436
"S-N + XGBoost, bagged",leave-one-loom-out,0,87,1.2133,0.65113
"S-N + XGBoost, bagged",leave-one-loom-out,0,88,5.6082,1.46493
"S-N + XGBoost, bagged",leave-one-loom-out,0,89,1.8679,1.23594
"S-N + XGBoost, bagged",leave-one-loom-out,0,90,1.3333,0.80869
"S-N + XGBoost, bagged",leave-one-loom-out,0,91,1.6832,0.79697
"S-N + XGBoost, bagged",leave-one-loom-out,0,92,1.5041,0.71843
"S-N + XGBoost, bagged",leave-one-loom-out,0,93,1.1527,0.82637
"S-N + XGBoost, bagged",leave-one-loom-out,0,94,1.9113,0.79765
"S-N + XGBoost, bagged",leave-one-loom-out,0,95,1.4892,0.85968
"S-N + XGBoost, bagged",leave-one-loom-out,0,96,3.1452,0.72548
"S-N + XGBoost, bagged",leave-one-loom-out,0,97,2.0049,1.09686
"S-N + XGBoost, bagged",leave-one-loom-out,0,98,1.9582,1.72849
"S-N + XGBoost, bagged",leave-one-loom-out,0,99,1.5521,1.13413
"S-N + XGBoost, bagged",leave-one-loom-out,0,100,3.8554,0.91206
"S-N + XGBoost, bagged",leave-one-loom-out,0,101,4.1044,1.18722
"S-N + XGBoost, bagged",leave-one-loom-out,0,102,4.8058,1.61607
"S-N + XGBoost, bagged",leave-one-loom-out,0,103,1.8631,0.86044
"S-N + XGBoost, bagged",leave-one-loom-out,0,104,2.0583,0.63113
"S-N + XGBoost, bagged",leave-one-loom-out,0,105,0.9447,0.68681
"S-N + XGBoost, bagged",leave-one-loom-out,0,106,2.7802,1.00505
"S-N + XGBoost, bagged",leave-one-loom-out,0,107,1.4167,0.91978
"S-N + XGBoost, bagged",leave-one-loom-out,0,108,1.2991,1.66418
"S-N + XGBoost, bagged",leave-one-loom-out,0,109,5.2176,0.99064
"S-N + XGBoost, bagged",leave-one-loom-out,0,110,2.1892,0.53704
"S-N + XGBoost, bagged",leave-one-loom-out,0,111,1.8377,0.93427
"S-N + XGBoost, bagged",leave-one-loom-out,0,112,1.6468,0.62062
"S-N + XGBoost, bagged",leave-one-loom-out,0,113,6.5078,1.04546
"S-N + XGBoost, bagged",leave-one-loom-out,0,114,0.7801,0.91763
"S-N + XGBoost, bagged",leave-one-loom-out,0,115,1.6264,0.73040
"S-N + XGBoost, bagged",leave-one-loom-out,0,116,2.2336,0.66407
"S-N + XGBoost, bagged",leave-one-loom-out,0,117,1.7218,0.56010
"S-N + XGBoost, bagged",leave-one-loom-out,0,118,2.3540,0.92225
"S-N + XGBoost, bagged",leave-one-loom-out,0,119,0.4785,0.59440
"S-N + XGBoost, bagged",leave-one-loom-out,0,120,2.1152,0.71170
"S-N + XGBoost, bagged",leave-one-loom-out,0,121,3.2548,0.90924
"S-N + XGBoost, bagged",leave-one-loom-out,0,122,2.3843,0.88087
"S-N + XGBoost, bagged",leave-one-loom-out,0,123,1.5515,1.50150
"S-N + XGBoost, bagged",leave-one-loom-out,0,124,3.6688,1.34476
"S-N + XGBoost, bagged",leave-one-loom-out,1,125,1.7267,1.00427
"S-N + XGBoost, bagged",leave-one-loom-out,1,126,2.9361,1.68274
"S-N + XGBoost, bagged",leave-one-loom-out,1,127,1.9870,1.62280
"S-N + XGBoost, bagged",leave-one-loom-out,1,128,1.3973,1.34736
"S-N + XGBoost, bagged",leave-one-loom-out,1,129,1.3186,0.68105
"S-N + XGBoost, bagged",leave-one-loom-out,1,130,1.5100,0.86212
"S-N + XGBoost, bagged",leave-one-loom-out,1,131,1.8457,0.92084
"S-N + XGBoost, bagged",leave-one-loom-out,1,132,1.4927,0.84830
"S-N + XGBoost, bagged",leave-one-loom-out,1,133,2.2818,2.12979
"S-N + XGBoost, bagged",leave-one-loom-out,1,134,3.0795,1.81179
"S-N + XGBoost, bagged",leave-one-loom-out,1,135,1.4926,0.79309
"S-N + XGBoost, bagged",leave-one-loom-out,1,136,1.6207,1.45498
"S-N + XGBoost, bagged",leave-one-loom-out,1,137,1.3001,0.74537
"S-N + XGBoost, bagged",leave-one-loom-out,1,138,3.3517,1.13290
"S-N + XGBoost, bagged",leave-one-loom-out,1,139,1.1744,0.88360
"S-N + XGBoost, bagged",leave-one-loom-out,1,140,1.4922,0.78488
"S-N + XGBoost, bagged",leave-one-loom-out,1,141,2.3340,0.78549
"S-N + XGBoost, bagged",leave-one-loom-out,1,142,1.3609,0.72771
"S-N + XGBoost, bagged",leave-one-loom-out,1,143,1.7320,0.97859
"S-N + XGBoost, bagged",leave-one-loom-out,1,144,1.3203,0.97453
"S-N + XGBoost, bagged",leave-one-loom-out,1,145,1.6347,1.37080
"S-N + XGBoost, bagged",leave-one-loom-out,1,146,1.4056,1.06128
"S-N + XGBoost, bagged",leave-one-loom-out,1,147,3.0127,0.81997
"S-N + XGBoost, bagged",leave-one-loom-out,1,148,4.8963,1.10842
"S-N + XGBoost, bagged",leave-one-loom-out,1,149,5.8013,1.14875
"S-N + XGBoost, bagged",leave-one-loom-out,1,150,3.6655,0.91881
"S-N + XGBoost, bagged",leave-one-loom-out,1,151,7.2537,1.70902
"S-N + XGBoost, bagged",leave-one-loom-out,1,152,6.3439,1.63678
"S-N + XGBoost, bagged",leave-one-loom-out,1,153,4.4482,1.42710
"S-N + XGBoost, bagged",leave-one-loom-out,1,154,4.3344,0.87294
"S-N + XGBoost, bagged",leave-one-loom-out,1,155,3.3410,1.02031
"S-N + XGBoost, bagged",leave-one-loom-out,1,156,3.2906,0.95304
"S-N + XGBoost, bagged",leave-one-loom-out,1,157,3.1855,0.97155
"S-N + XGBoost, bagged",leave-one-loom-out,1,158,7.8205,2.96099
"S-N + XGBoost, bagged",leave-one-loom-out,1,159,6.0253,1.66370
"S-N + XGBoost, bagged",leave-one-loom-out,1,160,4.0738,0.60475
"S-N + XGBoost, bagged",leave-one-loom-out,1,161,5.3417,1.81362
"S-N + XGBoost, bagged",leave-one-loom-out,1,162,4.1999,0.68145
"S-N + XGBoost, bagged",leave-one-loom-out,1,163,5.1483,0.87934
"S-N + XGBoost, bagged",leave-one-loom-out,1,164,2.8671,0.80295
"S-N + XGBoost, bagged",leave-one-loom-out,1,165,3.7727,0.65104
"S-N + XGBoost, bagged",leave-one-loom-out,1,166,6.0340,0.86596
"S-N + XGBoost, bagged",leave-one-loom-out,1,167,3.2863,0.60250
"S-N + XGBoost, bagged",leave-one-loom-out,1,168,5.5474,1.23120
"S-N + XGBoost, bagged",leave-one-loom-out,1,169,3.1864,0.89879
"S-N + XGBoost, bagged",leave-one-loom-out,1,170,5.1527,1.34781
"S-N + XGBoost, bagged",leave-one-loom-out,1,171,4.6437,1.02662
"S-N + XGBoost, bagged",leave-one-loom-out,1,172,5.7187,0.83014
"S-N + XGBoost, bagged",leave-one-loom-out,1,173,4.6408,1.01699
"S-N + XGBoost, bagged",leave-one-loom-out,1,174,10.4446,1.24050
"S-N + XGBoost, bagged",leave-one-loom-out,1,175,1.7204,0.92407
"S-N + XGBoost, bagged",leave-one-loom-out,1,176,2.5630,1.46749
"S-N + XGBoost, bagged",leave-one-loom-out,1,177,2.2175,1.38193
"S-N + XGBoost, bagged",leave-one-loom-out,1,178,1.9596,1.21046
"S-N + XGBoost, bagged",leave-one-loom-out,1,179,1.5458,0.69928
"S-N + XGBoost, bagged",leave-one-loom-out,1,180,1.1706,0.70945
"S-N + XGBoost, bagged",leave-one-loom-out,1,181,2.3540,0.87035
"S-N + XGBoost, bagged",leave-one-loom-out,1,182,1.5690,0.80946
"S-N + XGBoost, bagged",leave-one-loom-out,1,183,3.3911,1.97975
"S-N + XGBoost, bagged",leave-one-loom-out,1,184,2.5262,1.52267
"S-N + XGBoost, bagged",leave-one-loom-out,1,185,2.6451,0.63636
"S-N + XGBoost, bagged",leave-one-loom-out,1,186,2.5531,1.34020
"S-N + XGBoost, bagged",leave-one-loom-out,1,187,1.5106,0.66521
"S-N + XGBoost, bagged",leave-one-loom-out,1,188,3.8402,0.91465
"S-N + XGBoost, bagged",leave-one-loom-out,1,189,1.5421,0.69786
"S-N + XGBoost, bagged",leave-one-loom-out,1,190,1.9380,0.63157
"S-N + XGBoost, bagged",leave-one-loom-out,1,191,3.7589,0.79697
"S-N + XGBoost, bagged",leave-one-loom-out,1,192,1.2860,0.66429
"S-N + XGBoost, bagged",leave-one-loom-out,1,193,1.9474,0.93804
"S-N + XGBoost, bagged",leave-one-loom-out,1,194,1.4134,0.89067
"S-N + XGBoost, bagged",leave-one-loom-out,1,195,2.0141,1.32413
"S-N + XGBoost, bagged",leave-one-loom-out,1,196,2.5915,1.09231
"S-N + XGBoost, bagged",leave-one-loom-out,1,197,3.7619,0.74695
"S-N + XGBoost, bagged",leave-one-loom-out,1,198,4.4256,1.01555
"S-N + XGBoost, bagged",leave-one-loom-out,1,199,6.7603,1.14842
"S-N + XGBoost, bagged",leave-one-loom-out,1,200,5.0104,2.02102
"S-N + XGBoost, bagged",leave-one-loom-out,1,201,2.7998,2.37442
"S-N + XGBoost, bagged",leave-one-loom-out,1,202,2.8095,3.22268
"S-N + XGBoost, bagged",leave-one-loom-out,1,203,4.8199,1.84468
"S-N + XGBoost, bagged",leave-one-loom-out,1,204,5.4414,1.76085
"S-N + XGBoost, bagged",leave-one-loom-out,1,205,7.2400,1.91366
"S-N + XGBoost, bagged",leave-one-loom-out,1,206,6.5979,1.84366
"S-N + XGBoost, bagged",leave-one-loom-out,1,207,5.4673,2.33913
"S-N + XGBoost, bagged",leave-one-loom-out,1,208,3.1112,2.91860
"S-N + XGBoost, bagged",leave-one-loom-out,1,209,1.8104,2.21895
"S-N + XGBoost, bagged",leave-one-loom-out,1,210,4.7190,1.97237
"S-N + XGBoost, bagged",leave-one-loom-out,1,211,3.8209,1.70404
"S-N + XGBoost, bagged",leave-one-loom-out,1,212,4.6124,1.89719
"S-N + XGBoost, bagged",leave-one-loom-out,1,213,2.2448,1.82447
"S-N + XGBoost, bagged",leave-one-loom-out,1,214,7.5481,2.03327
"S-N + XGBoost, bagged",leave-one-loom-out,1,215,5.2268,1.92536
"S-N + XGBoost, bagged",leave-one-loom-out,1,216,3.0695,1.77225
"S-N + XGBoost, bagged",leave-one-loom-out,1,217,5.9394,2.05700
"S-N + XGBoost, bagged",leave-one-loom-out,1,218,4.1374,1.87758
"S-N + XGBoost, bagged",leave-one-loom-out,1,219,5.7813,1.72027
"S-N + XGBoost, bagged",leave-one-loom-out,1,220,3.0647,1.69111
"S-N + XGBoost, bagged",leave-one-loom-out,1,221,2.6185,1.72297
"S-N + XGBoost, bagged",leave-one-loom-out,1,222,3.9282,1.85204
"S-N + XGBoost, bagged",leave-one-loom-out,1,223,7.1548,1.75757
"S-N + XGBoost, bagged",leave-one-loom-out,1,224,8.2522,1.62858
"S-N + XGBoost, bagged",leave-one-loom-out,1,225,1.9427,0.82351
"S-N + XGBoost, bagged",leave-one-loom-out,1,226,1.4609,2.54730
"S-N + XGBoost, bagged",leave-one-loom-out,1,227,3.3140,2.12869
"S-N + XGBoost, bagged",leave-one-loom-out,1,228,7.9446,0.76484
"S-N + XGBoost, bagged",leave-one-loom-out,1,229,9.4662,0.85644
"S-N + XGBoost, bagged",leave-one-loom-out,1,230,7.3614,1.23511
"S-N + XGBoost, bagged",leave-one-loom-out,1,231,5.4345,1.13192
"S-N + XGBoost, bagged",leave-one-loom-out,1,232,5.1483,1.14118
"S-N + XGBoost, bagged",leave-one-loom-out,1,233,2.0795,2.46682
"S-N + XGBoost, bagged",leave-one-loom-out,1,234,2.0669,1.15029
"S-N + XGBoost, bagged",leave-one-loom-out,1,235,3.7064,0.80522
"S-N + XGBoost, bagged",leave-one-loom-out,1,236,4.6170,0.97903
"S-N + XGBoost, bagged",leave-one-loom-out,1,237,4.2490,0.65545
"S-N + XGBoost, bagged",leave-one-loom-out,1,238,3.1258,0.77498
"S-N + XGBoost, bagged",leave-one-loom-out,1,239,4.8811,1.05098
"S-N + XGBoost, bagged",leave-one-loom-out,1,240,3.9242,0.87292
"S-N + XGBoost, bagged",leave-one-loom-out,1,241,2.9550,0.69201
"S-N + XGBoost, bagged",leave-one-loom-out,1,242,3.7652,0.85475
"S-N + XGBoost, bagged",leave-one-loom-out,1,243,5.4702,0.78787
"S-N + XGBoost, bagged",leave-one-loom-out,1,244,3.8941,0.67797
"S-N + XGBoost, bagged",leave-one-loom-out,1,245,4.1476,0.82972
"S-N + XGBoost, bagged",leave-one-loom-out,1,246,2.6265,0.60224
"S-N + XGBoost, bagged",leave-one-loom-out,1,247,3.8683,0.88020
"S-N + XGBoost, bagged",leave-one-loom-out,1,248,6.4704,0.85252
"S-N + XGBoost, bagged",leave-one-loom-out,1,249,8.5525,0.86026
"S-N + XGBoost, bagged",leave-one-loom-out,2,250,2.6074,0.94874
"S-N + XGBoost, bagged",leave-one-loom-out,2,251,2.1113,1.25135
"S-N + XGBoost, bagged",leave-one-loom-out,2,252,1.7943,1.62808
"S-N + XGBoost, bagged",leave-one-loom-out,2,253,2.1448,1.09291
"S-N + XGBoost, bagged",leave-one-loom-out,2,254,1.6951,0.87227
"S-N + XGBoost, bagged",leave-one-loom-out,2,255,2.1858,1.05418
"S-N + XGBoost, bagged",leave-one-loom-out,2,256,1.5193,1.33013
"S-N + XGBoost, bagged",leave-one-loom-out,2,257,1.6534,1.27859
"S-N + XGBoost, bagged",leave-one-loom-out,2,258,2.8477,2.65415
"S-N + XGBoost, bagged",leave-one-loom-out,2,259,1.1317,1.02241
"S-N + XGBoost, bagged",leave-one-loom-out,2,260,1.8977,0.77853
"S-N + XGBoost, bagged",leave-one-loom-out,2,261,2.3742,0.95479
"S-N + XGBoost, bagged",leave-one-loom-out,2,262,2.0277,0.77253
"S-N + XGBoost, bagged",leave-one-loom-out,2,263,0.9875,0.73967
"S-N + XGBoost, bagged",leave-one-loom-out,2,264,1.6787,1.00288
"S-N + XGBoost, bagged",leave-one-loom-out,2,265,2.3950,0.76786
"S-N + XGBoost, bagged",leave-one-loom-out,2,266,3.0751,1.05455
"S-N + XGBoost, bagged",leave-one-loom-out,2,267,1.6520,0.79704
"S-N + XGBoost, bagged",leave-one-loom-out,2,268,1.6872,0.91466
"S-N + XGBoost, bagged",leave-one-loom-out,2,269,0.9153,0.86489
"S-N + XGBoost, bagged",leave-one-loom-out,2,270,2.5354,1.20019
"S-N + XGBoost, bagged",leave-one-loom-out,2,271,1.8694,0.86103
"S-N + XGBoost, bagged",leave-one-loom-out,2,272,2.6512,1.00930
"S-N + XGBoost, bagged",leave-one-loom-out,2,273,2.6259,1.19921
"S-N + XGBoost, bagged",leave-one-loom-out,2,274,2.9946,1.61705
"S-N + XGBoost, bagged",leave-one-loom-out,2,275,4.1022,1.90065
"S-N + XGBoost, bagged",leave-one-loom-out,2,276,4.0519,2.64337
"S-N + XGBoost, bagged",leave-one-loom-out,2,277,3.1566,3.15469
"S-N + XGBoost, bagged",leave-one-loom-out,2,278,3.8041,1.55593
"S-N + XGBoost, bagged",leave-one-loom-out,2,279,3.3169,1.41539
"S-N + XGBoost, bagged",leave-one-loom-out,2,280,3.7562,1.63001
"S-N + XGBoost, bagged",leave-one-loom-out,2,281,4.2035,1.58539
"S-N + XGBoost, bagged",leave-one-loom-out,2,282,3.6377,1.59307
"S-N + XGBoost, bagged",leave-one-loom-out,2,283,6.4825,3.03311
"S-N + XGBoost, bagged",leave-one-loom-out,2,284,4.6495,1.44529
"S-N + XGBoost, bagged",leave-one-loom-out,2,285,3.7621,1.51515
"S-N + XGBoost, bagged",leave-one-loom-out,2,286,3.0669,1.29186
"S-N + XGBoost, bagged",leave-one-loom-out,2,287,3.2121,1.18559
"S-N + XGBoost, bagged",leave-one-loom-out,2,288,5.3083,1.40843
"S-N + XGBoost, bagged",leave-one-loom-out,2,289,4.0321,1.39910
"S-N + XGBoost, bagged",leave-one-loom-out,2,290,5.1189,1.26774
"S-N + XGBoost, bagged",leave-one-loom-out,2,291,3.7679,1.37942
"S-N + XGBoost, bagged",leave-one-loom-out,2,292,3.3700,1.52883
"S-N + XGBoost, bagged",leave-one-loom-out,2,293,2.9928,1.19712
"S-N + XGBoost, bagged",leave-one-loom-out,2,294,3.2690,1.47578
"S-N + XGBoost, bagged",leave-one-loom-out,2,295,2.4495,1.23961
"S-N + XGBoost, bagged",leave-one-loom-out,2,296,3.9770,1.29185
"S-N + XGBoost, bagged",leave-one-loom-out,2,297,3.8676,1.22413
"S-N + XGBoost, bagged",leave-one-loom-out,2,298,4.7442,1.93064
"S-N + XGBoost, bagged",leave-one-loom-out,2,299,3.8220,1.74773
"S-N + XGBoost, bagged",leave-one-loom-out,2,300,3.3131,0.66939
"S-N + XGBoost, bagged",leave-one-loom-out,2,301,2.3389,1.60100
"S-N + XGBoost, bagged",leave-one-loom-out,2,302,1.0698,2.55415
"S-N + XGBoost, bagged",leave-one-loom-out,2,303,1.5641,0.75295
"S-N + XGBoost, bagged",leave-one-loom-out,2,304,0.9349,0.66493
"S-N + XGBoost, bagged",leave-one-loom-out,2,305,1.5540,0.67698
"S-N + XGBoost, bagged",leave-one-loom-out,2,306,1.5636,0.45976
"S-N + XGBoost, bagged",leave-one-loom-out,2,307,0.4219,1.06938
"S-N + XGBoost, bagged",leave-one-loom-out,2,308,3.7050,1.68711
"S-N + XGBoost, bagged",leave-one-loom-out,2,309,1.1532,0.73157
"S-N + XGBoost, bagged",leave-one-loom-out,2,310,0.9082,0.47870
"S-N + XGBoost, bagged",leave-one-loom-out,2,311,0.9830,0.86773
"S-N + XGBoost, bagged",leave-one-loom-out,2,312,0.6765,0.48250
"S-N + XGBoost, bagged",leave-one-loom-out,2,313,2.3469,0.68879
"S-N + XGBoost, bagged",leave-one-loom-out,2,314,1.9422,0.65314
"S-N + XGBoost, bagged",leave-one-loom-out,2,315,1.1337,0.48845
"S-N + XGBoost, bagged",leave-one-loom-out,2,316,1.0904,0.53528
"S-N + XGBoost, bagged",leave-one-loom-out,2,317,1.5036,0.51456
"S-N + XGBoost, bagged",leave-one-loom-out,2,318,1.1786,0.79943
"S-N + XGBoost, bagged",leave-one-loom-out,2,319,1.3725,0.40961
"S-N + XGBoost, bagged",leave-one-loom-out,2,320,0.9998,0.65820
"S-N + XGBoost, bagged",leave-one-loom-out,2,321,1.4950,0.41848
"S-N + XGBoost, bagged",leave-one-loom-out,2,322,1.5521,0.63903
"S-N + XGBoost, bagged",leave-one-loom-out,2,323,1.9445,0.83975
"S-N + XGBoost, bagged",leave-one-loom-out,2,324,3.1304,1.14184
"S-N + XGBoost, bagged",leave-one-loom-out,2,325,2.2746,0.96252
"S-N + XGBoost, bagged",leave-one-loom-out,2,326,1.9851,0.92949
"S-N + XGBoost, bagged",leave-one-loom-out,2,327,0.6279,2.01138
"S-N + XGBoost, bagged",leave-one-loom-out,2,328,1.7224,0.86998
"S-N + XGBoost, bagged",leave-one-loom-out,2,329,1.0719,0.79797
"S-N + XGBoost, bagged",leave-one-loom-out,2,330,3.8672,1.17735
"S-N + XGBoost, bagged",leave-one-loom-out,2,331,2.1510,1.35838
"S-N + XGBoost, bagged",leave-one-loom-out,2,332,1.1713,1.47038
"S-N + XGBoost, bagged",leave-one-loom-out,2,333,3.0594,2.52673
"S-N + XGBoost, bagged",leave-one-loom-out,2,334,0.5231,0.84698
"S-N + XGBoost, bagged",leave-one-loom-out,2,335,0.7737,0.74811
"S-N + XGBoost, bagged",leave-one-loom-out,2,336,2.0385,0.90849
"S-N + XGBoost, bagged",leave-one-loom-out,2,337,1.0514,0.75279
"S-N + XGBoost, bagged",leave-one-loom-out,2,338,0.2489,0.71064
"S-N + XGBoost, bagged",leave-one-loom-out,2,339,1.6557,0.97383
"S-N + XGBoost, bagged",leave-one-loom-out,2,340,0.9946,0.70787
"S-N + XGBoost, bagged",leave-one-loom-out,2,341,1.1771,0.98594
"S-N + XGBoost, bagged",leave-one-loom-out,2,342,1.3055,0.67027
"S-N + XGBoost, bagged",leave-one-loom-out,2,343,1.3406,0.78551
"S-N + XGBoost, bagged",leave-one-loom-out,2,344,0.8804,0.80942
"S-N + XGBoost, bagged",leave-one-loom-out,2,345,1.2051,1.07813
"S-N + XGBoost, bagged",leave-one-loom-out,2,346,0.4085,0.73824
"S-N + XGBoost, bagged",leave-one-loom-out,2,347,1.6293,0.97956
"S-N + XGBoost, bagged",leave-one-loom-out,2,348,2.7740,1.07217
"S-N + XGBoost, bagged",leave-one-loom-out,2,349,2.3504,1.46369
"S-N + XGBoost, bagged",leave-one-loom-out,2,350,6.4320,0.98678
"S-N + XGBoost, bagged",leave-one-loom-out,2,351,5.3917,1.28367
"S-N + XGBoost, bagged",leave-one-loom-out,2,352,3.6793,1.33311
"S-N + XGBoost, bagged",leave-one-loom-out,2,353,2.5816,1.36619
"S-N + XGBoost, bagged",leave-one-loom-out,2,354,2.4966,0.98644
"S-N + XGBoost, bagged",leave-one-loom-out,2,355,3.1028,0.89049
"S-N + XGBoost, bagged",leave-one-loom-out,2,356,3.6193,0.88657
"S-N + XGBoost, bagged",leave-one-loom-out,2,357,2.4059,0.86566
"S-N + XGBoost, bagged",leave-one-loom-out,2,358,5.0006,1.46861
"S-N + XGBoost, bagged",leave-one-loom-out,2,359,2.7570,1.18065
"S-N + XGBoost, bagged",leave-one-loom-out,2,360,2.8178,0.57171
"S-N + XGBoost, bagged",leave-one-loom-out,2,361,2.7249,1.08098
"S-N + XGBoost, bagged",leave-one-loom-out,2,362,2.6994,0.69781
"S-N + XGBoost, bagged",leave-one-loom-out,2,363,3.3254,0.87570
"S-N + XGBoost, bagged",leave-one-loom-out,2,364,2.9024,1.05000
"S-N + XGBoost, bagged",leave-one-loom-out,2,365,2.7010,0.65896
"S-N + XGBoost, bagged",leave-one-loom-out,2,366,3.7039,0.74104
"S-N + XGBoost, bagged",leave-one-loom-out,2,367,1.7659,0.95358
"S-N + XGBoost, bagged",leave-one-loom-out,2,368,2.5961,0.93846
"S-N + XGBoost, bagged",leave-one-loom-out,2,369,2.5850,0.73665
"S-N + XGBoost, bagged",leave-one-loom-out,2,370,2.4887,1.17634
"S-N + XGBoost, bagged",leave-one-loom-out,2,371,3.0291,1.01276
"S-N + XGBoost, bagged",leave-one-loom-out,2,372,2.9734,0.84666
"S-N + XGBoost, bagged",leave-one-loom-out,2,373,5.7408,1.26785
"S-N + XGBoost, bagged",leave-one-loom-out,2,374,4.5528,1.74413
"S-N + XGBoost, bagged",leave-one-loom-out,3,375,5.7355,0.68602
"S-N + XGBoost, bagged",leave-one-loom-out,3,376,4.4360,1.14096
"S-N + XGBoost, bagged",leave-one-loom-out,3,377,5.4122,1.03051
"S-N + XGBoost, bagged",leave-one-loom-out,3,378,3.4993,0.66000
"S-N + XGBoost, bagged",leave-one-loom-out,3,379,1.6770,0.43807
"S-N + XGBoost, bagged",leave-one-loom-out,3,380,1.5682,0.47925
"S-N + XGBoost, bagged",leave-one-loom-out,3,381,2.4679,0.44156
"S-N + XGBoost, bagged",leave-one-loom-out,3,382,2.3061,0.58721
"S-N + XGBoost, bagged",leave-one-loom-out,3,383,2.4013,2.24277
"S-N + XGBoost, bagged",leave-one-loom-out,3,384,3.2170,0.69194
"S-N + XGBoost, bagged",leave-one-loom-out,3,385,0.8955,0.43938
"S-N + XGBoost, bagged",leave-one-loom-out,3,386,1.6897,0.61937
"S-N + XGBoost, bagged",leave-one-loom-out,3,387,1.3305,0.50587
"S-N + XGBoost, bagged",leave-one-loom-out,3,388,2.2930,0.60328
"S-N + XGBoost, bagged",leave-one-loom-out,3,389,0.9718,0.62374
"S-N + XGBoost, bagged",leave-one-loom-out,3,390,1.0949,0.41278
"S-N + XGBoost, bagged",leave-one-loom-out,3,391,2.8083,0.47751
"S-N + XGBoost, bagged",leave-one-loom-out,3,392,1.6841,0.83658
"S-N + XGBoost, bagged",leave-one-loom-out,3,393,1.2130,0.57850
"S-N + XGBoost, bagged",leave-one-loom-out,3,394,1.1265,0.38934
"S-N + XGBoost, bagged",leave-one-loom-out,3,395,2.9240,0.82443
"S-N + XGBoost, bagged",leave-one-loom-out,3,396,2.2996,0.40305
"S-N + XGBoost, bagged",leave-one-loom-out,3,397,1.8399,0.55275
"S-N + XGBoost, bagged",leave-one-loom-out,3,398,3.8330,0.83449
"S-N + XGBoost, bagged",leave-one-loom-out,3,399,7.3310,0.81996
"S-N + XGBoost, bagged",leave-one-loom-out,3,400,2.9765,0.61002
"S-N + XGBoost, bagged",leave-one-loom-out,3,401,3.3149,1.58258
"S-N + XGBoost, bagged",leave-one-loom-out,3,402,5.4266,2.87418
"S-N + XGBoost, bagged",leave-one-loom-out,3,403,2.7401,0.45876
"S-N + XGBoost, bagged",leave-one-loom-out,3,404,2.0379,0.33608
"S-N + XGBoost, bagged",leave-one-loom-out,3,405,3.4745,0.58827
"S-N + XGBoost, bagged",leave-one-loom-out,3,406,2.8336,0.48850
"S-N + XGBoost, bagged",leave-one-loom-out,3,407,4.1916,0.87251
"S-N + XGBoost, bagged",leave-one-loom-out,3,408,1.9398,3.19574
"S-N + XGBoost, bagged",leave-one-loom-out,3,409,1.8687,0.70966
"S-N + XGBoost, bagged",leave-one-loom-out,3,410,0.9916,0.46789
"S-N + XGBoost, bagged",leave-one-loom-out,3,411,1.2659,0.62000
"S-N + XGBoost, bagged",leave-one-loom-out,3,412,0.5385,0.58311
"S-N + XGBoost, bagged",leave-one-loom-out,3,413,1.2073,0.58254
"S-N + XGBoost, bagged",leave-one-loom-out,3,414,1.5647,1.18412
"S-N + XGBoost, bagged",leave-one-loom-out,3,415,1.1660,0.43207
"S-N + XGBoost, bagged",leave-one-loom-out,3,416,1.5832,0.67168
"S-N + XGBoost, bagged",leave-one-loom-out,3,417,0.6161,0.50482
"S-N + XGBoost, bagged",leave-one-loom-out,3,418,0.8782,0.38840
"S-N + XGBoost, bagged",leave-one-loom-out,3,419,2.3537,0.42914
"S-N + XGBoost, bagged",leave-one-loom-out,3,420,2.1572,0.55132
"S-N + XGBoost, bagged",leave-one-loom-out,3,421,0.7075,0.53775
"S-N + XGBoost, bagged",leave-one-loom-out,3,422,1.2300,0.90580
"S-N + XGBoost, bagged",leave-one-loom-out,3,423,1.6496,0.74720
"S-N + XGBoost, bagged",leave-one-loom-out,3,424,5.4464,0.84511
"S-N + XGBoost, bagged",leave-one-loom-out,3,425,5.5577,0.67497
"S-N + XGBoost, bagged",leave-one-loom-out,3,426,6.9272,1.16916
"S-N + XGBoost, bagged",leave-one-loom-out,3,427,7.6926,1.01962
"S-N + XGBoost, bagged",leave-one-loom-out,3,428,4.6326,0.67135
"S-N + XGBoost, bagged",leave-one-loom-out,3,429,3.5935,0.43423
"S-N + XGBoost, bagged",leave-one-loom-out,3,430,3.1511,0.48046
"S-N + XGBoost, bagged",leave-one-loom-out,3,431,3.5795,0.44008
"S-N + XGBoost, bagged",leave-one-loom-out,3,432,3.0397,0.60668
"S-N + XGBoost, bagged",leave-one-loom-out,3,433,5.2976,2.21593
"S-N + XGBoost, bagged",leave-one-loom-out,3,434,4.6620,0.71131
"S-N + XGBoost, bagged",leave-one-loom-out,3,435,3.9685,0.43293
"S-N + XGBoost, bagged",leave-one-loom-out,3,436,4.2657,0.60606
"S-N + XGBoost, bagged",leave-one-loom-out,3,437,4.0759,0.50108
"S-N + XGBoost, bagged",leave-one-loom-out,3,438,4.6815,0.59566
"S-N + XGBoost, bagged",leave-one-loom-out,3,439,4.1691,0.61462
"S-N + XGBoost, bagged",leave-one-loom-out,3,440,4.4581,0.41237
"S-N + XGBoost, bagged",leave-one-loom-out,3,441,4.7771,0.45449
"S-N + XGBoost, bagged",leave-one-loom-out,3,442,4.6346,0.84254
"S-N + XGBoost, bagged",leave-one-loom-out,3,443,3.8783,0.56302
"S-N + XGBoost, bagged",leave-one-loom-out,3,444,2.8085,0.41152
"S-N + XGBoost, bagged",leave-one-loom-out,3,445,4.4769,0.84497
"S-N + XGBoost, bagged",leave-one-loom-out,3,446,4.7446,0.41186
"S-N + XGBoost, bagged",leave-one-loom-out,3,447,3.8524,0.53119
"S-N + XGBoost, bagged",leave-one-loom-out,3,448,5.0090,0.87020
"S-N + XGBoost, bagged",leave-one-loom-out,3,449,8.3148,0.83865
"S-N + XGBoost, bagged",leave-one-loom-out,3,450,0.6563,0.74978
"S-N + XGBoost, bagged",leave-one-loom-out,3,451,1.9163,1.40516
"S-N + XGBoost, bagged",leave-one-loom-out,3,452,3.0627,1.26806
"S-N + XGBoost, bagged",leave-one-loom-out,3,453,1.3721,0.69485
"S-N + XGBoost, bagged",leave-one-loom-out,3,454,0.7796,0.55591
"S-N + XGBoost, bagged",leave-one-loom-out,3,455,1.5579,0.71832
"S-N + XGBoost, bagged",leave-one-loom-out,3,456,3.2358,0.61882
"S-N + XGBoost, bagged",leave-one-loom-out,3,457,2.9574,0.76691
"S-N + XGBoost, bagged",leave-one-loom-out,3,458,1.3663,2.32612
"S-N + XGBoost, bagged",leave-one-loom-out,3,459,1.4696,0.92060
"S-N + XGBoost, bagged",leave-one-loom-out,3,460,1.3558,0.65999
"S-N + XGBoost, bagged",leave-one-loom-out,3,461,0.9419,0.57284
"S-N + XGBoost, bagged",leave-one-loom-out,3,462,1.1888,0.57086
"S-N + XGBoost, bagged",leave-one-loom-out,3,463,4.3159,1.22896
"S-N + XGBoost, bagged",leave-one-loom-out,3,464,1.8780,0.86436
"S-N + XGBoost, bagged",leave-one-loom-out,3,465,3.1858,0.53695
"S-N + XGBoost, bagged",leave-one-loom-out,3,466,1.0622,0.57115
"S-N + XGBoost, bagged",leave-one-loom-out,3,467,1.7697,1.06273
"S-N + XGBoost, bagged",leave-one-loom-out,3,468,1.1159,0.58047
"S-N + XGBoost, bagged",leave-one-loom-out,3,469,2.6947,0.53114
"S-N + XGBoost, bagged",leave-one-loom-out,3,470,0.9248,0.60158
"S-N + XGBoost, bagged",leave-one-loom-out,3,471,2.2119,0.61470
"S-N + XGBoost, bagged",leave-one-loom-out,3,472,1.2434,0.91751
"S-N + XGBoost, bagged",leave-one-loom-out,3,473,1.6273,0.72323
"S-N + XGBoost, bagged",leave-one-loom-out,3,474,1.8662,0.84066
"S-N + XGBoost, bagged",leave-one-loom-out,3,475,1.5009,0.70346
"S-N + XGBoost, bagged",leave-one-loom-out,3,476,2.5063,1.42013
"S-N + XGBoost, bagged",leave-one-loom-out,3,477,4.4056,2.00764
"S-N + XGBoost, bagged",leave-one-loom-out,3,478,2.2716,0.54997
"S-N + XGBoost, bagged",leave-one-loom-out,3,479,1.9110,0.65697
"S-N + XGBoost, bagged",leave-one-loom-out,3,480,1.8667,0.78120
"S-N + XGBoost, bagged",leave-one-loom-out,3,481,1.2082,0.63438
"S-N + XGBoost, bagged",leave-one-loom-out,3,482,2.0039,0.78560
"S-N + XGBoost, bagged",leave-one-loom-out,3,483,2.7548,1.77090
"S-N + XGBoost, bagged",leave-one-loom-out,3,484,1.3476,0.79629
"S-N + XGBoost, bagged",leave-one-loom-out,3,485,0.7667,0.55954
"S-N + XGBoost, bagged",leave-one-loom-out,3,486,1.8354,0.61597
"S-N + XGBoost, bagged",leave-one-loom-out,3,487,0.9789,0.63695
"S-N + XGBoost, bagged",leave-one-loom-out,3,488,1.8531,0.69542
"S-N + XGBoost, bagged",leave-one-loom-out,3,489,1.5753,0.76939
"S-N + XGBoost, bagged",leave-one-loom-out,3,490,2.5164,0.49887
"S-N + XGBoost, bagged",leave-one-loom-out,3,491,3.0969,0.62041
"S-N + XGBoost, bagged",leave-one-loom-out,3,492,1.3895,0.59903
"S-N + XGBoost, bagged",leave-one-loom-out,3,493,2.3867,0.62829
"S-N + XGBoost, bagged",leave-one-loom-out,3,494,2.0072,0.44984
"S-N + XGBoost, bagged",leave-one-loom-out,3,495,1.3205,0.79840
"S-N + XGBoost, bagged",leave-one-loom-out,3,496,1.9309,0.59437
"S-N + XGBoost, bagged",leave-one-loom-out,3,497,1.4129,0.58985
"S-N + XGBoost, bagged",leave-one-loom-out,3,498,1.1223,0.75111
"S-N + XGBoost, bagged",leave-one-loom-out,3,499,4.7326,0.91542
"S-N + XGBoost, bagged",leave-one-loom-out,4,500,8.5138,0.59160
"S-N + XGBoost, bagged",leave-one-loom-out,4,501,8.7606,1.10037
"S-N + XGBoost, bagged",leave-one-loom-out,4,502,11.2062,0.65370
"S-N + XGBoost, bagged",leave-one-loom-out,4,503,6.9379,0.70032
"S-N + XGBoost, bagged",leave-one-loom-out,4,504,6.0668,0.63832
"S-N + XGBoost, bagged",leave-one-loom-out,4,505,6.1353,0.63283
"S-N + XGBoost, bagged",leave-one-loom-out,4,506,7.4300,0.90919
"S-N + XGBoost, bagged",leave-one-loom-out,4,507,5.4621,0.55813
"S-N + XGBoost, bagged",leave-one-loom-out,4,508,13.1864,0.64753
"S-N + XGBoost, bagged",leave-one-loom-out,4,509,9.2451,0.87942
"S-N + XGBoost, bagged",leave-one-loom-out,4,510,10.1148,0.45331
"S-N + XGBoost, bagged",leave-one-loom-out,4,511,7.6012,0.51477
"S-N + XGBoost, bagged",leave-one-loom-out,4,512,6.3914,0.40319
"S-N + XGBoost, bagged",leave-one-loom-out,4,513,11.1801,0.68721
"S-N + XGBoost, bagged",leave-one-loom-out,4,514,10.2585,0.56212
"S-N + XGBoost, bagged",leave-one-loom-out,4,515,8.4872,0.61098
"S-N + XGBoost, bagged",leave-one-loom-out,4,516,7.1865,0.35665
"S-N + XGBoost, bagged",leave-one-loom-out,4,517,7.7383,0.78353
"S-N + XGBoost, bagged",leave-one-loom-out,4,518,6.9165,0.49190
"S-N + XGBoost, bagged",leave-one-loom-out,4,519,7.7377,0.63364
"S-N + XGBoost, bagged",leave-one-loom-out,4,520,7.4963,0.49924
"S-N + XGBoost, bagged",leave-one-loom-out,4,521,10.4363,0.51943
"S-N + XGBoost, bagged",leave-one-loom-out,4,522,11.4520,0.32892
"S-N + XGBoost, bagged",leave-one-loom-out,4,523,6.4729,0.80414
"S-N + XGBoost, bagged",leave-one-loom-out,4,524,7.5982,1.17405
"S-N + XGBoost, bagged",leave-one-loom-out,4,525,1.6936,0.71048
"S-N + XGBoost, bagged",leave-one-loom-out,4,526,0.4022,1.07307
"S-N + XGBoost, bagged",leave-one-loom-out,4,527,6.7381,1.23086
"S-N + XGBoost, bagged",leave-one-loom-out,4,528,1.3986,0.62946
"S-N + XGBoost, bagged",leave-one-loom-out,4,529,0.9988,0.71666
"S-N + XGBoost, bagged",leave-one-loom-out,4,530,4.4501,0.58004
"S-N + XGBoost, bagged",leave-one-loom-out,4,531,2.0470,0.99040
"S-N + XGBoost, bagged",leave-one-loom-out,4,532,6.8010,0.55112
"S-N + XGBoost, bagged",leave-one-loom-out,4,533,7.4845,0.85267
"S-N + XGBoost, bagged",leave-one-loom-out,4,534,0.8088,0.89660
"S-N + XGBoost, bagged",leave-one-loom-out,4,535,1.8194,0.41254
"S-N + XGBoost, bagged",leave-one-loom-out,4,536,0.9371,0.78821
"S-N + XGBoost, bagged",leave-one-loom-out,4,537,1.5711,0.55553
"S-N + XGBoost, bagged",leave-one-loom-out,4,538,0.5150,0.51474
"S-N + XGBoost, bagged",leave-one-loom-out,4,539,3.6012,0.43982
"S-N + XGBoost, bagged",leave-one-loom-out,4,540,1.4297,0.51345
"S-N + XGBoost, bagged",leave-one-loom-out,4,541,3.8251,0.54741
"S-N + XGBoost, bagged",leave-one-loom-out,4,542,0.8832,0.56950
"S-N + XGBoost, bagged",leave-one-loom-out,4,543,0.7536,0.61571
"S-N + XGBoost, bagged",leave-one-loom-out,4,544,1.3792,0.54515
"S-N + XGBoost, bagged",leave-one-loom-out,4,545,0.9291,0.64119
"S-N + XGBoost, bagged",leave-one-loom-out,4,546,0.7836,0.68135
"S-N + XGBoost, bagged",leave-one-loom-out,4,547,3.4270,0.38591
"S-N + XGBoost, bagged",leave-one-loom-out,4,548,0.6020,0.96818
"S-N + XGBoost, bagged",leave-one-loom-out,4,549,2.0884,1.26464
"S-N + XGBoost, bagged",leave-one-loom-out,4,550,2.6136,0.61587
"S-N + XGBoost, bagged",leave-one-loom-out,4,551,1.3007,0.89966
"S-N + XGBoost, bagged",leave-one-loom-out,4,552,7.9617,0.89833
"S-N + XGBoost, bagged",leave-one-loom-out,4,553,2.1210,0.77458
"S-N + XGBoost, bagged",leave-one-loom-out,4,554,1.6610,0.67902
"S-N + XGBoost, bagged",leave-one-loom-out,4,555,3.0960,0.67802
"S-N + XGBoost, bagged",leave-one-loom-out,4,556,2.5838,0.89067
"S-N + XGBoost, bagged",leave-one-loom-out,4,557,7.2743,0.66683
"S-N + XGBoost, bagged",leave-one-loom-out,4,558,7.5043,0.60176
"S-N + XGBoost, bagged",leave-one-loom-out,4,559,0.1670,0.79365
"S-N + XGBoost, bagged",leave-one-loom-out,4,560,1.4856,0.42358
"S-N + XGBoost, bagged",leave-one-loom-out,4,561,1.5061,0.53240
"S-N + XGBoost, bagged",leave-one-loom-out,4,562,0.8084,0.49270
"S-N + XGBoost, bagged",leave-one-loom-out,4,563,0.2557,0.80903
"S-N + XGBoost, bagged",leave-one-loom-out,4,564,4.9315,0.53862
"S-N + XGBoost, bagged",leave-one-loom-out,4,565,1.9111,0.64065
"S-N + XGBoost, bagged",leave-one-loom-out,4,566,4.5625,0.40381
"S-N + XGBoost, bagged",leave-one-loom-out,4,567,0.8517,0.71496
"S-N + XGBoost, bagged",leave-one-loom-out,4,568,1.8097,0.57339
"S-N + XGBoost, bagged",leave-one-loom-out,4,569,1.9728,0.63840
"S-N + XGBoost, bagged",leave-one-loom-out,4,570,0.8914,0.62861
"S-N + XGBoost, bagged",leave-one-loom-out,4,571,0.1182,0.40313
"S-N + XGBoost, bagged",leave-one-loom-out,4,572,3.7365,0.37348
"S-N + XGBoost, bagged",leave-one-loom-out,4,573,0.6300,0.66697
"S-N + XGBoost, bagged",leave-one-loom-out,4,574,1.3160,1.02585
"S-N + XGBoost, bagged",leave-one-loom-out,4,575,2.2040,0.68881
"S-N + XGBoost, bagged",leave-one-loom-out,4,576,2.2126,1.16568
"S-N + XGBoost, bagged",leave-one-loom-out,4,577,9.2768,0.66761
"S-N + XGBoost, bagged",leave-one-loom-out,4,578,2.0333,0.74784
"S-N + XGBoost, bagged",leave-one-loom-out,4,579,2.2008,0.79597
"S-N + XGBoost, bagged",leave-one-loom-out,4,580,3.4248,0.74807
"S-N + XGBoost, bagged",leave-one-loom-out,4,581,4.1854,0.96289
"S-N + XGBoost, bagged",leave-one-loom-out,4,582,4.0325,0.70524
"S-N + XGBoost, bagged",leave-one-loom-out,4,583,8.6653,0.59641
"S-N + XGBoost, bagged",leave-one-loom-out,4,584,4.9739,0.68009
"S-N + XGBoost, bagged",leave-one-loom-out,4,585,4.4384,0.74210
"S-N + XGBoost, bagged",leave-one-loom-out,4,586,1.6556,0.46895
"S-N + XGBoost, bagged",leave-one-loom-out,4,587,0.9305,0.48919
"S-N + XGBoost, bagged",leave-one-loom-out,4,588,5.0104,0.85723
"S-N + XGBoost, bagged",leave-one-loom-out,4,589,5.7903,0.70494
"S-N + XGBoost, bagged",leave-one-loom-out,4,590,2.9964,0.60645
"S-N + XGBoost, bagged",leave-one-loom-out,4,591,1.9217,0.45882
"S-N + XGBoost, bagged",leave-one-loom-out,4,592,1.9392,0.75274
"S-N + XGBoost, bagged",leave-one-loom-out,4,593,1.7592,0.64910
"S-N + XGBoost, bagged",leave-one-loom-out,4,594,2.9283,0.75363
"S-N + XGBoost, bagged",leave-one-loom-out,4,595,1.4619,0.74109
"S-N + XGBoost, bagged",leave-one-loom-out,4,596,4.5565,0.53527
"S-N + XGBoost, bagged",leave-one-loom-out,4,597,5.7226,0.52390
"S-N + XGBoost, bagged",leave-one-loom-out,4,598,0.5160,0.90845
"S-N + XGBoost, bagged",leave-one-loom-out,4,599,0.9433,0.92894
"S-N + XGBoost, bagged",leave-one-loom-out,4,600,2.5678,1.11063
"S-N + XGBoost, bagged",leave-one-loom-out,4,601,3.6676,1.07351
"S-N + XGBoost, bagged",leave-one-loom-out,4,602,9.3110,0.78767
"S-N + XGBoost, bagged",leave-one-loom-out,4,603,2.0561,1.01202
"S-N + XGBoost, bagged",leave-one-loom-out,4,604,2.0003,1.17006
"S-N + XGBoost, bagged",leave-one-loom-out,4,605,4.2202,0.93589
"S-N + XGBoost, bagged",leave-one-loom-out,4,606,3.1621,1.04015
"S-N + XGBoost, bagged",leave-one-loom-out,4,607,4.1024,0.96955
"S-N + XGBoost, bagged",leave-one-loom-out,4,608,7.9040,0.59287
"S-N + XGBoost, bagged",leave-one-loom-out,4,609,6.5237,0.90330
"S-N + XGBoost, bagged",leave-one-loom-out,4,610,3.3260,1.11168
"S-N + XGBoost, bagged",leave-one-loom-out,4,611,1.0724,0.72749
"S-N + XGBoost, bagged",leave-one-loom-out,4,612,1.6976,0.80788
"S-N + XGBoost, bagged",leave-one-loom-out,4,613,7.5976,1.26311
"S-N + XGBoost, bagged",leave-one-loom-out,4,614,6.4191,0.81262
"S-N + XGBoost, bagged",leave-one-loom-out,4,615,3.5143,0.95667
"S-N + XGBoost, bagged",leave-one-loom-out,4,616,1.5071,0.55598
"S-N + XGBoost, bagged",leave-one-loom-out,4,617,2.1430,0.95482
"S-N + XGBoost, bagged",leave-one-loom-out,4,618,1.3409,1.00150
"S-N + XGBoost, bagged",leave-one-loom-out,4,619,2.9952,1.03282
"S-N + XGBoost, bagged",leave-one-loom-out,4,620,1.7714,1.02946
"S-N + XGBoost, bagged",leave-one-loom-out,4,621,4.5996,0.54210
"S-N + XGBoost, bagged",leave-one-loom-out,4,622,5.2758,0.70668
"S-N + XGBoost, bagged",leave-one-loom-out,4,623,0.3326,0.91994
"S-N + XGBoost, bagged",leave-one-loom-out,4,624,0.2624,0.81584
S-N + GP,leave-one-loom-out,0,0,2.5368,5.11480
S-N + GP,leave-one-loom-out,0,1,2.5304,5.09353
S-N + GP,leave-one-loom-out,0,2,3.7191,5.04684
S-N + GP,leave-one-loom-out,0,3,4.9141,5.03837
S-N + GP,leave-one-loom-out,0,4,5.1557,4.98440
S-N + GP,leave-one-loom-out,0,5,7.0501,4.89369
S-N + GP,leave-one-loom-out,0,6,4.9176,5.01017
S-N + GP,leave-one-loom-out,0,7,6.1799,4.83451
S-N + GP,leave-one-loom-out,0,8,3.8008,4.99520
S-N + GP,leave-one-loom-out,0,9,4.2948,5.07728
S-N + GP,leave-one-loom-out,0,10,7.5907,4.92039
S-N + GP,leave-one-loom-out,0,11,5.6943,5.00691
S-N + GP,leave-one-loom-out,0,12,7.1225,4.89270
S-N + GP,leave-one-loom-out,0,13,6.7106,5.00983
S-N + GP,leave-one-loom-out,0,14,9.3616,4.82014
S-N + GP,leave-one-loom-out,0,15,6.1970,4.83423
S-N + GP,leave-one-loom-out,0,16,6.4141,4.86406
S-N + GP,leave-one-loom-out,0,17,7.6619,4.83466
S-N + GP,leave-one-loom-out,0,18,6.0245,4.95596
S-N + GP,leave-one-loom-out,0,19,8.0006,4.95016
S-N + GP,leave-one-loom-out,0,20,3.9510,4.92026
S-N + GP,leave-one-loom-out,0,21,4.5765,4.89668
S-N + GP,leave-one-loom-out,0,22,5.0028,4.86542
S-N + GP,leave-one-loom-out,0,23,4.2613,4.99855
S-N + GP,leave-one-loom-out,0,24,3.1850,5.05064
S-N + GP,leave-one-loom-out,0,25,3.1416,5.97044
S-N + GP,leave-one-loom-out,0,26,3.0573,5.97044
S-N + GP,leave-one-loom-out,0,27,0.8793,5.97044
S-N + GP,leave-one-loom-out,0,28,3.8507,5.97044
S-N + GP,leave-one-loom-out,0,29,6.1501,5.97044
S-N + GP,leave-one-loom-out,0,30,7.6060,5.97044
S-N + GP,leave-one-loom-out,0,31,14.7888,5.97044
S-N + GP,leave-one-loom-out,0,32,9.0728,5.97044
S-N + GP,leave-one-loom-out,0,33,1.7801,5.97044
S-N + GP,leave-one-loom-out,0,34,5.4980,5.97044
S-N + GP,leave-one-loom-out,0,35,10.9358,5.97044
S-N + GP,leave-one-loom-out,0,36,4.5908,5.97044
S-N + GP,leave-one-loom-out,0,37,6.0769,5.97044
S-N + GP,leave-one-loom-out,0,38,9.1761,5.97044
S-N + GP,leave-one-loom-out,0,39,10.8125,5.97044
S-N + GP,leave-one-loom-out,0,40,8.1770,5.97044
S-N + GP,leave-one-loom-out,0,41,5.6582,5.97044
S-N + GP,leave-one-loom-out,0,42,7.8313,5.97044
S-N + GP,leave-one-loom-out,0,43,4.4943,5.97044
S-N + GP,leave-one-loom-out,0,44,8.0614,5.97044
S-N + GP,leave-one-loom-out,0,45,5.3030,5.97044
S-N + GP,leave-one-loom-out,0,46,5.8572,5.97044
S-N + GP,leave-one-loom-out,0,47,5.8586,5.97044
S-N + GP,leave-one-loom-out,0,48,2.9650,5.97044
S-N + GP,leave-one-loom-out,0,49,1.0407,5.97044
S-N + GP,leave-one-loom-out,0,50,0.7267,5.94343
S-N + GP,leave-one-loom-out,0,51,2.7596,5.94314
S-N + GP,leave-one-loom-out,0,52,1.5270,5.94242
S-N + GP,leave-one-loom-out,0,53,3.7567,5.94244
S-N + GP,leave-one-loom-out,0,54,5.6411,5.94151
S-N + GP,leave-one-loom-out,0,55,6.6109,5.94011
S-N + GP,leave-one-loom-out,0,56,11.2053,5.94213
S-N + GP,leave-one-loom-out,0,57,6.6715,5.93894
S-N + GP,leave-one-loom-out,0,58,1.0837,5.94180
S-N + GP,leave-one-loom-out,0,59,4.4180,5.94298
S-N + GP,leave-one-loom-out,0,60,8.4269,5.94059
S-N + GP,leave-one-loom-out,0,61,2.5951,5.94180
S-N + GP,leave-one-loom-out,0,62,4.8576,5.94046
S-N + GP,leave-one-loom-out,0,63,8.9664,5.94207
S-N + GP,leave-one-loom-out,0,64,7.7812,5.93853
S-N + GP,leave-one-loom-out,0,65,6.7694,5.93874
S-N + GP,leave-one-loom-out,0,66,4.6991,5.93932
S-N + GP,leave-one-loom-out,0,67,6.3764,5.93895
S-N + GP,leave-one-loom-out,0,68,3.5959,5.94077
S-N + GP,leave-one-loom-out,0,69,5.9684,5.94098
S-N + GP,leave-one-loom-out,0,70,6.4478,5.94059
S-N + GP,leave-one-loom-out,0,71,4.8170,5.93995
S-N + GP,leave-one-loom-out,0,72,4.2324,5.93942
S-N + GP,leave-one-loom-out,0,73,2.2479,5.94177
S-N + GP,leave-one-loom-out,0,74,0.7673,5.94255
S-N + GP,leave-one-loom-out,0,75,2.1932,5.77955
S-N + GP,leave-one-loom-out,0,76,3.6965,5.77473
S-N + GP,leave-one-loom-out,0,77,4.2150,5.76399
S-N + GP,leave-one-loom-out,0,78,1.7109,5.76338
S-N + GP,leave-one-loom-out,0,79,1.7693,5.75147
S-N + GP,leave-one-loom-out,0,80,3.4329,5.73386
S-N + GP,leave-one-loom-out,0,81,5.2956,5.75872
S-N + GP,leave-one-loom-out,0,82,3.1105,5.72089
S-N + GP,leave-one-loom-out,0,83,2.3215,5.75432
S-N + GP,leave-one-loom-out,0,84,4.8830,5.77190
S-N + GP,leave-one-loom-out,0,85,4.5992,5.73957
S-N + GP,leave-one-loom-out,0,86,1.0619,5.75575
S-N + GP,leave-one-loom-out,0,87,1.5192,5.73487
S-N + GP,leave-one-loom-out,0,88,5.9250,5.75786
S-N + GP,leave-one-loom-out,0,89,3.9041,5.71718
S-N + GP,leave-one-loom-out,0,90,2.7384,5.72017
S-N + GP,leave-one-loom-out,0,91,1.7996,5.72678
S-N + GP,leave-one-loom-out,0,92,2.3987,5.72062
S-N + GP,leave-one-loom-out,0,93,0.5026,5.74385
S-N + GP,leave-one-loom-out,0,94,3.0563,5.74445
S-N + GP,leave-one-loom-out,0,95,6.3966,5.73874
S-N + GP,leave-one-loom-out,0,96,2.5288,5.73253
S-N + GP,leave-one-loom-out,0,97,1.2321,5.72708
S-N + GP,leave-one-loom-out,0,98,1.8878,5.75454
S-N + GP,leave-one-loom-out,0,99,1.2561,5.76537
S-N + GP,leave-one-loom-out,0,100,2.0136,5.88942
S-N + GP,leave-one-loom-out,0,101,3.8934,5.88651
S-N + GP,leave-one-loom-out,0,102,3.7511,5.88011
S-N + GP,leave-one-loom-out,0,103,2.4487,5.87902
S-N + GP,leave-one-loom-out,0,104,1.7314,5.87169
S-N + GP,leave-one-loom-out,0,105,2.0034,5.85980
S-N + GP,leave-one-loom-out,0,106,4.4431,5.87518
S-N + GP,leave-one-loom-out,0,107,2.2064,5.85228
S-N + GP,leave-one-loom-out,0,108,3.0736,5.87316
S-N + GP,leave-one-loom-out,0,109,5.6605,5.88431
S-N + GP,leave-one-loom-out,0,110,2.7889,5.86328
S-N + GP,leave-one-loom-out,0,111,1.1471,5.87473
S-N + GP,leave-one-loom-out,0,112,0.5283,5.85945
S-N + GP,leave-one-loom-out,0,113,6.9593,5.87516
S-N + GP,leave-one-loom-out,0,114,1.8913,5.85055
S-N + GP,leave-one-loom-out,0,115,1.6467,5.85239
S-N + GP,leave-one-loom-out,0,116,1.4148,5.85614
S-N + GP,leave-one-loom-out,0,117,2.5873,5.85219
S-N + GP,leave-one-loom-out,0,118,1.4777,5.86787
S-N + GP,leave-one-loom-out,0,119,2.1247,5.86710
S-N + GP,leave-one-loom-out,0,120,6.0712,5.86313
S-N + GP,leave-one-loom-out,0,121,2.9398,5.86010
S-N + GP,leave-one-loom-out,0,122,1.2576,5.85623
S-N + GP,leave-one-loom-out,0,123,2.4099,5.87359
S-N + GP,leave-one-loom-out,0,124,1.4653,5.88066
S-N + GP,leave-one-loom-out,1,125,1.6350,6.21081
S-N + GP,leave-one-loom-out,1,126,4.5250,6.21275
S-N + GP,leave-one-loom-out,1,127,2.8652,6.15770
S-N + GP,leave-one-loom-out,1,128,2.7667,6.11208
S-N + GP,leave-one-loom-out,1,129,2.0558,6.10687
S-N + GP,leave-one-loom-out,1,130,1.6740,6.09171
S-N + GP,leave-one-loom-out,1,131,2.1572,6.12329
S-N + GP,leave-one-loom-out,1,132,1.7891,6.08305
S-N + GP,leave-one-loom-out,1,133,1.6044,6.08435
S-N + GP,leave-one-loom-out,1,134,3.9756,6.14552
S-N + GP,leave-one-loom-out,1,135,2.4853,6.07511
S-N + GP,leave-one-loom-out,1,136,2.7505,6.12001
S-N + GP,leave-one-loom-out,1,137,1.6133,6.05553
S-N + GP,leave-one-loom-out,1,138,4.6372,6.11518
S-N + GP,leave-one-loom-out,1,139,1.9218,6.07227
S-N + GP,leave-one-loom-out,1,140,2.2619,6.06589
S-N + GP,leave-one-loom-out,1,141,2.8193,6.05028
S-N + GP,leave-one-loom-out,1,142,2.6726,6.06545
S-N + GP,leave-one-loom-out,1,143,2.3186,6.09260
S-N + GP,leave-one-loom-out,1,144,2.2801,6.06148
S-N + GP,leave-one-loom-out,1,145,6.4249,6.04872
S-N + GP,leave-one-loom-out,1,146,1.9609,6.07252
S-N + GP,leave-one-loom-out,1,147,3.9591,6.05730
S-N + GP,leave-one-loom-out,1,148,5.1354,6.05959
S-N + GP,leave-one-loom-out,1,149,7.1914,6.10755
S-N + GP,leave-one-loom-out,1,150,2.6448,6.39075
S-N + GP,leave-one-loom-out,1,151,10.0311,6.41096
S-N + GP,leave-one-loom-out,1,152,8.0807,6.35604
S-N + GP,leave-one-loom-out,1,153,5.2563,6.29668
S-N + GP,leave-one-loom-out,1,154,5.0931,6.29205
S-N + GP,leave-one-loom-out,1,155,4.8376,6.27788
S-N + GP,leave-one-loom-out,1,156,4.8853,6.30594
S-N + GP,leave-one-loom-out,1,157,4.5987,6.26991
S-N + GP,leave-one-loom-out,1,158,6.1168,6.27200
S-N + GP,leave-one-loom-out,1,159,5.1846,6.33388
S-N + GP,leave-one-loom-out,1,160,4.4722,6.25955
S-N + GP,leave-one-loom-out,1,161,5.3223,6.30784
S-N + GP,leave-one-loom-out,1,162,4.3078,6.23604
S-N + GP,leave-one-loom-out,1,163,4.6759,6.30158
S-N + GP,leave-one-loom-out,1,164,4.0102,6.25831
S-N + GP,leave-one-loom-out,1,165,4.7141,6.25023
S-N + GP,leave-one-loom-out,1,166,5.0855,6.22972
S-N + GP,leave-one-loom-out,1,167,5.7166,6.24978
S-N + GP,leave-one-loom-out,1,168,5.4080,6.27732
S-N + GP,leave-one-loom-out,1,169,4.7999,6.24203
S-N + GP,leave-one-loom-out,1,170,9.3388,6.22868
S-N + GP,leave-one-loom-out,1,171,5.1530,6.25623
S-N + GP,leave-one-loom-out,1,172,4.9295,6.23820
S-N + GP,leave-one-loom-out,1,173,8.1472,6.23832
S-N + GP,leave-one-loom-out,1,174,10.0185,6.29351
S-N + GP,leave-one-loom-out,1,175,1.5708,4.98849
S-N + GP,leave-one-loom-out,1,176,4.1778,4.98223
S-N + GP,leave-one-loom-out,1,177,2.6528,4.84313
S-N + GP,leave-one-loom-out,1,178,2.8788,4.73665
S-N + GP,leave-one-loom-out,1,179,2.4041,4.72328
S-N + GP,leave-one-loom-out,1,180,2.2195,4.68273
S-N + GP,leave-one-loom-out,1,181,2.4584,4.76940
S-N + GP,leave-one-loom-out,1,182,2.2180,4.65913
S-N + GP,leave-one-loom-out,1,183,2.4689,4.66245
S-N + GP,leave-one-loom-out,1,184,2.8014,4.82038
S-N + GP,leave-one-loom-out,1,185,2.9640,4.64068
S-N + GP,leave-one-loom-out,1,186,2.5382,4.75489
S-N + GP,leave-one-loom-out,1,187,2.0698,4.59225
S-N + GP,leave-one-loom-out,1,188,3.6520,4.74313
S-N + GP,leave-one-loom-out,1,189,2.0353,4.63155
S-N + GP,leave-one-loom-out,1,190,2.6700,4.61631
S-N + GP,leave-one-loom-out,1,191,3.2498,4.57918
S-N + GP,leave-one-loom-out,1,192,3.4243,4.61512
S-N + GP,leave-one-loom-out,1,193,2.0714,4.68546
S-N + GP,leave-one-loom-out,1,194,2.6742,4.60811
S-N + GP,leave-one-loom-out,1,195,7.1846,4.57478
S-N + GP,leave-one-loom-out,1,196,2.7910,4.63329
S-N + GP,leave-one-loom-out,1,197,3.7336,4.59598
S-N + GP,leave-one-loom-out,1,198,6.5034,4.60471
S-N + GP,leave-one-loom-out,1,199,6.3373,4.72492
S-N + GP,leave-one-loom-out,1,200,5.8641,6.33345
S-N + GP,leave-one-loom-out,1,201,4.0347,6.32587
S-N + GP,leave-one-loom-out,1,202,4.2890,6.28598
S-N + GP,leave-one-loom-out,1,203,4.5405,6.25984
S-N + GP,leave-one-loom-out,1,204,5.0216,6.25586
S-N + GP,leave-one-loom-out,1,205,6.8973,6.24471
S-N + GP,leave-one-loom-out,1,206,4.8510,6.26906
S-N + GP,leave-one-loom-out,1,207,5.9011,6.23821
S-N + GP,leave-one-loom-out,1,208,4.3098,6.23865
S-N + GP,leave-one-loom-out,1,209,2.8068,6.28191
S-N + GP,leave-one-loom-out,1,210,4.1312,6.23358
S-N + GP,leave-one-loom-out,1,211,4.8696,6.26390
S-N + GP,leave-one-loom-out,1,212,4.7728,6.22162
S-N + GP,leave-one-loom-out,1,213,2.8040,6.26112
S-N + GP,leave-one-loom-out,1,214,6.3414,6.23087
S-N + GP,leave-one-loom-out,1,215,4.6646,6.22712
S-N + GP,leave-one-loom-out,1,216,4.4393,6.21843
S-N + GP,leave-one-loom-out,1,217,6.4067,6.22683
S-N + GP,leave-one-loom-out,1,218,4.7426,6.24590
S-N + GP,leave-one-loom-out,1,219,5.4462,6.22580
S-N + GP,leave-one-loom-out,1,220,2.4594,6.21705
S-N + GP,leave-one-loom-out,1,221,3.5924,6.23212
S-N + GP,leave-one-loom-out,1,222,3.6795,6.22269
S-N + GP,leave-one-loom-out,1,223,6.3932,6.22540
S-N + GP,leave-one-loom-out,1,224,10.0328,6.25599
S-N + GP,leave-one-loom-out,1,225,2.1786,6.50375
S-N + GP,leave-one-loom-out,1,226,2.8840,6.50602
S-N + GP,leave-one-loom-out,1,227,3.4444,6.47322
S-N + GP,leave-one-loom-out,1,228,6.3362,6.44567
S-N + GP,leave-one-loom-out,1,229,8.9162,6.44276
S-N + GP,leave-one-loom-out,1,230,7.6143,6.43403
S-N + GP,leave-one-loom-out,1,231,3.7876,6.45267
S-N + GP,leave-one-loom-out,1,232,5.1338,6.42896
S-N + GP,leave-one-loom-out,1,233,2.2451,6.42969
S-N + GP,leave-one-loom-out,1,234,1.3897,6.46553
S-N + GP,leave-one-loom-out,1,235,2.9311,6.42412
S-N + GP,leave-one-loom-out,1,236,4.7101,6.45044
S-N + GP,leave-one-loom-out,1,237,3.4138,6.41262
S-N + GP,leave-one-loom-out,1,238,2.0124,6.44750
S-N + GP,leave-one-loom-out,1,239,3.8496,6.42259
S-N + GP,leave-one-loom-out,1,240,3.0862,6.41877
S-N + GP,leave-one-loom-out,1,241,2.8462,6.40955
S-N + GP,leave-one-loom-out,1,242,3.6977,6.41854
S-N + GP,leave-one-loom-out,1,243,5.2409,6.43424
S-N + GP,leave-one-loom-out,1,244,2.3398,6.41606
S-N + GP,leave-one-loom-out,1,245,5.3999,6.40866
S-N + GP,leave-one-loom-out,1,246,2.1322,6.42249
S-N + GP,leave-one-loom-out,1,247,2.8209,6.41361
S-N + GP,leave-one-loom-out,1,248,6.2621,6.41496
S-N + GP,leave-one-loom-out,1,249,9.3287,6.44320
S-N + GP,leave-one-loom-out,2,250,2.8378,4.48242
S-N + GP,leave-one-loom-out,2,251,2.9072,4.41436
S-N + GP,leave-one-loom-out,2,252,3.6441,4.22679
S-N + GP,leave-one-loom-out,2,253,1.8702,4.14443
S-N + GP,leave-one-loom-out,2,254,1.1772,4.12136
S-N + GP,leave-one-loom-out,2,255,2.2706,4.04380
S-N + GP,leave-one-loom-out,2,256,1.5072,4.17586
S-N + GP,leave-one-loom-out,2,257,1.3208,4.01085
S-N + GP,leave-one-loom-out,2,258,0.9780,4.00826
S-N + GP,leave-one-loom-out,2,259,0.8847,4.24885
S-N + GP,leave-one-loom-out,2,260,0.7221,4.00980
S-N + GP,leave-one-loom-out,2,261,1.9188,4.17113
S-N + GP,leave-one-loom-out,2,262,0.2719,3.94525
S-N + GP,leave-one-loom-out,2,263,0.7431,4.16405
S-N + GP,leave-one-loom-out,2,264,1.7824,3.98282
S-N + GP,leave-one-loom-out,2,265,1.2039,3.97063
S-N + GP,leave-one-loom-out,2,266,0.9718,3.92316
S-N + GP,leave-one-loom-out,2,267,4.0626,3.96712
S-N + GP,leave-one-loom-out,2,268,2.2420,4.06961
S-N + GP,leave-one-loom-out,2,269,1.0150,3.96171
S-N + GP,leave-one-loom-out,2,270,7.3688,3.91728
S-N + GP,leave-one-loom-out,2,271,1.1341,3.98420
S-N + GP,leave-one-loom-out,2,272,1.7397,3.94157
S-N + GP,leave-one-loom-out,2,273,1.4108,3.96234
S-N + GP,leave-one-loom-out,2,274,4.3032,4.12034
S-N + GP,leave-one-loom-out,2,275,6.4031,5.29314
S-N + GP,leave-one-loom-out,2,276,6.1724,5.22512
S-N + GP,leave-one-loom-out,2,277,6.4073,5.07753
S-N + GP,leave-one-loom-out,2,278,5.8861,5.01476
S-N + GP,leave-one-loom-out,2,279,5.5973,4.99591
S-N + GP,leave-one-loom-out,2,280,5.9697,4.93664
S-N + GP,leave-one-loom-out,2,281,5.8060,5.03749
S-N + GP,leave-one-loom-out,2,282,6.1370,4.91130
S-N + GP,leave-one-loom-out,2,283,7.5459,4.90915
S-N + GP,leave-one-loom-out,2,284,7.7488,5.09547
S-N + GP,leave-one-loom-out,2,285,6.0594,4.90986
S-N + GP,leave-one-loom-out,2,286,5.9681,5.03361
S-N + GP,leave-one-loom-out,2,287,6.8235,4.86156
S-N + GP,leave-one-loom-out,2,288,6.2602,5.02895
S-N + GP,leave-one-loom-out,2,289,7.0250,4.88961
S-N + GP,leave-one-loom-out,2,290,7.7504,4.88028
S-N + GP,leave-one-loom-out,2,291,8.5200,4.84451
S-N + GP,leave-one-loom-out,2,292,6.3437,4.87791
S-N + GP,leave-one-loom-out,2,293,6.3764,4.95680
S-N + GP,leave-one-loom-out,2,294,7.0617,4.87425
S-N + GP,leave-one-loom-out,2,295,1.3718,4.83949
S-N + GP,leave-one-loom-out,2,296,7.6194,4.89199
S-N + GP,leave-one-loom-out,2,297,7.7424,4.85910
S-N + GP,leave-one-loom-out,2,298,7.2287,4.87487
S-N + GP,leave-one-loom-out,2,299,7.3195,4.99450
S-N + GP,leave-one-loom-out,2,300,5.7130,4.76054
S-N + GP,leave-one-loom-out,2,301,5.0038,4.69604
S-N + GP,leave-one-loom-out,2,302,4.8290,4.55724
S-N + GP,leave-one-loom-out,2,303,1.5843,4.50624
S-N + GP,leave-one-loom-out,2,304,0.6038,4.48937
S-N + GP,leave-one-loom-out,2,305,1.9805,4.43318
S-N + GP,leave-one-loom-out,2,306,6.1904,4.53529
S-N + GP,leave-one-loom-out,2,307,2.4603,4.40778
S-N + GP,leave-one-loom-out,2,308,4.1327,4.40684
S-N + GP,leave-one-loom-out,2,309,5.1235,4.58102
S-N + GP,leave-one-loom-out,2,310,6.7907,4.40834
S-N + GP,leave-one-loom-out,2,311,2.4142,4.52317
S-N + GP,leave-one-loom-out,2,312,2.5978,4.36573
S-N + GP,leave-one-loom-out,2,313,8.0647,4.51834
S-N + GP,leave-one-loom-out,2,314,3.4405,4.38766
S-N + GP,leave-one-loom-out,2,315,4.2147,4.38004
S-N + GP,leave-one-loom-out,2,316,4.7123,4.35135
S-N + GP,leave-one-loom-out,2,317,2.8149,4.37790
S-N + GP,leave-one-loom-out,2,318,2.0545,4.45048
S-N + GP,leave-one-loom-out,2,319,3.7923,4.37809
S-N + GP,leave-one-loom-out,2,320,8.9089,4.34668
S-N + GP,leave-one-loom-out,2,321,6.7366,4.38982
S-N + GP,leave-one-loom-out,2,322,6.1356,4.36226
S-N + GP,leave-one-loom-out,2,323,1.7012,4.38106
S-N + GP,leave-one-loom-out,2,324,4.8734,4.48952
S-N + GP,leave-one-loom-out,2,325,1.6827,4.96619
S-N + GP,leave-one-loom-out,2,326,1.4835,4.90460
S-N + GP,leave-one-loom-out,2,327,1.4098,4.77740
S-N + GP,leave-one-loom-out,2,328,0.7960,4.73020
S-N + GP,leave-one-loom-out,2,329,1.0998,4.71427
S-N + GP,leave-one-loom-out,2,330,4.0778,4.66308
S-N + GP,leave-one-loom-out,2,331,1.5348,4.75626
S-N + GP,leave-one-loom-out,2,332,0.5178,4.63997
S-N + GP,leave-one-loom-out,2,333,1.2534,4.63921
S-N + GP,leave-one-loom-out,2,334,0.5315,4.79841
S-N + GP,leave-one-loom-out,2,335,0.6072,4.64050
S-N + GP,leave-one-loom-out,2,336,0.5962,4.74554
S-N + GP,leave-one-loom-out,2,337,1.0452,4.60133
S-N + GP,leave-one-loom-out,2,338,0.4307,4.74107
S-N + GP,leave-one-loom-out,2,339,1.3314,4.62160
S-N + GP,leave-one-loom-out,2,340,0.7398,4.61464
S-N + GP,leave-one-loom-out,2,341,1.5636,4.58806
S-N + GP,leave-one-loom-out,2,342,2.1943,4.61264
S-N + GP,leave-one-loom-out,2,343,2.2386,4.67913
S-N + GP,leave-one-loom-out,2,344,0.2939,4.61284
S-N + GP,leave-one-loom-out,2,345,7.3811,4.58375
S-N + GP,leave-one-loom-out,2,346,0.5951,4.62368
S-N + GP,leave-one-loom-out,2,347,1.2876,4.59829
S-N + GP,leave-one-loom-out,2,348,0.3529,4.61534
S-N + GP,leave-one-loom-out,2,349,2.5314,4.71480
S-N + GP,leave-one-loom-out,2,350,6.1222,4.08827
S-N + GP,leave-one-loom-out,2,351,4.8984,4.02946
S-N + GP,leave-one-loom-out,2,352,3.9617,3.90756
S-N + GP,leave-one-loom-out,2,353,2.0385,3.87550
S-N + GP,leave-one-loom-out,2,354,2.5261,3.86172
S-N + GP,leave-one-loom-out,2,355,2.7430,3.81084
S-N + GP,leave-one-loom-out,2,356,2.7941,3.91354
S-N + GP,leave-one-loom-out,2,357,2.2604,3.78564
S-N + GP,leave-one-loom-out,2,358,3.9307,3.78712
S-N + GP,leave-one-loom-out,2,359,2.4001,3.93950
S-N + GP,leave-one-loom-out,2,360,2.1075,3.79012
S-N + GP,leave-one-loom-out,2,361,3.4133,3.88953
S-N + GP,leave-one-loom-out,2,362,2.5431,3.75624
S-N + GP,leave-one-loom-out,2,363,2.3058,3.88384
S-N + GP,leave-one-loom-out,2,364,3.1492,3.76853
S-N + GP,leave-one-loom-out,2,365,2.1914,3.76393
S-N + GP,leave-one-loom-out,2,366,3.4544,3.74600
S-N + GP,leave-one-loom-out,2,367,3.0953,3.76198
S-N + GP,leave-one-loom-out,2,368,3.0541,3.82405
S-N + GP,leave-one-loom-out,2,369,2.8547,3.76822
S-N + GP,leave-one-loom-out,2,370,4.0717,3.74205
S-N + GP,leave-one-loom-out,2,371,2.6432,3.77030
S-N + GP,leave-one-loom-out,2,372,3.1713,3.75119
S-N + GP,leave-one-loom-out,2,373,3.7149,3.77449
S-N + GP,leave-one-loom-out,2,374,5.1843,3.86499
S-N + GP,leave-one-loom-out,3,375,5.5286,3.94326
S-N + GP,leave-one-loom-out,3,376,4.7412,3.89412
S-N + GP,leave-one-loom-out,3,377,4.6578,3.76879
S-N + GP,leave-one-loom-out,3,378,4.4290,3.71905
S-N + GP,leave-one-loom-out,3,379,1.9735,3.71029
S-N + GP,leave-one-loom-out,3,380,1.7737,3.65458
S-N + GP,leave-one-loom-out,3,381,3.0807,3.75869
S-N + GP,leave-one-loom-out,3,382,2.6208,3.62406
S-N + GP,leave-one-loom-out,3,383,3.3102,3.63200
S-N + GP,leave-one-loom-out,3,384,2.8262,3.79800
S-N + GP,leave-one-loom-out,3,385,1.5504,3.62317
S-N + GP,leave-one-loom-out,3,386,1.7530,3.73770
S-N + GP,leave-one-loom-out,3,387,0.9940,3.58843
S-N + GP,leave-one-loom-out,3,388,2.1786,3.73444
S-N + GP,leave-one-loom-out,3,389,0.9420,3.60069
S-N + GP,leave-one-loom-out,3,390,1.5755,3.59388
S-N + GP,leave-one-loom-out,3,391,1.3585,3.57889
S-N + GP,leave-one-loom-out,3,392,3.3789,3.59181
S-N + GP,leave-one-loom-out,3,393,0.9183,3.66467
S-N + GP,leave-one-loom-out,3,394,2.1327,3.60012
S-N + GP,leave-one-loom-out,3,395,8.6402,3.57464
S-N + GP,leave-one-loom-out,3,396,1.9999,3.61039
S-N + GP,leave-one-loom-out,3,397,1.3627,3.58558
S-N + GP,leave-one-loom-out,3,398,4.8576,3.60880
S-N + GP,leave-one-loom-out,3,399,6.1474,3.70543
S-N + GP,leave-one-loom-out,3,400,4.5783,3.88748
S-N + GP,leave-one-loom-out,3,401,4.4295,3.84481
S-N + GP,leave-one-loom-out,3,402,4.0390,3.73481
S-N + GP,leave-one-loom-out,3,403,2.2380,3.69388
S-N + GP,leave-one-loom-out,3,404,2.7905,3.68636
S-N + GP,leave-one-loom-out,3,405,3.4496,3.63647
S-N + GP,leave-one-loom-out,3,406,4.4716,3.73197
S-N + GP,leave-one-loom-out,3,407,3.9006,3.60867
S-N + GP,leave-one-loom-out,3,408,3.7350,3.61670
S-N + GP,leave-one-loom-out,3,409,3.6143,3.76296
S-N + GP,leave-one-loom-out,3,410,4.6006,3.60973
S-N + GP,leave-one-loom-out,3,411,2.5205,3.71069
S-N + GP,leave-one-loom-out,3,412,3.6132,3.57942
S-N + GP,leave-one-loom-out,3,413,3.7882,3.70696
S-N + GP,leave-one-loom-out,3,414,3.9147,3.58839
S-N + GP,leave-one-loom-out,3,415,4.1811,3.58317
S-N + GP,leave-one-loom-out,3,416,5.0422,3.57110
S-N + GP,leave-one-loom-out,3,417,4.2225,3.58110
S-N + GP,leave-one-loom-out,3,418,3.3102,3.64517
S-N + GP,leave-one-loom-out,3,419,5.1634,3.59022
S-N + GP,leave-one-loom-out,3,420,4.4391,3.56763
S-N + GP,leave-one-loom-out,3,421,5.0147,3.59663
S-N + GP,leave-one-loom-out,3,422,5.0371,3.57603
S-N + GP,leave-one-loom-out,3,423,1.7590,3.59843
S-N + GP,leave-one-loom-out,3,424,1.4036,3.68378
S-N + GP,leave-one-loom-out,3,425,6.1009,3.93192
S-N + GP,leave-one-loom-out,3,426,7.7221,3.89434
S-N + GP,leave-one-loom-out,3,427,7.2873,3.78156
S-N + GP,leave-one-loom-out,3,428,5.9995,3.73488
S-N + GP,leave-one-loom-out,3,429,3.8111,3.72673
S-N + GP,leave-one-loom-out,3,430,3.4362,3.67490
S-N + GP,leave-one-loom-out,3,431,4.2910,3.77064
S-N + GP,leave-one-loom-out,3,432,3.1280,3.64684
S-N + GP,leave-one-loom-out,3,433,6.6816,3.65528
S-N + GP,leave-one-loom-out,3,434,4.9317,3.80698
S-N + GP,leave-one-loom-out,3,435,3.5487,3.64727
S-N + GP,leave-one-loom-out,3,436,4.5455,3.75325
S-N + GP,leave-one-loom-out,3,437,3.5361,3.61371
S-N + GP,leave-one-loom-out,3,438,4.8254,3.74905
S-N + GP,leave-one-loom-out,3,439,3.3188,3.62573
S-N + GP,leave-one-loom-out,3,440,3.8121,3.61970
S-N + GP,leave-one-loom-out,3,441,4.0949,3.60446
S-N + GP,leave-one-loom-out,3,442,6.2566,3.61734
S-N + GP,leave-one-loom-out,3,443,3.5859,3.68512
S-N + GP,leave-one-loom-out,3,444,3.2073,3.62515
S-N + GP,leave-one-loom-out,3,445,9.4255,3.60116
S-N + GP,leave-one-loom-out,3,446,4.6872,3.63429
S-N + GP,leave-one-loom-out,3,447,2.9030,3.61098
S-N + GP,leave-one-loom-out,3,448,6.5050,3.63201
S-N + GP,leave-one-loom-out,3,449,7.7145,3.72361
S-N + GP,leave-one-loom-out,3,450,2.9960,4.38476
S-N + GP,leave-one-loom-out,3,451,5.4807,4.34947
S-N + GP,leave-one-loom-out,3,452,5.2379,4.22796
S-N + GP,leave-one-loom-out,3,453,1.1562,4.17127
S-N + GP,leave-one-loom-out,3,454,2.0482,4.16233
S-N + GP,leave-one-loom-out,3,455,2.5669,4.10774
S-N + GP,leave-one-loom-out,3,456,3.7220,4.20362
S-N + GP,leave-one-loom-out,3,457,3.4497,4.07956
S-N + GP,leave-one-loom-out,3,458,5.7762,4.08721
S-N + GP,leave-one-loom-out,3,459,5.8223,4.24980
S-N + GP,leave-one-loom-out,3,460,3.7628,4.07718
S-N + GP,leave-one-loom-out,3,461,3.6575,4.19163
S-N + GP,leave-one-loom-out,3,462,4.3369,4.03962
S-N + GP,leave-one-loom-out,3,463,9.9204,4.18774
S-N + GP,leave-one-loom-out,3,464,4.2945,4.05664
S-N + GP,leave-one-loom-out,3,465,4.9311,4.04881
S-N + GP,leave-one-loom-out,3,466,5.8973,4.02954
S-N + GP,leave-one-loom-out,3,467,5.2589,4.04643
S-N + GP,leave-one-loom-out,3,468,4.0798,4.11970
S-N + GP,leave-one-loom-out,3,469,4.5934,4.05097
S-N + GP,leave-one-loom-out,3,470,2.5189,4.02588
S-N + GP,leave-one-loom-out,3,471,7.0820,4.06593
S-N + GP,leave-one-loom-out,3,472,4.5911,4.03838
S-N + GP,leave-one-loom-out,3,473,3.6409,4.05667
S-N + GP,leave-one-loom-out,3,474,2.9679,4.15623
S-N + GP,leave-one-loom-out,3,475,2.9068,4.46016
S-N + GP,leave-one-loom-out,3,476,4.2169,4.43031
S-N + GP,leave-one-loom-out,3,477,4.8504,4.33109
S-N + GP,leave-one-loom-out,3,478,3.7437,4.28658
S-N + GP,leave-one-loom-out,3,479,2.4991,4.27929
S-N + GP,leave-one-loom-out,3,480,1.7995,4.23445
S-N + GP,leave-one-loom-out,3,481,2.9357,4.31454
S-N + GP,leave-one-loom-out,3,482,2.4700,4.21093
S-N + GP,leave-one-loom-out,3,483,2.5757,4.21774
S-N + GP,leave-one-loom-out,3,484,1.7445,4.35041
S-N + GP,leave-one-loom-out,3,485,1.9650,4.20998
S-N + GP,leave-one-loom-out,3,486,2.5880,4.30300
S-N + GP,leave-one-loom-out,3,487,1.6510,4.17976
S-N + GP,leave-one-loom-out,3,488,1.2991,4.29963
S-N + GP,leave-one-loom-out,3,489,1.9540,4.19242
S-N + GP,leave-one-loom-out,3,490,2.3844,4.18648
S-N + GP,leave-one-loom-out,3,491,1.5721,4.17149
S-N + GP,leave-one-loom-out,3,492,1.5062,4.18447
S-N + GP,leave-one-loom-out,3,493,2.2511,4.24396
S-N + GP,leave-one-loom-out,3,494,2.7800,4.18945
S-N + GP,leave-one-loom-out,3,495,8.4645,4.16864
S-N + GP,leave-one-loom-out,3,496,0.9642,4.19997
S-N + GP,leave-one-loom-out,3,497,1.3836,4.17823
S-N + GP,leave-one-loom-out,3,498,3.6157,4.19433
S-N + GP,leave-one-loom-out,3,499,4.8009,4.27532
S-N + GP,leave-one-loom-out,4,500,8.7705,2.17182
S-N + GP,leave-one-loom-out,4,501,9.2929,2.16715
S-N + GP,leave-one-loom-out,4,502,12.5024,2.14939
S-N + GP,leave-one-loom-out,4,503,5.7051,2.15152
S-N + GP,leave-one-loom-out,4,504,5.8550,2.12848
S-N + GP,leave-one-loom-out,4,505,6.5724,2.08009
S-N + GP,leave-one-loom-out,4,506,9.1134,2.13971
S-N + GP,leave-one-loom-out,4,507,6.8333,2.00621
S-N + GP,leave-one-loom-out,4,508,11.6445,2.13146
S-N + GP,leave-one-loom-out,4,509,10.4135,2.16217
S-N + GP,leave-one-loom-out,4,510,10.5265,2.09741
S-N + GP,leave-one-loom-out,4,511,7.5725,2.13539
S-N + GP,leave-one-loom-out,4,512,6.4764,2.10072
S-N + GP,leave-one-loom-out,4,513,13.7949,2.15054
S-N + GP,leave-one-loom-out,4,514,10.3935,1.96410
S-N + GP,leave-one-loom-out,4,515,9.6672,1.99631
S-N + GP,leave-one-loom-out,4,516,6.8564,2.05499
S-N + GP,leave-one-loom-out,4,517,8.6135,2.01179
S-N + GP,leave-one-loom-out,4,518,6.8218,2.10515
S-N + GP,leave-one-loom-out,4,519,9.1501,2.11857
S-N + GP,leave-one-loom-out,4,520,6.6403,2.11017
S-N + GP,leave-one-loom-out,4,521,11.5529,2.09049
S-N + GP,leave-one-loom-out,4,522,12.5435,2.03195
S-N + GP,leave-one-loom-out,4,523,6.1637,2.14299
S-N + GP,leave-one-loom-out,4,524,5.8368,2.15179
S-N + GP,leave-one-loom-out,4,525,1.6995,3.16010
S-N + GP,leave-one-loom-out,4,526,0.9798,3.14683
S-N + GP,leave-one-loom-out,4,527,7.8604,3.09933
S-N + GP,leave-one-loom-out,4,528,2.1197,3.10364
S-N + GP,leave-one-loom-out,4,529,1.3260,3.05415
S-N + GP,leave-one-loom-out,4,530,5.3514,2.96498
S-N + GP,leave-one-loom-out,4,531,1.8863,3.07093
S-N + GP,leave-one-loom-out,4,532,7.0056,2.85820
S-N + GP,leave-one-loom-out,4,533,7.2138,3.05415
S-N + GP,leave-one-loom-out,4,534,0.5763,3.13225
S-N + GP,leave-one-loom-out,4,535,1.6280,2.99967
S-N + GP,leave-one-loom-out,4,536,1.2019,3.06832
S-N + GP,leave-one-loom-out,4,537,1.0646,2.98180
S-N + GP,leave-one-loom-out,4,538,0.7911,3.10128
S-N + GP,leave-one-loom-out,4,539,3.4207,2.82245
S-N + GP,leave-one-loom-out,4,540,1.3388,2.85795
S-N + GP,leave-one-loom-out,4,541,5.0810,2.93112
S-N + GP,leave-one-loom-out,4,542,1.5150,2.85867
S-N + GP,leave-one-loom-out,4,543,0.7871,3.00885
S-N + GP,leave-one-loom-out,4,544,1.0710,3.02435
S-N + GP,leave-one-loom-out,4,545,0.5053,3.01161
S-N + GP,leave-one-loom-out,4,546,0.5743,2.97215
S-N + GP,leave-one-loom-out,4,547,2.8574,2.90198
S-N + GP,leave-one-loom-out,4,548,0.8362,3.08017
S-N + GP,leave-one-loom-out,4,549,1.1512,3.10436
S-N + GP,leave-one-loom-out,4,550,2.0318,2.20259
S-N + GP,leave-one-loom-out,4,551,1.4370,2.19629
S-N + GP,leave-one-loom-out,4,552,8.8390,2.17249
S-N + GP,leave-one-loom-out,4,553,2.5943,2.17519
S-N + GP,leave-one-loom-out,4,554,1.7099,2.14547
S-N + GP,leave-one-loom-out,4,555,3.1592,2.08556
S-N + GP,leave-one-loom-out,4,556,1.7419,2.15912
S-N + GP,leave-one-loom-out,4,557,6.8307,1.99766
S-N + GP,leave-one-loom-out,4,558,6.7841,2.14857
S-N + GP,leave-one-loom-out,4,559,1.2891,2.18950
S-N + GP,leave-one-loom-out,4,560,1.1090,2.10747
S-N + GP,leave-one-loom-out,4,561,1.2839,2.15428
S-N + GP,leave-one-loom-out,4,562,0.6864,2.10839
S-N + GP,leave-one-loom-out,4,563,0.4621,2.17388
S-N + GP,leave-one-loom-out,4,564,4.7122,1.95237
S-N + GP,leave-one-loom-out,4,565,1.3386,1.98777
S-N + GP,leave-one-loom-out,4,566,5.2147,2.05576
S-N + GP,leave-one-loom-out,4,567,1.6674,2.00287
S-N + GP,leave-one-loom-out,4,568,1.5664,2.11568
S-N + GP,leave-one-loom-out,4,569,1.3486,2.13165
S-N + GP,leave-one-loom-out,4,570,1.1337,2.12149
S-N + GP,leave-one-loom-out,4,571,0.6099,2.09651
S-N + GP,leave-one-loom-out,4,572,4.1408,2.02896
S-N + GP,leave-one-loom-out,4,573,0.4271,2.16364
S-N + GP,leave-one-loom-out,4,574,2.0484,2.17558
S-N + GP,leave-one-loom-out,4,575,1.2730,2.20401
S-N + GP,leave-one-loom-out,4,576,2.0269,2.19999
S-N + GP,leave-one-loom-out,4,577,8.2170,2.18428
S-N + GP,leave-one-loom-out,4,578,3.5036,2.18630
S-N + GP,leave-one-loom-out,4,579,2.9645,2.16536
S-N + GP,leave-one-loom-out,4,580,4.4327,2.12282
S-N + GP,leave-one-loom-out,4,581,3.3298,2.17587
S-N + GP,leave-one-loom-out,4,582,3.8507,2.05774
S-N + GP,leave-one-loom-out,4,583,9.8799,2.16817
S-N + GP,leave-one-loom-out,4,584,4.9165,2.19571
S-N + GP,leave-one-loom-out,4,585,4.7875,2.13820
S-N + GP,leave-one-loom-out,4,586,2.9229,2.17158
S-N + GP,leave-one-loom-out,4,587,1.6392,2.14100
S-N + GP,leave-one-loom-out,4,588,4.6027,2.18543
S-N + GP,leave-one-loom-out,4,589,6.0048,2.02140
S-N + GP,leave-one-loom-out,4,590,3.6653,2.04917
S-N + GP,leave-one-loom-out,4,591,2.8542,2.10046
S-N + GP,leave-one-loom-out,4,592,2.7694,2.06266
S-N + GP,leave-one-loom-out,4,593,2.8641,2.14369
S-N + GP,leave-one-loom-out,4,594,4.3081,2.15653
S-N + GP,leave-one-loom-out,4,595,1.6058,2.14895
S-N + GP,leave-one-loom-out,4,596,3.9799,2.13133
S-N + GP,leave-one-loom-out,4,597,5.8943,2.08048
S-N + GP,leave-one-loom-out,4,598,1.9967,2.17875
S-N + GP,leave-one-loom-out,4,599,2.4834,2.18652
S-N + GP,leave-one-loom-out,4,600,2.8504,2.85678
S-N + GP,leave-one-loom-out,4,601,4.3720,2.85316
S-N + GP,leave-one-loom-out,4,602,10.2480,2.83905
S-N + GP,leave-one-loom-out,4,603,1.5046,2.84087
S-N + GP,leave-one-loom-out,4,604,1.6367,2.82197
S-N + GP,leave-one-loom-out,4,605,3.7468,2.78375
S-N + GP,leave-one-loom-out,4,606,2.3359,2.83153
S-N + GP,leave-one-loom-out,4,607,3.6081,2.72623
S-N + GP,leave-one-loom-out,4,608,6.6437,2.82457
S-N + GP,leave-one-loom-out,4,609,7.1281,2.84932
S-N + GP,leave-one-loom-out,4,610,2.3890,2.79751
S-N + GP,leave-one-loom-out,4,611,1.3402,2.82757
S-N + GP,leave-one-loom-out,4,612,1.0203,2.80022
S-N + GP,leave-one-loom-out,4,613,7.6467,2.84008
S-N + GP,leave-one-loom-out,4,614,5.9890,2.69635
S-N + GP,leave-one-loom-out,4,615,3.7369,2.71856
S-N + GP,leave-one-loom-out,4,616,1.0827,2.76360
S-N + GP,leave-one-loom-out,4,617,2.1202,2.72987
S-N + GP,leave-one-loom-out,4,618,1.2274,2.80240
S-N + GP,leave-one-loom-out,4,619,3.3282,2.81412
S-N + GP,leave-one-loom-out,4,620,1.7881,2.80724
S-N + GP,leave-one-loom-out,4,621,4.7922,2.79142
S-N + GP,leave-one-loom-out,4,622,5.5633,2.74570
S-N + GP,leave-one-loom-out,4,623,1.3651,2.83410
S-N + GP,leave-one-loom-out,4,624,1.4738,2.84107
